"app_package_name","app_name","app_type","app_store_name","request_count","is_verified","source_system","etl_time"
"4com.baidu.map","4百度地图",,,"1","0","ADX","16/4/2026 05:18:41"
"5com.baidu.map","5百度地图",,,"1","0","ADX","16/4/2026 05:18:44"
"6586896com.baidu.map.6","65765百度地图 6",,,"1","0","ADX","16/4/2026 05:18:52"
"air.tv.douyu.android","air.tv.douyu.android",,,"64","0","ADX","16/4/2026 05:19:56"
"android.zhibo8","直播吧",,,"7","0","ADX","16/4/2026 05:18:49"
"anx.chuand.on","anx.chuand.on",,,"1","0","ADX","16/4/2026 05:19:56"
"app.duoliao","多料",,,"1","0","ADX","16/4/2026 05:19:40"
"app.jiadadang.ios","驾搭档",,,"1","0","ADX","16/4/2026 05:19:25"
"app.qiuqian.mnkj","秋千社区",,,"5","0","ADX","16/4/2026 05:18:42"
"buybal.nxys.cn","SDK聚合-iOS",,,"458","0","ADX","16/4/2026 05:18:46"
"can.yjgood.idesktop","can.yjgood.idesktop",,,"52","0","ADX","16/4/2026 05:19:43"
"cc.dofun.dofuntravel","兜风",,,"37","0","ADX","16/4/2026 05:18:46"
"cc.qcomic.lighterclan","1号LT",,,"17","0","ADX","16/4/2026 05:19:53"
"cc.qcomic.lighterclan","IOS",,,"1","0","ADX","16/4/2026 05:18:52"
"cc.qcomic.lighterclan","漂流瓶",,,"2","0","ADX","16/4/2026 05:18:44"
"cm.calculatorapp.com","计算器 - 无广告更流畅",,,"7","0","ADX","16/4/2026 05:18:52"
"cn.12306.rails12306","12306",,,"6","0","ADX","16/4/2026 05:19:49"
"cn.bevol.p","美丽修行-安卓",,,"150","0","ADX","16/4/2026 05:18:46"
"cn.bibledbs","读圣经",,,"2248","0","ADX","16/4/2026 05:19:53"
"cn.cangshuwaimai.user","仓鼠外卖",,,"13","0","ADX","16/4/2026 05:19:49"
"cn.colorv.lite","彩视极速版",,,"13","0","ADX","16/4/2026 05:19:49"
"cn.com.anlaiye","cn.com.anlaiye",,,"1","0","ADX","16/4/2026 05:18:32"
"cn.com.drivedu","SDK聚合-iOS",,,"1077","0","ADX","16/4/2026 05:18:46"
"cn.com.drivedu","车学堂",,,"3","0","ADX","16/4/2026 05:19:53"
"cn.com.trafficguide.hyggpt","车旺大卡-货车定位导航手机管车","出行/导航",,"15","0","ADX","16/4/2026 05:18:52"
"cn.com.yunma.yischool.app.2","易校园 2",,,"3","0","ADX","16/4/2026 05:19:19"
"cn.com.yunma.yischool.app.2","易校园IOS",,,"1","0","ADX","16/4/2026 05:18:48"
"cn.dachuangnn.happydrama","剧开心-安卓",,,"1","0","ADX","16/4/2026 05:18:41"
"cn.dcfuture.rainbow","",,,"4","0","ADX","16/4/2026 05:19:32"
"cn.djznkj.www","整个水",,,"2","0","ADX","16/4/2026 05:18:52"
"cn.duoyinhui","多饮商城饮水机取水系统",,,"1","0","ADX","16/4/2026 05:19:25"
"cn.fanlipai.android.app","cn.fanlipai.android.app",,,"1","0","ADX","16/4/2026 05:19:56"
"cn.fanlipai.android.app","返利派",,,"67","0","ADX","16/4/2026 05:19:53"
"cn.jagat.main2","cn.jagat.main2",,,"1","0","ADX","16/4/2026 05:19:11"
"cn.kaoshi100.kaoshi100","cn.kaoshi100.kaoshi100",,,"1","0","ADX","16/4/2026 05:19:47"
"cn.lbwdhysj.gf.ios","启明",,,"15","0","ADX","16/4/2026 05:18:52"
"cn.link.merge.puzzle.onnect.number","cn.link.merge.puzzle.onnect.number","游戏-休闲益智",,"6","0","ADX","16/4/2026 05:19:28"
"cn.lrapps.hidecall","隐号电话",,,"5","0","ADX","16/4/2026 05:19:38"
"cn.mingyuze.like","力刻运动",,,"5","0","ADX","16/4/2026 05:19:00"
"cn.mzbbx.xbbzm","洋洋成语",,,"2","0","ADX","16/4/2026 05:18:44"
"cn.neoclub.uki","SDK聚合-iOS","聊天社交",,"176","0","ADX","16/4/2026 05:18:46"
"cn.neoclub.uki","uki-ios","聊天社交",,"2","0","ADX","16/4/2026 05:18:52"
"cn.neoclub.uki","交易猫","聊天社交",,"17","0","ADX","16/4/2026 05:19:32"
"cn.ocdw.app.oczhilian","cn.ocdw.app.oczhilian",,,"12","0","ADX","16/4/2026 05:19:49"
"cn.qhzsc2025.app","趣好赚",,,"7","0","ADX","16/4/2026 05:18:49"
"cn.shzdx.xdzhs","洋洋成语",,,"20","0","ADX","16/4/2026 05:18:46"
"cn.supers.netcall","卫星电话",,,"1","0","ADX","16/4/2026 05:19:25"
"cn.xiaochuankeji.tieba","zuiyou","影音视听",,"1","0","ADX","16/4/2026 05:18:41"
"cn.xiaochuankeji.tieba","最右","影音视听",,"24","0","ADX","16/4/2026 05:18:46"
"cn.xiaochuankeji.tieba","最右-iOS","影音视听",,"2048","0","ADX","16/4/2026 05:18:49"
"cn.xiaochuankeji.tieba","最右_android","影音视听",,"2","0","ADX","16/4/2026 05:18:46"
"cn.xiaochuankeji.zuiyoulite","皮皮搞笑-debug",,,"4","0","ADX","16/4/2026 05:19:19"
"cn.xiaoxie.spptool","蓝牙串口调试助手",,,"2","0","ADX","16/4/2026 05:19:14"
"cn.xuehuayu.player","KKPlayer",,,"4","0","ADX","16/4/2026 05:19:22"
"cn.xuehuayu.player","空壳",,,"4","0","ADX","16/4/2026 05:18:56"
"cn.zfs.mqttdebugging","MQTT调试器",,,"1","0","ADX","16/4/2026 05:19:11"
"cn.zjbbx.xbbjz","洋洋成语",,,"2","0","ADX","16/4/2026 05:18:41"
"co.appmerge.identifier","co.appmerge.identifier",,,"2272","0","ADX","16/4/2026 05:19:22"
"co.daily.focustraveller","专注旅人",,,"2","0","ADX","16/4/2026 05:18:59"
"com.1010jiajiao.----","SDK聚合-iOS",,,"30","0","ADX","16/4/2026 05:18:46"
"com.2345.kingweather","2345天气预报",,,"3","0","ADX","16/4/2026 05:18:46"
"com.2345.kingweather","com.2345.kingweather",,,"10","0","ADX","16/4/2026 05:18:52"
"com.5e.5eplay","5EPlay-iOS",,,"43","0","ADX","16/4/2026 05:18:52"
"com.a17zuoye.mobile.homework","一起作业_Android","学习教育",,"53441","0","ADX","16/4/2026 05:18:49"
"com.a17zuoye.mobile.homework","一起作业学生端","学习教育",,"1","0","ADX","16/4/2026 05:18:41"
"com.abcd.qmddx","com.abcd.qmddx",,,"120","0","ADX","16/4/2026 05:19:40"
"com.ac.lcpets","宠好伴","宠物|爱心救助",,"4","0","ADX","16/4/2026 05:19:38"
"com.acalarmclock.ios","com.ACAlarmClock.ios",,,"8","0","ADX","16/4/2026 05:19:19"
"com.acbk.hqp","com.acbk.hqp",,,"1","0","ADX","16/4/2026 05:18:41"
"com.adb.useroperation","爱玛出行",,,"3","0","ADX","16/4/2026 05:18:56"
"com.ads.lyb","乐运宝",,,"3","0","ADX","16/4/2026 05:18:46"
"com.agtk.ehjb","com.agtk.ehjb",,,"3","0","ADX","16/4/2026 05:19:56"
"com.ahaworldcn.ahaworld","com.ahaworldcn.ahaworld",,,"4","0","ADX","16/4/2026 05:19:08"
"com.ai.enterprise.marki","com.ai.enterprise.marki",,,"4","0","ADX","16/4/2026 05:19:28"
"com.ai.enterprise.marki","马克水印相机",,,"14","0","ADX","16/4/2026 05:19:43"
"com.ai.hanyufanyi","com.ai.hanyufanyi",,,"11","0","ADX","16/4/2026 05:19:43"
"com.ai.hanyufanyi","韩语翻译官",,,"212","0","ADX","16/4/2026 05:18:42"
"com.ai.markj","马克水印相机",,,"1","0","ADX","16/4/2026 05:18:39"
"com.aimamasc.immall","i妈妈",,,"7","0","ADX","16/4/2026 05:19:32"
"com.aladu.juchang","SDK聚合-iOS","影音娱乐/短剧",,"10321","0","ADX","16/4/2026 05:18:46"
"com.aladu.juchang","韩小圈","影音娱乐/短剧",,"2","0","ADX","16/4/2026 05:19:00"
"com.alcidae.video","IOS",,,"1","0","ADX","16/4/2026 05:18:52"
"com.alcidae.video","海雀iOS",,,"64","0","ADX","16/4/2026 05:18:52"
"com.aligames.lxqw","旅行青蛙",,,"2","0","ADX","16/4/2026 05:19:30"
"com.alkashier.saveinggols","com.alkashier.saveinggols",,,"39","0","ADX","16/4/2026 05:18:49"
"com.am.super.clock","com.am.super.clock","工具",,"1","0","ADX","16/4/2026 05:19:20"
"com.ancda.app.parents.debug","Parents",,,"8","0","ADX","16/4/2026 05:18:46"
"com.ancda.app.parents.debug","掌心智校",,,"30","0","ADX","16/4/2026 05:19:32"
"com.ancda.app.parents.debug","掌心智校_android",,,"6","0","ADX","16/4/2026 05:18:48"
"com.ancda.app.parents.debug","掌心智校内测",,,"2","0","ADX","16/4/2026 05:18:40"
"com.ancda.palmbabyparentts.debug","ParentsBaby",,,"5","0","ADX","16/4/2026 05:18:42"
"com.ancda.palmbabyparentts.debug","com.ancda.PalmbabyParentts.debug",,,"4","0","ADX","16/4/2026 05:19:36"
"com.ancda.palmbabyparentts.debug","掌心宝贝",,,"6","0","ADX","16/4/2026 05:19:32"
"com.ancda.palmbabyparentts.debug","掌心宝贝_iOS",,,"1","0","ADX","16/4/2026 05:18:52"
"com.ancient.character.sect","com.ancient.character.sect",,,"8","0","ADX","16/4/2026 05:19:40"
"com.ancient.character.sect","三国人生",,,"1","0","ADX","16/4/2026 05:18:44"
"com.antybt","安卓",,,"1","0","ADX","16/4/2026 05:18:52"
"com.antybt","游吧通 1",,,"6","0","ADX","16/4/2026 05:19:38"
"com.antybt","游吧通 2",,,"4","0","ADX","16/4/2026 05:19:43"
"com.antybt","游吧通 3",,,"4","0","ADX","16/4/2026 05:19:19"
"com.antybt","游吧通 4",,,"1","0","ADX","16/4/2026 05:19:56"
"com.aoyou.zhuil","com.aoyou.zhuil",,,"24539","0","ADX","16/4/2026 05:19:49"
"com.app.dowahat","com.app.dowahat",,,"65","0","ADX","16/4/2026 05:18:40"
"com.app.dowahat","时刻小记",,,"18","0","ADX","16/4/2026 05:19:19"
"com.app.fengyifree","com.app.fengyiFree","短视频",,"36","0","ADX","16/4/2026 05:18:46"
"com.app.shengwen","启明",,,"1","0","ADX","16/4/2026 05:18:48"
"com.argus.smarthome","com.argus.smarthome",,,"2","0","ADX","16/4/2026 05:19:32"
"com.asw.racer","AdCashDemo",,,"1","0","ADX","16/4/2026 05:18:32"
"com.atjws.klxjk","短剧线",,,"2","0","ADX","16/4/2026 05:18:46"
"com.atjws.klxjm","短剧线",,,"13","0","ADX","16/4/2026 05:18:46"
"com.atonmuios11235","com.atonmuiOS11235",,,"1","0","ADX","16/4/2026 05:19:30"
"com.atonmuios11235","阿童目",,,"12","0","ADX","16/4/2026 05:19:53"
"com.axy.jdzy","SDK聚合-iOS",,,"6085","0","ADX","16/4/2026 05:18:46"
"com.ay.windgame","乐欢宝",,,"52","0","ADX","16/4/2026 05:18:49"
"com.babiq.product","com.BabiQ.product",,,"1","0","ADX","16/4/2026 05:18:52"
"com.baidu.baidutranslate","百度翻译-安卓","学习教育",,"1","0","ADX","16/4/2026 05:18:52"
"com.baidu.enterprise.yyvoice","YY",,,"1","0","ADX","16/4/2026 05:18:41"
"com.baidu.input_hihonor","荣耀百度输入法",,,"107","0","ADX","16/4/2026 05:18:46"
"com.baidu.input_huawei","华为输入法手机版","工具",,"2","0","ADX","16/4/2026 05:18:41"
"com.baidu.inputmethod","SDK聚合-iOS",,,"20036","0","ADX","16/4/2026 05:18:46"
"com.baidu.map.as1.m3","百度地图3",,,"1","0","ADX","16/4/2026 05:19:47"
"com.baidu.map.as1.m4","百度地图4",,,"2","0","ADX","16/4/2026 05:19:43"
"com.baidu.map.as1.m8","百度地图8",,,"2","0","ADX","16/4/2026 05:19:56"
"com.baidu.map.as1.m9","百度地图9",,,"2","0","ADX","16/4/2026 05:19:53"
"com.baidu.map.as1m1","百度地图1",,,"2","0","ADX","16/4/2026 05:19:53"
"com.baidu.map.b8","百度地图8",,,"1","0","ADX","16/4/2026 05:19:25"
"com.baidu.map.liuguangzhong01","百度地图",,,"1","0","ADX","16/4/2026 05:18:44"
"com.baidu.map0405","com.baidu.map0405",,,"1","0","ADX","16/4/2026 05:19:11"
"com.baidu.map6469","134",,,"1","0","ADX","16/4/2026 05:19:47"
"com.baidu.netdisk.007","百度网盘",,,"2","0","ADX","16/4/2026 05:19:22"
"com.baidu.netdisk.12","百度网盘2",,,"1","0","ADX","16/4/2026 05:19:20"
"com.baidu.netdisk.samsung","百度网盘-Android",,,"4","0","ADX","16/4/2026 05:18:49"
"com.baidu.netdisk1","com.baidu.netdisk1",,,"1","0","ADX","16/4/2026 05:19:11"
"com.baidu.netdisk1","百度",,,"4","0","ADX","16/4/2026 05:19:28"
"com.baidu.netdisk1","百度网盘",,,"14","0","ADX","16/4/2026 05:19:53"
"com.baidu.netdisk1","百度网盘1",,,"1","0","ADX","16/4/2026 05:19:30"
"com.baidu.netdisk519","安静的静C1",,,"1","0","ADX","16/4/2026 05:18:35"
"com.baidu.netdisl","百度网盘",,,"1","0","ADX","16/4/2026 05:19:03"
"com.baidu.superduer","IOS","工具",,"9","0","ADX","16/4/2026 05:18:52"
"com.baidu.tieba","","聊天社交",,"4","0","ADX","16/4/2026 05:18:46"
"com.baidu.tieba","百度贴吧 1","聊天社交",,"2","0","ADX","16/4/2026 05:19:32"
"com.baidu.tiebb","百度贴吧",,,"1","0","ADX","16/4/2026 05:19:16"
"com.baiyi.shiti","",,,"1","0","ADX","16/4/2026 05:19:40"
"com.baiyi.shiti","试题通",,,"8","0","ADX","16/4/2026 05:19:49"
"com.ballpure.news","360智慧生活",,,"106060","0","ADX","16/4/2026 05:18:49"
"com.ballpure.news","⚽",,,"1","0","ADX","16/4/2026 05:19:30"
"com.ballpure.news","层叠达人",,,"48","0","ADX","16/4/2026 05:18:49"
"com.banshenghuo.mobile","",,,"19","0","ADX","16/4/2026 05:18:41"
"com.banshenghuo.mobile","安卓",,,"2","0","ADX","16/4/2026 05:18:52"
"com.baoyun.hanjuhk-m7.pending","韩小台",,,"1","0","ADX","16/4/2026 05:19:30"
"com.baoyun.xqm1","小圈M1",,,"3","0","ADX","16/4/2026 05:18:42"
"com.bd.tool","千脉乐赚","商品推荐",,"1","0","ADX","16/4/2026 05:18:48"
"com.bd.tool","咕噜咕噜","商品推荐",,"15","0","ADX","16/4/2026 05:19:28"
"com.bd.tool","小小蓝鹰","商品推荐",,"550","0","ADX","16/4/2026 05:18:46"
"com.bearcard.xiongka","黑金熊卡","未知",,"8","0","ADX","16/4/2026 05:19:22"
"com.benqumark.kuaimeikuaizhuangi","无他相机",,,"1","0","ADX","16/4/2026 05:19:11"
"com.bet007.mobile.new007","",,,"2","0","ADX","16/4/2026 05:18:41"
"com.bet007.mobile.new007","安卓",,,"14","0","ADX","16/4/2026 05:18:52"
"com.bet007.mobile.new007","球探体育",,,"7","0","ADX","16/4/2026 05:19:53"
"com.bf","com.bf",,,"1","0","ADX","16/4/2026 05:19:56"
"com.bfire.da.nui","22双开助手","应用分身/多开",,"3","0","ADX","16/4/2026 05:19:53"
"com.bigfeet.photosmeasure","图片标记助手-安卓",,,"1","0","ADX","16/4/2026 05:19:25"
"com.bjjzxy.heisu","com.bjjzxy.heisu","社交/聊天通讯",,"23","0","ADX","16/4/2026 05:19:43"
"com.bjkuailecai.zbdzc","堆金矿",,,"15","0","ADX","16/4/2026 05:18:46"
"com.blueberry.gmu","积目",,,"1","0","ADX","16/4/2026 05:18:41"
"com.bnncast.tv","TV投屏管家",,,"76","0","ADX","16/4/2026 05:19:38"
"com.bomeileyibao.fyb","com.bomeileyibao.fyb",,,"2","0","ADX","16/4/2026 05:19:56"
"com.boohee.food","启明",,,"1260","0","ADX","16/4/2026 05:18:46"
"com.boyaa.sdqpappid","",,,"30","0","ADX","16/4/2026 05:18:46"
"com.brain.logic.puzzle.objects.cn","烧脑达人",,,"1","0","ADX","16/4/2026 05:19:40"
"com.bravedefault.pixivlite_android.lite","",,,"2","0","ADX","16/4/2026 05:18:42"
"com.bs.qlv","趣旅居",,,"7","0","ADX","16/4/2026 05:19:53"
"com.btjws.csxjh","短剧线",,,"2","0","ADX","16/4/2026 05:18:46"
"com.btjws.csxji","短剧线",,,"1","0","ADX","16/4/2026 05:18:44"
"com.btjws.csxjj","短剧线",,,"1","0","ADX","16/4/2026 05:18:44"
"com.btjws.csxjl","短剧线",,,"5","0","ADX","16/4/2026 05:18:44"
"com.bus365.app.bus365","com.bus365.app.bus365",,,"1","0","ADX","16/4/2026 05:19:03"
"com.business.street.strip","商战小富翁",,,"1","0","ADX","16/4/2026 05:18:48"
"com.bwton.msx.sjz","石家庄轨道交通",,,"11","0","ADX","16/4/2026 05:19:32"
"com.bwton.sjzmetro","石慧行","公交地铁",,"4","0","ADX","16/4/2026 05:19:08"
"com.bxlxxf.mcapp","com.bxlxxf.mcapp",,,"10","0","ADX","16/4/2026 05:18:46"
"com.bz.jzapp","CatReader",,,"1","0","ADX","16/4/2026 05:18:41"
"com.bz.jzapp","地瓜影视",,,"15","0","ADX","16/4/2026 05:19:32"
"com.bz.jzapp","猫番阅读",,,"371","0","ADX","16/4/2026 05:19:22"
"com.bz.jzapp","蓝鹰极速",,,"403","0","ADX","16/4/2026 05:18:46"
"com.caibao.greatwar","com.caibao.greatWar",,,"4","0","ADX","16/4/2026 05:19:32"
"com.caibao.greatwar","菜包剧场",,,"19","0","ADX","16/4/2026 05:19:38"
"com.candy.perlerbeads","启明",,,"5","0","ADX","16/4/2026 05:18:49"
"com.candy.perlerbeads","拼豆设计",,,"2","0","ADX","16/4/2026 05:18:48"
"com.cangyue.xinghe","藏阅星河",,,"11","0","ADX","16/4/2026 05:18:52"
"com.card.of.wordpuzzle","这个你会吗",,,"37","0","ADX","16/4/2026 05:18:46"
"com.casoabm.funcreate","趣创方舟",,,"2","0","ADX","16/4/2026 05:18:46"
"com.catstart.android","喵星球",,,"3","0","ADX","16/4/2026 05:19:43"
"com.cc.ideal","理想记",,,"4113","0","ADX","16/4/2026 05:19:28"
"com.cc.wonderful","漫妙阁",,,"3140","0","ADX","16/4/2026 05:19:28"
"com.ccz.minesweeper","com.ccz.minesweeper",,,"2","0","ADX","16/4/2026 05:19:00"
"com.cda.structuremaster.llq","llq",,,"838","0","ADX","16/4/2026 05:19:53"
"com.cdastudio.levelingmasterandroid.mtyy","mtyy",,,"257","0","ADX","16/4/2026 05:18:46"
"com.cecurs.zygj","SDK聚合-iOS",,,"220","0","ADX","16/4/2026 05:18:46"
"com.cfb.pushcar","com.cfb.PushCar",,,"1","0","ADX","16/4/2026 05:19:03"
"com.chatapp.hexun","何讯",,,"2","0","ADX","16/4/2026 05:19:14"
"com.che300.dealer","车3000",,,"1","0","ADX","16/4/2026 05:19:03"
"com.chediandian.app","车点点",,,"3","0","ADX","16/4/2026 05:19:53"
"com.cherryly.home","樱桃灵钥-小米",,,"77","0","ADX","16/4/2026 05:18:33"
"com.chinatelecom.bestpayclient","翼支付",,,"126","0","ADX","16/4/2026 05:18:49"
"com.chinatower.towerele","com.chinatower.towerEle",,,"42","0","ADX","16/4/2026 05:19:14"
"com.chisheng.walkman","旅行随身听",,,"61","0","ADX","16/4/2026 05:19:08"
"com.chkcam.veegileye","com.chkcam.veegileye",,,"1","0","ADX","16/4/2026 05:18:48"
"com.chkcam.veegileye","超慧看-安卓",,,"4","0","ADX","16/4/2026 05:18:49"
"com.chqwl.ddcoupon","天天领好券",,,"732","0","ADX","16/4/2026 05:19:08"
"com.chun.shuog","简玩短视频",,,"1","0","ADX","16/4/2026 05:18:48"
"com.chun.shuoh","简玩",,,"1","0","ADX","16/4/2026 05:18:41"
"com.chun.shuoi","淳硕简玩-11.27",,,"1","0","ADX","16/4/2026 05:18:48"
"com.chun.shuos","简玩剧场",,,"1","0","ADX","16/4/2026 05:18:44"
"com.chunning.mathgirdermaster","com.chunning.Mathgirdermaster",,,"55","0","ADX","16/4/2026 05:19:28"
"com.ckwq.zsav","淳硕简玩-5.23",,,"3","0","ADX","16/4/2026 05:18:48"
"com.ckwq.zsav","简玩短视频",,,"4","0","ADX","16/4/2026 05:18:46"
"com.ckwq.zsav","简玩短视频夏日版",,,"5","0","ADX","16/4/2026 05:18:46"
"com.ckwq.zsav","简玩短视频金秋版",,,"6","0","ADX","16/4/2026 05:18:46"
"com.ckwq.zsav","绘画大作战5-安卓-25.5.23",,,"1","0","ADX","16/4/2026 05:19:47"
"com.cloudgn.gulingtong","com.cloudgn.gulingtong",,,"10","0","ADX","16/4/2026 05:19:56"
"com.cloudledger.speed","ExpandableTextViewLibrary",,,"1","0","ADX","16/4/2026 05:19:30"
"com.cloudsee.sweethome","SDK聚合-iOS",,,"180","0","ADX","16/4/2026 05:18:46"
"com.cmf.cqwallet","SDK聚合-iOS",,,"1","0","ADX","16/4/2026 05:18:48"
"com.cmf.cqwallet","com.cmf.cqwallet",,,"1","0","ADX","16/4/2026 05:18:48"
"com.cmf.cqwallet","重庆市民通",,,"13","0","ADX","16/4/2026 05:19:53"
"com.cn.tzsmk","泰州一卡通",,,"1","0","ADX","16/4/2026 05:19:20"
"com.codep.and.girlsperiod","月迹",,,"11","0","ADX","16/4/2026 05:19:53"
"com.colorful.widget.theme","Colorful Widget Android","实用工具",,"3","0","ADX","16/4/2026 05:18:46"
"com.colorfulweather","com.colorfulweather",,,"1","0","ADX","16/4/2026 05:19:56"
"com.colourfulshow.xiuchang.iphone","com.colourfulshow.xiuchang.iphone",,,"1","0","ADX","16/4/2026 05:18:52"
"com.comn.muter","",,,"1","0","ADX","16/4/2026 05:18:44"
"com.coolapps.countdays","纪念日",,,"8","0","ADX","16/4/2026 05:19:53"
"com.cosji.cosjiapp","折买",,,"15","0","ADX","16/4/2026 05:19:32"
"com.cqyi.yyzhuan","幸运鹅",,,"1","0","ADX","16/4/2026 05:18:44"
"com.cqyi.yyzhuan","智盈点",,,"5","0","ADX","16/4/2026 05:19:38"
"com.cqyushijie.cqysj","渝视界","重庆音像出版社有限责任公司",,"3","0","ADX","16/4/2026 05:18:44"
"com.crazy.word.puzzle","脑洞词场",,,"23","0","ADX","16/4/2026 05:18:46"
"com.csmbcx.candada","",,,"27","0","ADX","16/4/2026 05:18:41"
"com.csmbcx.candada","安卓",,,"3","0","ADX","16/4/2026 05:18:52"
"com.csrmkj.yxmx","途游圈",,,"2","0","ADX","16/4/2026 05:19:32"
"com.ctjws.fxje","富小剧017",,,"1","0","ADX","16/4/2026 05:18:44"
"com.ctjws.fxje","短剧线",,,"4","0","ADX","16/4/2026 05:18:46"
"com.ctjws.fxjh","短剧线",,,"4","0","ADX","16/4/2026 05:18:46"
"com.ctjws.fxjl","短剧线",,,"9","0","ADX","16/4/2026 05:18:46"
"com.ctjws.fxjm","短剧线",,,"8","0","ADX","16/4/2026 05:18:46"
"com.cuilingshi.flipclock","com.cuilingshi.flipclock",,,"2","0","ADX","16/4/2026 05:19:22"
"com.cyccbang.sxzbedkj","聚宝盆",,,"12","0","ADX","16/4/2026 05:18:42"
"com.cyiot.hetfield","辰域智控",,,"4","0","ADX","16/4/2026 05:19:53"
"com.cylwl.yglifecenter","悦购生活馆",,,"1830","0","ADX","16/4/2026 05:19:38"
"com.cz.carnum","com.cz.carNum",,,"158583","0","ADX","16/4/2026 05:18:49"
"com.cz.carnum","车牌模拟器",,,"15","0","ADX","16/4/2026 05:18:52"
"com.czw.freefit","Fere fit",,,"5","0","ADX","16/4/2026 05:19:43"
"com.czw.freefit","SDK聚合-iOS",,,"572","0","ADX","16/4/2026 05:18:46"
"com.czw.freefit.ienjoy","zwsvibe",,,"1","0","ADX","16/4/2026 05:19:16"
"com.czx.axbapp","FaceVerification",,,"1","0","ADX","16/4/2026 05:19:16"
"com.czx.ixbapp","",,,"59","0","ADX","16/4/2026 05:18:46"
"com.czx.ixbapp","常州行-ios(108767)",,,"16","0","ADX","16/4/2026 05:19:53"
"com.darenzhijia.guokunapp","达人之家新",,,"11","0","ADX","16/4/2026 05:18:46"
"com.dasoushu.xq","",,,"6","0","ADX","16/4/2026 05:18:49"
"com.dd.dynamic","动感星",,,"160","0","ADX","16/4/2026 05:18:46"
"com.dd.enjoy","云享读",,,"816","0","ADX","16/4/2026 05:19:43"
"com.dd.whfz","文海泛舟",,,"1363","0","ADX","16/4/2026 05:18:56"
"com.dd.wscourt","温舒书阁",,,"2279","0","ADX","16/4/2026 05:19:43"
"com.dd.ymt","云墨堂",,,"36","0","ADX","16/4/2026 05:19:38"
"com.ddt.gameplay.video","19-趣玩乐园gameplay",,,"243","0","ADX","16/4/2026 05:18:46"
"com.ddt.gameplay.video","点点通趣玩乐园",,,"285","0","ADX","16/4/2026 05:18:46"
"com.dehccx.bfadgak","玩赚商店",,,"65","0","ADX","16/4/2026 05:18:46"
"com.dehuanbao.shop","换得宝商城",,,"1","0","ADX","16/4/2026 05:19:03"
"com.delicloud.app.smartoffice","IOS","效率办公",,"5","0","ADX","16/4/2026 05:18:52"
"com.delicloud.app.smartoffice","安卓","效率办公",,"63","0","ADX","16/4/2026 05:18:52"
"com.dengyu.coolvideo","com.dengyu.coolvideo",,,"1","0","ADX","16/4/2026 05:19:03"
"com.dessmann.xdhousekeeper","德施曼智能iOS","智能家居",,"94","0","ADX","16/4/2026 05:18:52"
"com.dessmann.xdhousekeeper","德施曼智能锁","智能家居",,"1","0","ADX","16/4/2026 05:18:44"
"com.didapinche.booking.driver","嘀嗒车主App",,,"1","0","ADX","16/4/2026 05:18:52"
"com.dingzhikaifa.qinghuan","com.dingzhikaifa.qinghuan",,,"1","0","ADX","16/4/2026 05:19:56"
"com.divotguard.com","DivotGuard",,,"8","0","ADX","16/4/2026 05:19:43"
"com.divotguard.com","MiwiTracker",,,"2","0","ADX","16/4/2026 05:19:32"
"com.divotguard.com","安卓",,,"33","0","ADX","16/4/2026 05:18:52"
"com.dongyun.yuan","com.dongyun.yuan",,,"1","0","ADX","16/4/2026 05:19:56"
"com.dream.suikan","com.dream.suikan",,,"1","0","ADX","16/4/2026 05:19:56"
"com.dsjzhida.dsj","大世界宝库","实用工具",,"9","0","ADX","16/4/2026 05:18:46"
"com.dsjzhida.dsj","大世界智答","实用工具",,"1","0","ADX","16/4/2026 05:18:41"
"com.dsm.secondlock","","居家生活",,"10","0","ADX","16/4/2026 05:18:41"
"com.dsm.secondlock","null","居家生活",,"2","0","ADX","16/4/2026 05:19:14"
"com.dt.fkzs","疯狂追书免费版",,,"195699","0","ADX","16/4/2026 05:19:53"
"com.dt.fkzs","疯狂追书免费版 1",,,"3","0","ADX","16/4/2026 05:18:42"
"com.dtno1.wearpro","SDK聚合-iOS","智能穿戴设备|定位追踪",,"2","0","ADX","16/4/2026 05:18:44"
"com.dudian.dlabel","",,,"35","0","ADX","16/4/2026 05:18:46"
"com.dudian.dlabel","com.dudian.dlabel",,,"4875","0","ADX","16/4/2026 05:19:28"
"com.duozhimi.menjietong","com.duozhimi.menjietong",,,"10","0","ADX","16/4/2026 05:19:28"
"com.durian.pingpi","com.Durian.PingPi",,,"277","0","ADX","16/4/2026 05:19:43"
"com.dyheart.chat","咕咕语音",,,"1","0","ADX","16/4/2026 05:19:36"
"com.eaccwe.taknx","",,,"3","0","ADX","16/4/2026 05:18:49"
"com.eaccwe.taknx","com.eaccwe.taknx",,,"1","0","ADX","16/4/2026 05:18:44"
"com.eaccwe.taknx","春分福利版",,,"653","0","ADX","16/4/2026 05:18:46"
"com.easyplay.taptap.now","com.easyplay.taptap.now",,,"3","0","ADX","16/4/2026 05:18:52"
"com.easytool.health","",,,"6","0","ADX","16/4/2026 05:18:49"
"com.easytool.health","启明",,,"13","0","ADX","16/4/2026 05:18:46"
"com.ecard.kssmk","IOS",,,"2","0","ADX","16/4/2026 05:18:52"
"com.ecbez.uemqk","com.ecbez.uemqk",,,"1","0","ADX","16/4/2026 05:19:56"
"com.eshize.tiku.jianzhuj","com.eshize.tiku.jianzhuj",,,"1591","0","ADX","16/4/2026 05:19:53"
"com.ewsd.vqiou","com.ewsd.vqiou",,,"1","0","ADX","16/4/2026 05:19:56"
"com.examinecontract.cn","com.ExamineContract.cn",,,"3","0","ADX","16/4/2026 05:19:53"
"com.example.dudian.dudian","DLabel云标签",,,"25","0","ADX","16/4/2026 05:19:53"
"com.example.dudian.dudian","Dlabel云标签",,,"1","0","ADX","16/4/2026 05:19:47"
"com.example.dudian.dudian","安卓",,,"1","0","ADX","16/4/2026 05:18:52"
"com.example.pptv","青蛙人人_聚合安卓",,,"568","0","ADX","16/4/2026 05:18:52"
"com.example.xuhongxiang.andriodpiano","模擬鋼琴",,,"1","0","ADX","16/4/2026 05:19:40"
"com.example.yinleme.imgzh","PDF猫图片转PDF","PDF",,"2","0","ADX","16/4/2026 05:18:46"
"com.example.yinleme.imgzh","图片转PDF","PDF",,"10","0","ADX","16/4/2026 05:18:46"
"com.excean.dualaid","双开大师-16",,,"6","0","ADX","16/4/2026 05:19:47"
"com.excean.dualaid","安卓",,,"2","0","ADX","16/4/2026 05:18:52"
"com.excean.maid","分身大师",,,"2","0","ADX","16/4/2026 05:18:59"
"com.excean.maid","安卓",,,"5","0","ADX","16/4/2026 05:18:52"
"com.excean.maid","露娜漏打6.0",,,"3","0","ADX","16/4/2026 05:19:03"
"com.excean.masaid","189微信分身应用宝",,,"11","0","ADX","16/4/2026 05:18:49"
"com.faloo.bookreader4android","com.faloo.BookReader4Android",,,"1","0","ADX","16/4/2026 05:19:56"
"com.fanyou.anjie","贷款计算器",,,"2","0","ADX","16/4/2026 05:18:46"
"com.fanyou.calendar","日历万年历",,,"1","0","ADX","16/4/2026 05:18:41"
"com.fanyou.jiaban","加班记",,,"9","0","ADX","16/4/2026 05:19:28"
"com.fc.example","com.fc.example",,,"4","0","ADX","16/4/2026 05:19:43"
"com.fcbox.hiveconsumer22","丰巢",,,"1","0","ADX","16/4/2026 05:19:03"
"com.fdel.dijl","com.fdel.dijl",,,"1","0","ADX","16/4/2026 05:18:48"
"com.fdel.dijl","小金牛短剧",,,"460","0","ADX","16/4/2026 05:18:46"
"com.fdel.dijl","小金牛短剧-25.9.17",,,"160","0","ADX","16/4/2026 05:18:46"
"com.fdhyt.juts","小金牛短剧",,,"227","0","ADX","16/4/2026 05:18:46"
"com.fdhyt.juts","小金牛短剧-25.2.22",,,"413","0","ADX","16/4/2026 05:19:53"
"com.fdhyt.juts","小金牛贺岁版",,,"2458","0","ADX","16/4/2026 05:18:49"
"com.feimakns.dnjsaa","120-时光短剧","实用工具",,"4","0","ADX","16/4/2026 05:18:46"
"com.feimakns.dnjsaa","河马关怀版","实用工具",,"234","0","ADX","16/4/2026 05:18:46"
"com.feng.monkeybook","轻阅",,,"8","0","ADX","16/4/2026 05:18:52"
"com.fengtai.camera","","实用工具",,"1","0","ADX","16/4/2026 05:18:44"
"com.fengtai.camera","聪明卫士-Android","实用工具",,"4","0","ADX","16/4/2026 05:19:49"
"com.fengtai.camera","聪明卫士-IOS","实用工具",,"8468","0","ADX","16/4/2026 05:18:49"
"com.fengtai.camera","聪明卫士-安卓","实用工具",,"180","0","ADX","16/4/2026 05:18:49"
"com.fengtai.camera","趣盟-安卓","实用工具",,"1","0","ADX","16/4/2026 05:18:52"
"com.fengyu.cartoon","com.fengyu.cartoon",,,"1","0","ADX","16/4/2026 05:19:56"
"com.find.out.hidden.objects.cn","com.find.out.hidden.objects.cn",,,"4","0","ADX","16/4/2026 05:19:38"
"com.firecornclean.king","com.firecornclean.king",,,"5","0","ADX","16/4/2026 05:19:56"
"com.fjxm.akaxt","奥柯爱修图",,,"188","0","ADX","16/4/2026 05:19:00"
"com.fjxm.yldtm","英啦答题喵",,,"2072","0","ADX","16/4/2026 05:18:46"
"com.fjxm.zzdw","裰裰多问",,,"1","0","ADX","16/4/2026 05:19:47"
"com.fkds.nmek.xnm","小柠檬",,,"195","0","ADX","16/4/2026 05:19:53"
"com.fkds.nmek.xsza","小柿子",,,"1","0","ADX","16/4/2026 05:18:48"
"com.fkxxld.mcapp","疯狂消消乐d",,,"13","0","ADX","16/4/2026 05:18:46"
"com.flow.mxy","蜜小语2",,,"3","0","ADX","16/4/2026 05:19:03"
"com.fourkingkong.horoscope","橡子星座",,,"1","0","ADX","16/4/2026 05:18:41"
"com.freeme.secureguard","最美手机管家-安卓",,,"35","0","ADX","16/4/2026 05:19:28"
"com.fridge.fill.games","翻来翻趣",,,"3","0","ADX","16/4/2026 05:19:30"
"com.frogtosea.zhiwuya","知无涯",,,"1","0","ADX","16/4/2026 05:18:59"
"com.funny.animal","",,,"14","0","ADX","16/4/2026 05:18:49"
"com.funnygames.fdinosaurevo1a","com.funnygames.fdinosaurevo1a",,,"4","0","ADX","16/4/2026 05:19:28"
"com.futurefleet.pandabuspanjin","",,,"4","0","ADX","16/4/2026 05:19:28"
"com.futurefleet.pandabuspanjin","盘锦出行",,,"4","0","ADX","16/4/2026 05:19:43"
"com.futurefleet.xingtai","",,,"47","0","ADX","16/4/2026 05:19:53"
"com.futurefleet.xingtai","xingtaigongjiao",,,"3","0","ADX","16/4/2026 05:19:22"
"com.fxcx.tll","",,,"1","0","ADX","16/4/2026 05:18:41"
"com.gamelaoyou.lymjdt","",,,"4","0","ADX","16/4/2026 05:18:41"
"com.gameley.aibookkeep","元元记账ios","财务记账/生活工具",,"4578","0","ADX","16/4/2026 05:18:49"
"com.gameley.cutepet","com.gameley.cutepet","个性化/游戏",,"49","0","ADX","16/4/2026 05:19:43"
"com.gameley.cutepet","心动萌宠-养在桌面的可爱宠物","个性化/游戏",,"52","0","ADX","16/4/2026 05:18:49"
"com.gameley.cutepet","心动萌宠ios","个性化/游戏",,"54","0","ADX","16/4/2026 05:19:22"
"com.gameley.ibookkeep","团团记账-自动记账超方便",,,"38382","0","ADX","16/4/2026 05:18:49"
"com.gameley.puppywidget","桌面汪-互动桌面宠物",,,"165","0","ADX","16/4/2026 05:18:49"
"com.gameley.puppywidget","桌面汪ios",,,"129","0","ADX","16/4/2026 05:19:22"
"com.gameley.wcjnr","五彩纪念日",,,"4","0","ADX","16/4/2026 05:19:00"
"com.gameley.yyjz","元元记账android","休闲游戏",,"730","0","ADX","16/4/2026 05:18:49"
"com.gamesuu.crazylovers","com.gamesuu.crazylovers",,,"2","0","ADX","16/4/2026 05:19:14"
"com.generalcomp.paisan","安卓","其他",,"20","0","ADX","16/4/2026 05:18:52"
"com.generalcomp.paisan","联云视(108629)","其他",,"4","0","ADX","16/4/2026 05:19:43"
"com.geshui.app","个税",,,"1","0","ADX","16/4/2026 05:18:52"
"com.ggbr.hyok","淳硕简玩-5.12",,,"14","0","ADX","16/4/2026 05:18:49"
"com.ggbr.hyok","简玩短视频",,,"24","0","ADX","16/4/2026 05:18:46"
"com.ggbr.hyok","简玩短视频金秋版",,,"6","0","ADX","16/4/2026 05:18:46"
"com.ggjbzz.www","果果计步",,,"41","0","ADX","16/4/2026 05:18:32"
"com.ghtui.swwe","小金牛短剧","短剧视频/娱乐",,"26","0","ADX","16/4/2026 05:18:46"
"com.ghtui.swwe","小金牛贺岁版","短剧视频/娱乐",,"4141","0","ADX","16/4/2026 05:18:49"
"com.gigan.tomac","柠檬短剧-251226",,,"2","0","ADX","16/4/2026 05:18:52"
"com.gigan.tomac","柠檬短剧福利版",,,"633","0","ADX","16/4/2026 05:18:49"
"com.gkid.crazyrope","","体育运动",,"1","0","ADX","16/4/2026 05:18:48"
"com.gkid.crazyrope","#N1 天天跳绳","体育运动",,"2","0","ADX","16/4/2026 05:18:42"
"com.gkid.crazyrope","#N14 天天跳绳","体育运动",,"1","0","ADX","16/4/2026 05:18:41"
"com.gkid.crazyrope","#N4 天天跳绳","体育运动",,"1","0","ADX","16/4/2026 05:18:41"
"com.gkid.crazyrope","#N5 天天跳绳","体育运动",,"1","0","ADX","16/4/2026 05:18:41"
"com.gkid.crazyrope","#N8 天天跳绳","体育运动",,"1","0","ADX","16/4/2026 05:18:48"
"com.glimmer.worker","搬运帮工人版",,,"2","0","ADX","16/4/2026 05:19:49"
"com.greatstudy.app","考试宝",,,"1","0","ADX","16/4/2026 05:18:41"
"com.growing.topwidgetsplus","",,,"13","0","ADX","16/4/2026 05:19:22"
"com.growing.topwidgetsplus","SDK聚合-iOS",,,"9","0","ADX","16/4/2026 05:18:46"
"com.growing.topwidgetsplus","iOS_Top Widgets+",,,"21","0","ADX","16/4/2026 05:18:49"
"com.gstarcad.xian.ocsclient","",,,"4","0","ADX","16/4/2026 05:18:46"
"com.gtit.bjfo","淳硕简玩-5.16",,,"2068","0","ADX","16/4/2026 05:18:49"
"com.gtit.bjfo","简玩短视频",,,"26534","0","ADX","16/4/2026 05:18:46"
"com.gtit.bjfo","简玩短视频夏日版",,,"5","0","ADX","16/4/2026 05:18:46"
"com.gtit.bjfo","简玩短视频金秋版",,,"1","0","ADX","16/4/2026 05:18:41"
"com.guaitaogt.app","乖淘",,,"1","0","ADX","16/4/2026 05:19:56"
"com.guan.mbreader","","阅读工具",,"39","0","ADX","16/4/2026 05:18:49"
"com.guangerbai.jizhang","鼠鼠记账",,,"371","0","ADX","16/4/2026 05:18:52"
"com.guangmingzmt.oem","com.guangmingzmt.oem",,,"5","0","ADX","16/4/2026 05:18:32"
"com.gufeng.bolt","闪电赚兼职",,,"2","0","ADX","16/4/2026 05:19:08"
"com.gxrc.gxrcw","广西人才",,,"2","0","ADX","16/4/2026 05:19:22"
"com.gzyct.yctb","羊城通",,,"14","0","ADX","16/4/2026 05:19:53"
"com.hahahahaha.video.app","人人剧场58",,,"11","0","ADX","16/4/2026 05:18:52"
"com.haien.app.trainpassnative","SDK聚合-iOS",,,"498","0","ADX","16/4/2026 05:18:46"
"com.haimawan.cloud.bigphone","爱云兔-wq",,,"1","0","ADX","16/4/2026 05:19:51"
"com.haixiang.jizhang","海象记账",,,"32","0","ADX","16/4/2026 05:18:32"
"com.handybill.cn","com.HandyBill.cn",,,"2","0","ADX","16/4/2026 05:19:32"
"com.hanhai.hyhc","浩宇合成软件",,,"7","0","ADX","16/4/2026 05:19:22"
"com.hansen.watchtv","com.hansen.watchtv",,,"134","0","ADX","16/4/2026 05:19:38"
"com.haohuojie.home","com.haohuojie.home",,,"1","0","ADX","16/4/2026 05:19:56"
"com.haoju.shua","刷好剧",,,"47","0","ADX","16/4/2026 05:19:00"
"com.haoqimao.widgeton","",,,"2","0","ADX","16/4/2026 05:18:46"
"com.haoqimao.widgeton","Fun Widgets-万象小组件灵动岛锁屏壁纸主题桌面美化",,,"1","0","ADX","16/4/2026 05:19:11"
"com.haowan.home","好好丸-OPPO",,,"815","0","ADX","16/4/2026 05:19:28"
"com.happyelements.androidanimal.ad","开心消消乐Android_he","休闲游戏",,"20000","0","ADX","16/4/2026 05:18:49"
"com.happysheepitem.cn","com.happysheepitem.cn",,,"41","0","ADX","16/4/2026 05:19:53"
"com.harperliu.mynorthstars","时间北极星",,,"1","0","ADX","16/4/2026 05:18:41"
"com.hasmash.photoby.app.midy","字由码生成",,,"1","0","ADX","16/4/2026 05:19:11"
"com.hdheyan.life","合焱生活",,,"2","0","ADX","16/4/2026 05:18:42"
"com.hearth.movematch","com.hearth.movematch",,,"1","0","ADX","16/4/2026 05:19:56"
"com.helipay.xlzg","com.helipay.xlzg",,,"1","0","ADX","16/4/2026 05:19:03"
"com.helipay.xlzg","小利掌柜",,,"2","0","ADX","16/4/2026 05:19:38"
"com.hellofit.mainapp","com.helloFit.mainApp",,,"8","0","ADX","16/4/2026 05:19:32"
"com.hellofit.mainapp","hello fit pro",,,"2","0","ADX","16/4/2026 05:18:59"
"com.hema.ptjiang","com.hema.ptjiang",,,"78657","0","ADX","16/4/2026 05:19:53"
"com.hexiang.sgyj","时光印记",,,"5","0","ADX","16/4/2026 05:19:00"
"com.hgbyt.yvvkj","com.hgbyt.yvvkj",,,"1","0","ADX","16/4/2026 05:19:56"
"com.hgfe.wzoltr","玩赚商店-掌昇-安卓",,,"4","0","ADX","16/4/2026 05:19:28"
"com.hgfe.wzoltr","玩赚部落",,,"1643","0","ADX","16/4/2026 05:18:49"
"com.hgkj.palmdot","掌心句",,,"29","0","ADX","16/4/2026 05:19:00"
"com.hhb.course","com.hhb.course",,,"4","0","ADX","16/4/2026 05:19:28"
"com.hhb.course","慧话宝",,,"4","0","ADX","16/4/2026 05:18:49"
"com.hhyr.awq","小金牛故事",,,"6344","0","ADX","16/4/2026 05:18:49"
"com.hhyr.awq","小金牛短剧-26.3.6",,,"2","0","ADX","16/4/2026 05:18:52"
"com.hihonor.dz.reader","荣耀阅读",,,"151","0","ADX","16/4/2026 05:18:46"
"com.hihonor.search","荣耀搜索",,,"212","0","ADX","16/4/2026 05:18:46"
"com.hikvision.videogo2","VideoGo",,,"1","0","ADX","16/4/2026 05:18:44"
"com.hikvision.videogo2","萤石2",,,"1","0","ADX","16/4/2026 05:18:41"
"com.hjfg.fdgh","com.hjfg.fdgh",,,"1","0","ADX","16/4/2026 05:19:56"
"com.hjfg.fdgh","小金牛短剧",,,"478","0","ADX","16/4/2026 05:18:49"
"com.hjfg.fdgh","小金牛短剧-25.6.5",,,"72","0","ADX","16/4/2026 05:19:43"
"com.hjfg.fdgh","小金牛短剧抽奖版",,,"2","0","ADX","16/4/2026 05:18:42"
"com.hjmore.mwyzc","战锤40k",,,"3","0","ADX","16/4/2026 05:19:40"
"com.hjmore.mwyzc","波波哎你",,,"1","0","ADX","16/4/2026 05:18:32"
"com.hjmore.wallpaper","bianyuanys",,,"15","0","ADX","16/4/2026 05:19:43"
"com.hk.hiseex","SDK聚合-iOS",,,"39221","0","ADX","16/4/2026 05:18:46"
"com.hk.hiseex","TapADN-iOS",,,"390","0","ADX","16/4/2026 05:18:46"
"com.hk.hiseex","聚合媒体IOS",,,"1","0","ADX","16/4/2026 05:19:56"
"com.hk.hiseex","风船-iOS",,,"245","0","ADX","16/4/2026 05:18:46"
"com.hld.lsdsj","大世界答题",,,"497","0","ADX","16/4/2026 05:18:49"
"com.hmwy.ylg","悦览阁",,,"2","0","ADX","16/4/2026 05:18:33"
"com.hongdan.qiming","com.hongdan.qiming",,,"10","0","ADX","16/4/2026 05:19:53"
"com.hongjing.avmini","Avmini-IOS","摄影摄像",,"11478","0","ADX","16/4/2026 05:18:49"
"com.hongjing.avmini","Avmini-android","摄影摄像",,"38092","0","ADX","16/4/2026 05:18:49"
"com.hongjing.avmini","SDK聚合-iOS","摄影摄像",,"549","0","ADX","16/4/2026 05:18:46"
"com.hongk.ioszqcg","com.hongk.ioszqcg",,,"3","0","ADX","16/4/2026 05:19:00"
"com.hongyanreaders","com.hongyanreaders",,,"1","0","ADX","16/4/2026 05:19:51"
"com.hopeway.cam.newhope","安卓","实用工具",,"1","0","ADX","16/4/2026 05:18:52"
"com.hopeway.cam.newhope","有我看家-Android","实用工具",,"27412","0","ADX","16/4/2026 05:18:49"
"com.hortor.juliancysj","com.hortor.juliancysj",,,"68","0","ADX","16/4/2026 05:19:08"
"com.hs.zhx","真惠选",,,"2","0","ADX","16/4/2026 05:18:44"
"com.htgame.szgmnq.bc","com.htgame.szgmnq.bc",,,"1","0","ADX","16/4/2026 05:19:56"
"com.htqw.wxxl","欢兔趣玩","实用工具",,"142","0","ADX","16/4/2026 05:19:38"
"com.htqw.wxxl","洋洋max","实用工具",,"628","0","ADX","16/4/2026 05:18:46"
"com.huabenapp.exo","",,,"4","0","ADX","16/4/2026 05:18:41"
"com.huachenjie.shandong.2","闪动校园",,,"1","0","ADX","16/4/2026 05:18:59"
"com.huahua.russia4","罗斯方块—方块单机格子游戏新版","休闲益智游戏",,"15332","0","ADX","16/4/2026 05:18:49"
"com.hudong.shengji","开心消消乐®",,,"1","0","ADX","16/4/2026 05:19:47"
"com.hunly.app.flowpic","com.hunly.app.flowpic","图片美化",,"2671","0","ADX","16/4/2026 05:19:53"
"com.hunly.app.flowpic","畅图","图片美化",,"64","0","ADX","16/4/2026 05:19:53"
"com.huomiscan.manager","com.huomiscan.manager",,,"1","0","ADX","16/4/2026 05:19:56"
"com.hupu.games","虎扑",,,"14355","0","ADX","16/4/2026 05:19:19"
"com.hurricane.filekeeper","飓风文件管家",,,"2","0","ADX","16/4/2026 05:18:52"
"com.husan.reader","",,,"13","0","ADX","16/4/2026 05:18:49"
"com.hyhy.xktl","com.hyhy.xktl",,,"1","0","ADX","16/4/2026 05:18:35"
"com.hyhy.xktl","星空图灵",,,"14","0","ADX","16/4/2026 05:19:22"
"com.hyt.jucui","居萃",,,"5","0","ADX","16/4/2026 05:19:43"
"com.hzjuzhi.floatingclock","悬浮时钟-iOS",,,"5","0","ADX","16/4/2026 05:18:52"
"com.hzlc.replacement.wyhjsxb","",,,"3","0","ADX","16/4/2026 05:18:42"
"com.hzlc.replacement.wyhjsxb","com.hzlc.replacement.wyhjsxb",,,"47","0","ADX","16/4/2026 05:18:46"
"com.hzqatc.ydt","全安一点通",,,"3","0","ADX","16/4/2026 05:18:46"
"com.hzth.inquiry.qxsdc","com.hzth.inquiry.qxsdc","杭州拓禾信息技术服务有限公司",,"5","0","ADX","16/4/2026 05:19:53"
"com.il.com","i聊",,,"30","0","ADX","16/4/2026 05:19:00"
"com.ilike2.manhuaren","漫画人极速版","阅读/漫画",,"4","0","ADX","16/4/2026 05:19:43"
"com.imendon.cococam","Coco Cam",,,"15","0","ADX","16/4/2026 05:19:49"
"com.indigo.novel","明水阅读",,,"235769","0","ADX","16/4/2026 05:19:28"
"com.intelligentscanning.cn","com.IntelligentScanning.cn",,,"2","0","ADX","16/4/2026 05:19:22"
"com.interestrate.cn","com.interestrate.cn",,,"3","0","ADX","16/4/2026 05:19:19"
"com.ios.beatshop","com.ios.beatshop",,,"11","0","ADX","16/4/2026 05:19:25"
"com.ios.jvhe","com.ios.jvhe",,,"63289","0","ADX","16/4/2026 05:19:53"
"com.ioshotwalkhealth.walkhealth","SDK聚合-iOS",,,"654","0","ADX","16/4/2026 05:18:46"
"com.ipcom.ims.zjdr","zjdr",,,"2983","0","ADX","16/4/2026 05:18:46"
"com.islandwallpaper.cn","灵动岛壁纸",,,"304","0","ADX","16/4/2026 05:18:49"
"com.istlabs.periodtrackerperiodcalendar","com.ISTLabs.PeriodTrackerPeriodCalendar",,,"2","0","ADX","16/4/2026 05:18:56"
"com.iuuapp.myfont","com.iuuapp.myfont",,,"55","0","ADX","16/4/2026 05:19:43"
"com.ivyiot.ivysmart","IVY Smart","家居控制",,"31","0","ADX","16/4/2026 05:19:53"
"com.ivyiot.ivysmart","SDK聚合-iOS","家居控制",,"307","0","ADX","16/4/2026 05:18:46"
"com.iwall.bizhi","IOS","摄影美化",,"2","0","ADX","16/4/2026 05:18:52"
"com.iwall.bizhi","最美壁纸-手机动态主题壁纸大全","摄影美化",,"6","0","ADX","16/4/2026 05:19:53"
"com.iyuba.concept2","New Concept English Volume Four",,,"2","0","ADX","16/4/2026 05:18:49"
"com.iyuba.concept2","com.iyuba.concept2",,,"5","0","ADX","16/4/2026 05:19:56"
"com.iyuba.learnnewenglish","新概念英语微课",,,"15","0","ADX","16/4/2026 05:19:28"
"com.jco.aiview","AView-安卓端","实用工具",,"198","0","ADX","16/4/2026 05:18:52"
"com.jdd.newjdd.app","启明",,,"23","0","ADX","16/4/2026 05:18:46"
"com.jh.paxtc.rpk.huawei","舜语小说",,,"1","0","ADX","16/4/2026 05:19:16"
"com.jiae.cjro","安卓",,,"1","0","ADX","16/4/2026 05:18:52"
"com.jiawentech.pizzabusiness","",,,"314","0","ADX","16/4/2026 05:18:49"
"com.jiawentech.pizzabusiness","可口的比萨",,,"11","0","ADX","16/4/2026 05:18:42"
"com.jiewang.ztbz.ac3188d3b522a40c296d4a67291c719b4","com.jiewang.ztbz.ac3188d3b522a40c296d4a67291c719b4",,,"1","0","ADX","16/4/2026 05:19:56"
"com.jiewang.ztbz.b5b92af55d6894c7a911b8f8e47a3559c","com.jiewang.ztbz.b5b92af55d6894c7a911b8f8e47a3559c",,,"1","0","ADX","16/4/2026 05:19:56"
"com.jiewang.ztbz.bab9b63eb964245ac943f2fbe10350cba","com.jiewang.ztbz.bab9b63eb964245ac943f2fbe10350cba",,,"1","0","ADX","16/4/2026 05:19:56"
"com.jiewang.ztbz.bc84fd54a45c4432b922d1eff5a1912fd","com.jiewang.ztbz.bc84fd54a45c4432b922d1eff5a1912fd",,,"1","0","ADX","16/4/2026 05:19:56"
"com.jiewang.ztbz.cf84b7fe0f9a247b2bd9c9048c8f97603","com.jiewang.ztbz.cf84b7fe0f9a247b2bd9c9048c8f97603",,,"1","0","ADX","16/4/2026 05:19:56"
"com.jiewang.ztbz.d9512512fceab46bf8a3809aaa55517d3","com.jiewang.ztbz.d9512512fceab46bf8a3809aaa55517d3",,,"1","0","ADX","16/4/2026 05:19:56"
"com.jiewang.ztbz.dd21b848ed4cf4f448dd10c57bbc72a91","com.jiewang.ztbz.dd21b848ed4cf4f448dd10c57bbc72a91",,,"1","0","ADX","16/4/2026 05:19:56"
"com.jiewang.ztbz.f49b7103673cc4c1cb3125d51e97c3c9f","com.jiewang.ztbz.f49b7103673cc4c1cb3125d51e97c3c9f",,,"2","0","ADX","16/4/2026 05:19:56"
"com.jiewang.ztbz.ff5000623d3434f398365f4798fea1594","com.jiewang.ztbz.ff5000623d3434f398365f4798fea1594",,,"1","0","ADX","16/4/2026 05:19:56"
"com.jiewang.ztbz.h399cbf5be01b4ec39c706017f4fb291c","com.jiewang.ztbz.h399cbf5be01b4ec39c706017f4fb291c",,,"1","0","ADX","16/4/2026 05:19:56"
"com.jiewang.ztbz.h3f8e640ab31a4e6c91cf05b940dcc66b","com.jiewang.ztbz.h3f8e640ab31a4e6c91cf05b940dcc66b",,,"1","0","ADX","16/4/2026 05:19:56"
"com.jiewang.ztbz.i8d024ef9e0734769b2066a1f0e3deeed","com.jiewang.ztbz.i8d024ef9e0734769b2066a1f0e3deeed",,,"1","0","ADX","16/4/2026 05:19:56"
"com.jiewang.ztbz.k3e692afabd234d238a1dc0c9ae63cd53","com.jiewang.ztbz.k3e692afabd234d238a1dc0c9ae63cd53",,,"3","0","ADX","16/4/2026 05:19:56"
"com.jiewang.ztbz.l2d45f2ac7a87431aa06b627379f267b5","com.jiewang.ztbz.l2d45f2ac7a87431aa06b627379f267b5",,,"1","0","ADX","16/4/2026 05:19:56"
"com.jiewang.ztbz.m4a02b59d609d4baaaa1a5f807fb78b7f","com.jiewang.ztbz.m4a02b59d609d4baaaa1a5f807fb78b7f",,,"1","0","ADX","16/4/2026 05:19:56"
"com.jiewang.ztbz.n052f5c81d20242018488478c207878f5","com.jiewang.ztbz.n052f5c81d20242018488478c207878f5",,,"1","0","ADX","16/4/2026 05:19:56"
"com.jiewang.ztbz.o68c71507cdc64eb4b836f1f4793e9d96","com.jiewang.ztbz.o68c71507cdc64eb4b836f1f4793e9d96",,,"1","0","ADX","16/4/2026 05:19:56"
"com.jiewang.ztbz.o75e3239a8ec347c0b60d60b0ed8d5644","com.jiewang.ztbz.o75e3239a8ec347c0b60d60b0ed8d5644",,,"1","0","ADX","16/4/2026 05:19:56"
"com.jiewang.ztbz.q4cfd7235a3584bdcbf8df7fc36071aee","com.jiewang.ztbz.q4cfd7235a3584bdcbf8df7fc36071aee",,,"2","0","ADX","16/4/2026 05:19:56"
"com.jiewang.ztbz.q8cb5070fe45844ba808dd26da01ece05","com.jiewang.ztbz.q8cb5070fe45844ba808dd26da01ece05",,,"1","0","ADX","16/4/2026 05:19:56"
"com.jiewang.ztbz.r680204229a5b4ac182674e7519f3ab61","com.jiewang.ztbz.r680204229a5b4ac182674e7519f3ab61",,,"1","0","ADX","16/4/2026 05:19:56"
"com.jiewang.ztbz.rd9e92c9ffd694101ab8de5134c049d0c","com.jiewang.ztbz.rd9e92c9ffd694101ab8de5134c049d0c",,,"1","0","ADX","16/4/2026 05:19:56"
"com.jiewang.ztbz.u840bf61e61564524b083460361686f22","com.jiewang.ztbz.u840bf61e61564524b083460361686f22",,,"1","0","ADX","16/4/2026 05:19:56"
"com.jiewang.ztbz.w1a2ea0fe0c9c4f3dad54c7cb8c33f36f","com.jiewang.ztbz.w1a2ea0fe0c9c4f3dad54c7cb8c33f36f",,,"1","0","ADX","16/4/2026 05:19:56"
"com.jiewang.ztbz.xc69bba76fe864e5794049bf53f97a485","com.jiewang.ztbz.xc69bba76fe864e5794049bf53f97a485",,,"1","0","ADX","16/4/2026 05:19:56"
"com.jiewang.ztbz.yb25ff1d9c1b64caab3a6271f04440bf9","com.jiewang.ztbz.yb25ff1d9c1b64caab3a6271f04440bf9",,,"1","0","ADX","16/4/2026 05:19:56"
"com.jiewang.ztbz.ycc2590d1d1b0449c98e453bf49ae4986","com.jiewang.ztbz.ycc2590d1d1b0449c98e453bf49ae4986",,,"1","0","ADX","16/4/2026 05:19:56"
"com.jieyi.citycomm.jilin","码码通",,,"1464","0","ADX","16/4/2026 05:18:46"
"com.jieyisoft.whtapp","com.jieyisoft.whtapp","本地宝",,"3","0","ADX","16/4/2026 05:18:48"
"com.jieyisoft.whtapp","石家庄轨道交通","本地宝",,"1","0","ADX","16/4/2026 05:18:44"
"com.jin10.lgd","com.jin10.lgd",,,"70","0","ADX","16/4/2026 05:19:28"
"com.jincouaon","安卓",,,"1","0","ADX","16/4/2026 05:18:52"
"com.jindk.zipmaster","",,,"2","0","ADX","16/4/2026 05:18:49"
"com.jindk.zipmaster","解压专家",,,"3336","0","ADX","16/4/2026 05:19:49"
"com.jindk.zipmaster","解压专家iOS",,,"1","0","ADX","16/4/2026 05:18:41"
"com.jingxiu.roarcj.huawei","仙境传说：爱如初见",,,"1","0","ADX","16/4/2026 05:19:36"
"com.jingzhixing.fj.b42da7588951a4bbeb4d55375743b832e","风象日记",,,"1","0","ADX","16/4/2026 05:18:44"
"com.jingzhixing.fj.ia3d687c410fb467ca9564cec6cab5573","com.jingzhixing.fj.ia3d687c410fb467ca9564cec6cab5573",,,"1","0","ADX","16/4/2026 05:19:56"
"com.jiry.sgrk","有米剧场-25.10.24",,,"2","0","ADX","16/4/2026 05:19:25"
"com.jiulx.quickapp","九里香",,,"313","0","ADX","16/4/2026 05:18:49"
"com.jiyikeji.app","心悦",,,"8","0","ADX","16/4/2026 05:19:22"
"com.jiyikeji.app","星屿短剧",,,"72","0","ADX","16/4/2026 05:19:49"
"com.jiyikeji.app","极诣移动办公软件",,,"18","0","ADX","16/4/2026 05:18:49"
"com.jiyikeji.app","澜途云趣",,,"1","0","ADX","16/4/2026 05:19:25"
"com.jiyikeji.app","鑫汇通",,,"4","0","ADX","16/4/2026 05:18:56"
"com.jj.scan.farahead","",,,"1","0","ADX","16/4/2026 05:18:44"
"com.jj.xyrj","星云燃剧",,,"3976","0","ADX","16/4/2026 05:19:38"
"com.jjxijinbi.kjltgs","商海听金",,,"3","0","ADX","16/4/2026 05:18:46"
"com.jkytech.ipcam.android","幻境盒子",,,"8","0","ADX","16/4/2026 05:19:53"
"com.jlhw.rtdn","云游",,,"1","0","ADX","16/4/2026 05:18:44"
"com.jlongg.mix","",,,"1","0","ADX","16/4/2026 05:18:52"
"com.jlongg.mix","吉工家-ios",,,"15","0","ADX","16/4/2026 05:19:53"
"com.jnmdd.app","米兜兜",,,"1","0","ADX","16/4/2026 05:18:44"
"com.jnsdyt.limeberry","com.jnsdyt.limeberry",,,"1","0","ADX","16/4/2026 05:19:56"
"com.jntxv2.zadati2","最爱答题",,,"605","0","ADX","16/4/2026 05:18:46"
"com.joke.chongya","安卓",,,"2","0","ADX","16/4/2026 05:18:52"
"com.jooan.androidnightjarspeedlink","",,,"1","0","ADX","16/4/2026 05:18:41"
"com.jooan.cowspirit","IOS","休闲游戏",,"14","0","ADX","16/4/2026 05:18:52"
"com.jooan.cowspirit","SDK聚合-iOS","休闲游戏",,"2","0","ADX","16/4/2026 05:18:42"
"com.jooan.cowspirit","com.jooan.cowspirit","休闲游戏",,"1","0","ADX","16/4/2026 05:19:40"
"com.jooan.fingertip","","实用工具",,"1","0","ADX","16/4/2026 05:18:41"
"com.jooan.fingertip","指尖看看安卓","实用工具",,"3","0","ADX","16/4/2026 05:19:53"
"com.jooan.qiaoanzhilian","","实用工具",,"1","0","ADX","16/4/2026 05:18:52"
"com.jooan.qiaoanzhilian","安卓","实用工具",,"1343","0","ADX","16/4/2026 05:18:52"
"com.joyapper.pthlearning","com.joyapper.pthLearning",,,"8","0","ADX","16/4/2026 05:19:19"
"com.joyapper.pthlearning","普通话学习",,,"1233","0","ADX","16/4/2026 05:19:19"
"com.jqrjl.yxstudent","得手驾园",,,"2","0","ADX","16/4/2026 05:19:38"
"com.jsnkj.hxsg","合序时光",,,"14","0","ADX","16/4/2026 05:18:46"
"com.jspp","JSPP安卓主包","聊天社交",,"1159","0","ADX","16/4/2026 05:18:49"
"com.jspp","jspp","聊天社交",,"4","0","ADX","16/4/2026 05:18:46"
"com.jsppjs.www","JSPP极速版 ios",,,"1","0","ADX","16/4/2026 05:18:48"
"com.juanvision.jcloud","安卓",,,"8","0","ADX","16/4/2026 05:18:52"
"com.juejinchain.android","掘金宝Android",,,"1","0","ADX","16/4/2026 05:19:51"
"com.julanling.xsgjz","聚兰灵小学生之家","教育/办公",,"5","0","ADX","16/4/2026 05:19:53"
"com.jumao.jm","com.jumao.jm",,,"2","0","ADX","16/4/2026 05:19:56"
"com.jumao.jm","聚猫",,,"5","0","ADX","16/4/2026 05:18:46"
"com.junjieruan.digitalclock","com.junjieruan.digitalclock",,,"1835","0","ADX","16/4/2026 05:19:53"
"com.junjieruan.digitalclock","数字时钟",,,"1","0","ADX","16/4/2026 05:18:41"
"com.jw","com.jw",,,"1","0","ADX","16/4/2026 05:19:56"
"com.jxedt.kms","驾校一点通极速版",,,"6","0","ADX","16/4/2026 05:18:46"
"com.jyl.spoiler","小黄石",,,"12","0","ADX","16/4/2026 05:19:49"
"com.jzc.fastbuy","快购宝",,,"26409","0","ADX","16/4/2026 05:19:14"
"com.kaihe.enjoyscampus","com.kaihe.enjoyscampus",,,"7","0","ADX","16/4/2026 05:19:53"
"com.kangar.oosy","","游戏",,"1","0","ADX","16/4/2026 05:18:41"
"com.kangar.oosy","易淘生活","游戏",,"1324","0","ADX","16/4/2026 05:18:49"
"com.kangguo.bookbranch","书枝阅读","扬州慷果科技有限公司",,"3","0","ADX","16/4/2026 05:18:49"
"com.kanguanggao","com.kanguanggao",,,"1","0","ADX","16/4/2026 05:18:39"
"com.kanguanggao","信宇",,,"2","0","ADX","16/4/2026 05:19:19"
"com.kanguanggao","信宇398",,,"49","0","ADX","16/4/2026 05:18:46"
"com.kasercook","美食菜谱",,,"9","0","ADX","16/4/2026 05:19:53"
"com.kcxyyc.lszbdsx","喜羊羊",,,"222","0","ADX","16/4/2026 05:18:46"
"com.keisa.grta","",,,"1","0","ADX","16/4/2026 05:18:48"
"com.keisa.grta","有米剧场极速版",,,"5355","0","ADX","16/4/2026 05:18:49"
"com.kestrel.jsjpstudent","",,,"4","0","ADX","16/4/2026 05:18:49"
"com.kg.bookbranch","书枝阅读",,,"3","0","ADX","16/4/2026 05:19:49"
"com.kiloo.subwaysurf.cn","地铁跑酷 - iOSGods.com",,,"4","0","ADX","16/4/2026 05:19:32"
"com.kkdzhuanpzuojd.yinkouyxian","com.kkdzhuanpzuojd.yinkouyxian",,,"1","0","ADX","16/4/2026 05:19:56"
"com.kkdzhuanpzuojd.yinkouyxian","可可丁转盘做决定",,,"465","0","ADX","16/4/2026 05:19:53"
"com.klcxkj.zqxy","","实用工具",,"67","0","ADX","16/4/2026 05:18:49"
"com.kldg.qcxj","恐龙打工",,,"2","0","ADX","16/4/2026 05:18:42"
"com.kosai.www","积木次元",,,"1","0","ADX","16/4/2026 05:18:44"
"com.kslw.rtde","淳硕简玩-10-15",,,"1609","0","ADX","16/4/2026 05:18:49"
"com.kslw.rtde","简玩剧场",,,"29381","0","ADX","16/4/2026 05:18:46"
"com.kslw.rtde","简玩剧场金秋版",,,"4","0","ADX","16/4/2026 05:18:46"
"com.kt.hzvoluntee","com.kt.hzvoluntee",,,"1","0","ADX","16/4/2026 05:18:52"
"com.kuaiyin.play","快音",,,"1","0","ADX","16/4/2026 05:19:56"
"com.kuaiyin.player","快音_Android","影音视听",,"65017","0","ADX","16/4/2026 05:18:49"
"com.kwai.videoeditor.debug.caolu","com.kwai.videoeditor.debug.caolu",,,"1","0","ADX","16/4/2026 05:19:25"
"com.lancens.wxdoorbell","","居家生活",,"1","0","ADX","16/4/2026 05:18:41"
"com.lancens.wxdoorbell","SDK聚合-iOS","居家生活",,"35948","0","ADX","16/4/2026 05:18:46"
"com.lancens.wxdoorbell","叮叮智能-Android","居家生活",,"3418","0","ADX","16/4/2026 05:18:49"
"com.lancens.wxdoorbell","叮叮智能-iOS","居家生活",,"2839","0","ADX","16/4/2026 05:18:49"
"com.lancens.wxdoorbell","安卓","居家生活",,"1","0","ADX","16/4/2026 05:18:52"
"com.lanlanys.app","nanguasp","社交/语音聊天",,"11","0","ADX","16/4/2026 05:19:43"
"com.lanzhucce.quickapp","兰竹测",,,"9","0","ADX","16/4/2026 05:19:28"
"com.laodaiyx.duoniu3","com.laodaiyx.duoniu3",,,"3","0","ADX","16/4/2026 05:19:53"
"com.ldcx.hongtu","宏图",,,"6","0","ADX","16/4/2026 05:19:53"
"com.ledou.dtpk.kuaishou","地铁跑酷",,,"50","0","ADX","16/4/2026 05:19:53"
"com.leisu.sports.10","com.leisu.sports.10",,,"1","0","ADX","16/4/2026 05:19:30"
"com.leisu.sports.10","leisu10",,,"4","0","ADX","16/4/2026 05:19:43"
"com.leisu.sports.12","leisu12",,,"6","0","ADX","16/4/2026 05:19:00"
"com.leisu.sports.13","leisu13",,,"2","0","ADX","16/4/2026 05:19:53"
"com.leisu.sports.15","",,,"1","0","ADX","16/4/2026 05:18:48"
"com.leisu.sports.15","leisu15",,,"5","0","ADX","16/4/2026 05:19:53"
"com.leisu.sports.17","leisu17",,,"2","0","ADX","16/4/2026 05:18:52"
"com.leisu.sports.9","com.leisu.sports.9",,,"1","0","ADX","16/4/2026 05:19:03"
"com.leisu.sports.9","leisu9",,,"3","0","ADX","16/4/2026 05:19:32"
"com.leisu.sports1.3","leisu3",,,"2","0","ADX","16/4/2026 05:19:00"
"com.leisu.sports3837","强",,,"4","0","ADX","16/4/2026 05:19:49"
"com.leisu.sports4953","com.leisu.sports4953",,,"1","0","ADX","16/4/2026 05:19:36"
"com.leisu.sports4953","豪",,,"3","0","ADX","16/4/2026 05:19:49"
"com.leisu.sports6676","冯2",,,"2","0","ADX","16/4/2026 05:18:49"
"com.leisu.sports7447","com.leisu.sports7447",,,"1","0","ADX","16/4/2026 05:19:40"
"com.leisu.sports7447","宝",,,"1","0","ADX","16/4/2026 05:18:52"
"com.leisu.sports9884","com.leisu.sports9884",,,"1","0","ADX","16/4/2026 05:18:59"
"com.leisu.sports9884","张",,,"2","0","ADX","16/4/2026 05:18:59"
"com.leisu.sports华华华华","com.leisu.sports华华华华",,,"1","0","ADX","16/4/2026 05:19:30"
"com.leiweishi.btacam","BTACAM",,,"11","0","ADX","16/4/2026 05:19:53"
"com.lemon.ee.lvcn","com.lemon.ee.lvcn",,,"113","0","ADX","16/4/2026 05:18:49"
"com.lenchi.djtgdrw","土豆奇遇记",,,"12","0","ADX","16/4/2026 05:19:14"
"com.lenchi.djtgdrw","帽子先森奇遇记",,,"14","0","ADX","16/4/2026 05:19:43"
"com.lenchi.djtgdrw","我在老城区跑酷",,,"3","0","ADX","16/4/2026 05:19:00"
"com.lenchi.djtgdrw","熊猫探险计划",,,"13","0","ADX","16/4/2026 05:19:19"
"com.lenchi.djtgdrw","狂飙大卡车",,,"23","0","ADX","16/4/2026 05:19:38"
"com.lenchi.djtgdrw","看我奇思妙想",,,"10","0","ADX","16/4/2026 05:18:44"
"com.lenchi.kwqsmx","熊猫探险计划",,,"2","0","ADX","16/4/2026 05:19:03"
"com.lenchi.kwqsmx","狂飙大卡车",,,"2","0","ADX","16/4/2026 05:18:32"
"com.lenchi.qqttt","土豆奇遇记",,,"392","0","ADX","16/4/2026 05:19:32"
"com.lenchi.qqttt","帽子先森奇遇记",,,"357","0","ADX","16/4/2026 05:19:14"
"com.lenchi.qqttt","我在老城区跑酷",,,"5","0","ADX","16/4/2026 05:19:43"
"com.lenchi.qqttt","熊猫探险计划",,,"163","0","ADX","16/4/2026 05:19:43"
"com.lenchi.qqttt","狂飙大卡车",,,"223","0","ADX","16/4/2026 05:19:53"
"com.lenchi.qqttt","看我奇思妙想",,,"226","0","ADX","16/4/2026 05:19:32"
"com.lenchi.wzlcqpk","帽子先森奇遇记",,,"2","0","ADX","16/4/2026 05:19:00"
"com.lenchi.wzlcqpk","我在老城区跑酷",,,"1","0","ADX","16/4/2026 05:19:03"
"com.lenchi.wzlcqpk","狂飙大卡车",,,"8","0","ADX","16/4/2026 05:19:08"
"com.lenchi.zqdjw","舜语小说",,,"1","0","ADX","16/4/2026 05:19:36"
"com.lepao.lptiyu.12","步道乐跑",,,"1","0","ADX","16/4/2026 05:19:16"
"com.lepao.lptiyu.13","步道乐跑",,,"1","0","ADX","16/4/2026 05:18:59"
"com.lepao.lptiyu.22","步道乐跑",,,"1","0","ADX","16/4/2026 05:18:59"
"com.lepao.lptiyu.24","步道乐跑",,,"1","0","ADX","16/4/2026 05:19:03"
"com.leshu.facebeauty","悦颜美颜","图片美化|拍摄剪辑",,"1","0","ADX","16/4/2026 05:19:20"
"com.lg.youbao.two","乐欢宝","游戏工具",,"361","0","ADX","16/4/2026 05:18:49"
"com.lg.youbao.two","有宝","游戏工具",,"2","0","ADX","16/4/2026 05:18:44"
"com.lgkj.preferredsm","优选购物坊",,,"37197","0","ADX","16/4/2026 05:19:14"
"com.lieju.escanu","com.lieju.escanu",,,"2","0","ADX","16/4/2026 05:19:22"
"com.lieju.escanu","易视看",,,"16","0","ADX","16/4/2026 05:19:43"
"com.lindsay.joaquinpark","120-时光短剧",,,"6","0","ADX","16/4/2026 05:18:42"
"com.link.bottle","IOS",,,"369","0","ADX","16/4/2026 05:18:52"
"com.link.bottle","漂流瓶",,,"9","0","ADX","16/4/2026 05:19:19"
"com.linkxview.see","com.linkxview.see",,,"59","0","ADX","16/4/2026 05:19:28"
"com.little.shark.cat","com.little.shark.cat",,,"1","0","ADX","16/4/2026 05:19:56"
"com.liubowang.photoretouch.vivo.wm","PS修图大师",,,"7","0","ADX","16/4/2026 05:19:43"
"com.liuhe.xzns","sdk iOS",,,"1","0","ADX","16/4/2026 05:19:56"
"com.liuyaoxuexi","卜盘",,,"1","0","ADX","16/4/2026 05:18:44"
"com.lixiangdong.audioextrator.huawei","音频音乐提取器",,,"1","0","ADX","16/4/2026 05:19:03"
"com.lixiangdong.lcdwatch.pro","全屏时钟",,,"3","0","ADX","16/4/2026 05:19:32"
"com.lixiangdong.lcdwatch.pro","冪寶桌面時鐘",,,"1","0","ADX","16/4/2026 05:19:20"
"com.lixiangdong.lcdwatch.pro","桌面時鐘",,,"2","0","ADX","16/4/2026 05:19:22"
"com.lixiangdong.songcutter","音訊音樂剪輯",,,"1","0","ADX","16/4/2026 05:18:48"
"com.lixiangdong.songcutter","音频剪辑",,,"37","0","ADX","16/4/2026 05:19:53"
"com.liyan.cwxxl","宠物消消乐",,,"10","0","ADX","16/4/2026 05:18:46"
"com.liyan.ttqmjbdxc.a","天天全民金币大消除",,,"14","0","ADX","16/4/2026 05:18:46"
"com.ljgjk.jhgj","小金牛短剧",,,"466","0","ADX","16/4/2026 05:18:46"
"com.ljgjk.jhgj","小金牛贺岁版",,,"6063","0","ADX","16/4/2026 05:18:46"
"com.ljzb.longjuzaibao","",,,"1","0","ADX","16/4/2026 05:18:41"
"com.llsmzz.www","霖霖声眠",,,"17","0","ADX","16/4/2026 05:18:32"
"com.llsq.llapp","爱琉璃",,,"72","0","ADX","16/4/2026 05:19:43"
"com.lofa.baq","",,,"2","0","ADX","16/4/2026 05:18:46"
"com.lofa.baq","安卓",,,"1","0","ADX","16/4/2026 05:18:52"
"com.lofa.baq","小金牛故事",,,"16193","0","ADX","16/4/2026 05:18:49"
"com.lofa.baq","小金牛故事-26.3.2-安卓",,,"5","0","ADX","16/4/2026 05:18:42"
"com.lofa.baq","悦读书",,,"1","0","ADX","16/4/2026 05:18:44"
"com.lsa17see.ali","SDK聚合-iOS",,,"870","0","ADX","16/4/2026 05:18:46"
"com.lsa17see.ali","com.lsa17see.ali",,,"5","0","ADX","16/4/2026 05:19:53"
"com.lsdt.tezhibaik","特知百科馆",,,"32","0","ADX","16/4/2026 05:19:22"
"com.lslyy.diary","日常备忘录",,,"2","0","ADX","16/4/2026 05:19:56"
"com.lsx.zzys.fy","飞阳",,,"10","0","ADX","16/4/2026 05:19:19"
"com.luiz.lovenote2.2","恋爱记2 2",,,"1","0","ADX","16/4/2026 05:18:32"
"com.lunarocean.appdesk","麦客",,,"4","0","ADX","16/4/2026 05:19:32"
"com.lunarocean.appdesk","麦客短剧精选版",,,"54","0","ADX","16/4/2026 05:18:49"
"com.luojiweidu.cn","萌宠趣集",,,"1","0","ADX","16/4/2026 05:19:16"
"com.luweispheqq.splw","",,,"2","0","ADX","16/4/2026 05:18:42"
"com.luyun.diary","每日记",,,"544","0","ADX","16/4/2026 05:18:52"
"com.luyun.pinkdiary","com.luyun.pinkdiary",,,"25232","0","ADX","16/4/2026 05:19:49"
"com.luyun.pinkdiary","粉萌日记",,,"1","0","ADX","16/4/2026 05:19:36"
"com.lvzhou.chaomanpao","动感超慢跑",,,"1","0","ADX","16/4/2026 05:18:44"
"com.lxhd.scjb","com.lxhd.scjb",,,"5","0","ADX","16/4/2026 05:18:46"
"com.lxxrjf.mcapp","乐消消软件f",,,"5","0","ADX","16/4/2026 05:18:46"
"com.lygycs.wdthn1","我答题很牛",,,"222","0","ADX","16/4/2026 05:18:46"
"com.mage-app.a.funnyfoodslite","com.mage-app.a.FunnyFoodsLite",,,"250","0","ADX","16/4/2026 05:19:32"
"com.magfk.jbkk","机变酷卡",,,"2","0","ADX","16/4/2026 05:19:53"
"com.magicgame.mcleanface1a","com.magicgame.mcleanface1a",,,"6","0","ADX","16/4/2026 05:19:28"
"com.magicgame.mdadhamburger1a","com.magicgame.mdadhamburger1a",,,"4","0","ADX","16/4/2026 05:18:59"
"com.mailian10.huawei","月汐冥想",,,"1","0","ADX","16/4/2026 05:18:32"
"com.maiquanquann.com","CellEpi Lab","购物/电商",,"2","0","ADX","16/4/2026 05:19:28"
"com.maiquanquann.com","SDK聚合-iOS","购物/电商",,"753","0","ADX","16/4/2026 05:18:46"
"com.maiquanquann.com","金小马-ios","购物/电商",,"7","0","ADX","16/4/2026 05:19:38"
"com.maisidun.tidequery","潮汐表查询",,,"3","0","ADX","16/4/2026 05:18:46"
"com.maisidun.yun","云潮汐表",,,"6","0","ADX","16/4/2026 05:19:14"
"com.mampod.ergedd","儿歌点点iOS","学习教育",,"2","0","ADX","16/4/2026 05:19:38"
"com.mango.voaenglish","VOA慢速英语",,,"1","0","ADX","16/4/2026 05:19:30"
"com.manmanyou.comic.bito08185.wtnidq18415.wfidi6772.aycqkon000.fsjjg68285","ehviewer",,,"1","0","ADX","16/4/2026 05:19:03"
"com.manmanyou.comic.bnaye185.ogxtv7733.zdzce3742.ckjof727.qrl07125","bomtoon",,,"8","0","ADX","16/4/2026 05:19:43"
"com.manmanyou.comic.dlb180.fdtwm81445.vunlux468.bymn178.jbfg87600","CliCli动漫",,,"1","0","ADX","16/4/2026 05:18:52"
"com.manmanyou.comic.ixkkwd74188.ectzgoh581.mawsuj80232.gaijgib1268.wkfjmp27263","贝勒漫画",,,"6","0","ADX","16/4/2026 05:19:32"
"com.manmanyou.comic.moh64037.yizgf38131.pyons84537.densz20213.rtvapm81","manwa漫蛙",,,"25","0","ADX","16/4/2026 05:19:38"
"com.manmanyou.comic.nwmuusq08.glf64.xaatsgu78.hkgbhqt28.nfl748","漫漫澛",,,"1","0","ADX","16/4/2026 05:18:39"
"com.manmanyou.comic.oept80.kpe475.tybza57.fzqo03067.blp468","贝勒漫画",,,"1","0","ADX","16/4/2026 05:19:20"
"com.manmanyou.comic.ptuhnr6133","EhViewer",,,"1","0","ADX","16/4/2026 05:18:48"
"com.manmanyou.comic.rixue621.kfgduv621.nnoo510.buzi088.xrso15503","新新漫画",,,"1","0","ADX","16/4/2026 05:18:59"
"com.manmanyou.comic.tlvihn7238.htup50.mjjlp486.ecos877.wkweg585","MiFun动漫",,,"3","0","ADX","16/4/2026 05:18:40"
"com.manmanyou.comic.uwi6410.prtgllg35.ypogjxb575.gfsjsm11201.wtyhm0222","三号动漫",,,"2","0","ADX","16/4/2026 05:19:43"
"com.manmanyou.comic.ydtatf317.vmcnz337.rjaps402.qmu7033.mmn73303","漫蛙",,,"2","0","ADX","16/4/2026 05:19:53"
"com.manmanyou.ycy","异次元",,,"2","0","ADX","16/4/2026 05:19:40"
"com.manniu.super-guard","SDK聚合-iOS",,,"94","0","ADX","16/4/2026 05:18:46"
"com.manniu.super-guard","牛牛卫士",,,"4","0","ADX","16/4/2026 05:19:38"
"com.manniu.zhimanniu","SDK聚合-iOS",,,"97","0","ADX","16/4/2026 05:18:46"
"com.maoba.mlly","麋鹿乐园",,,"1","0","ADX","16/4/2026 05:18:44"
"com.maoying.fitness","健身减肥","减脂瘦身",,"4","0","ADX","16/4/2026 05:19:43"
"com.maoying.rhythmos","专业节拍器",,,"2","0","ADX","16/4/2026 05:19:28"
"com.martian.qmbook","com.martian.qmbook",,,"194","0","ADX","16/4/2026 05:19:14"
"com.masseffect.near","IOS","定位追踪",,"8","0","ADX","16/4/2026 05:18:52"
"com.masseffect.near","lookus_android","定位追踪",,"307080","0","ADX","16/4/2026 05:19:53"
"com.masseffect.near","安卓","定位追踪",,"29","0","ADX","16/4/2026 05:18:52"
"com.masseffect.suki","IOS","聊天社交",,"6","0","ADX","16/4/2026 05:18:52"
"com.masseffect.suki","Suki-ios","聊天社交",,"28","0","ADX","16/4/2026 05:19:38"
"com.masseffect.suki","Suki-安卓","聊天社交",,"1","0","ADX","16/4/2026 05:19:40"
"com.masseffect.suki","Suki-情侣互动恋爱日常-安卓","聊天社交",,"20","0","ADX","16/4/2026 05:18:52"
"com.masseffect.suki","安卓","聊天社交",,"22","0","ADX","16/4/2026 05:18:52"
"com.match.wool.crzay","卡岛iOS",,,"103","0","ADX","16/4/2026 05:19:28"
"com.mating.jztq.b6cec35be95554c43a18ef45489265d75","com.mating.jztq.b6cec35be95554c43a18ef45489265d75",,,"2","0","ADX","16/4/2026 05:19:56"
"com.mating.jztq.c18fa647a4df843759274d3239b1569be","com.mating.jztq.c18fa647a4df843759274d3239b1569be",,,"2","0","ADX","16/4/2026 05:19:56"
"com.mating.jztq.cd7c1a2482a1e477fb9f8dfbaf7e4c4e2","com.mating.jztq.cd7c1a2482a1e477fb9f8dfbaf7e4c4e2",,,"1","0","ADX","16/4/2026 05:19:56"
"com.mating.jztq.d206ec47bf2584cc39a34abd49a288716","com.mating.jztq.d206ec47bf2584cc39a34abd49a288716",,,"1","0","ADX","16/4/2026 05:19:56"
"com.mating.jztq.h734c130008414e90bb8ccb1db74a4bf9","com.mating.jztq.h734c130008414e90bb8ccb1db74a4bf9",,,"1","0","ADX","16/4/2026 05:19:56"
"com.mating.jztq.hc296d4e9fe814798b2ff1daa45f6da9d","com.mating.jztq.hc296d4e9fe814798b2ff1daa45f6da9d",,,"1","0","ADX","16/4/2026 05:19:56"
"com.mating.jztq.hc3fffa1441be46f3a14ca6f9d9e16259","com.mating.jztq.hc3fffa1441be46f3a14ca6f9d9e16259",,,"1","0","ADX","16/4/2026 05:19:56"
"com.mating.jztq.l6fa8ef679fb044cea0868468501fc138","com.mating.jztq.l6fa8ef679fb044cea0868468501fc138",,,"1","0","ADX","16/4/2026 05:19:56"
"com.mating.jztq.n64bcb6fff0554b31a4f26ce6b816eab1","com.mating.jztq.n64bcb6fff0554b31a4f26ce6b816eab1",,,"2","0","ADX","16/4/2026 05:19:56"
"com.mating.jztq.nd20339e5dec84f50af402c361e816b97","com.mating.jztq.nd20339e5dec84f50af402c361e816b97",,,"1","0","ADX","16/4/2026 05:19:56"
"com.mating.jztq.p51bdbe451dda4107b01c3e5b302fd845","com.mating.jztq.p51bdbe451dda4107b01c3e5b302fd845",,,"1","0","ADX","16/4/2026 05:19:56"
"com.mating.jztq.rd4ae254653e24d2b8b23635b1c35698e","com.mating.jztq.rd4ae254653e24d2b8b23635b1c35698e",,,"1","0","ADX","16/4/2026 05:19:56"
"com.mating.jztq.vaf805a8a36c442ad90969a9985d99591","com.mating.jztq.vaf805a8a36c442ad90969a9985d99591",,,"1","0","ADX","16/4/2026 05:19:56"
"com.mating.jztq.z0d44ccba32124582be9f8668ff5bf76d","com.mating.jztq.z0d44ccba32124582be9f8668ff5bf76d",,,"1","0","ADX","16/4/2026 05:19:56"
"com.mating.sygj.cbc37abee5dfa4109b270eab9d0cf99e5","com.mating.sygj.cbc37abee5dfa4109b270eab9d0cf99e5",,,"1","0","ADX","16/4/2026 05:19:56"
"com.mating.sygj.f17f9bac1afcd442dbf46bdaffcc33668","com.mating.sygj.f17f9bac1afcd442dbf46bdaffcc33668",,,"1","0","ADX","16/4/2026 05:19:56"
"com.mating.sygj.g28045e881cef4bf5893182ffbf4c463a","com.mating.sygj.g28045e881cef4bf5893182ffbf4c463a",,,"1","0","ADX","16/4/2026 05:19:56"
"com.mating.sygj.j71fbb3bbb4fa4cedab27957d1b57686c","com.mating.sygj.j71fbb3bbb4fa4cedab27957d1b57686c",,,"3","0","ADX","16/4/2026 05:19:56"
"com.mating.sygj.l16cb6ffc5bc7412992335826c59bdf2b","com.mating.sygj.l16cb6ffc5bc7412992335826c59bdf2b",,,"1","0","ADX","16/4/2026 05:19:56"
"com.mating.sygj.s2f70079b58b543179f3026cd79e5d075","com.mating.sygj.s2f70079b58b543179f3026cd79e5d075",,,"1","0","ADX","16/4/2026 05:19:56"
"com.mc.calendar.safety","",,,"1","0","ADX","16/4/2026 05:18:41"
"com.mcfxxle.cpa","com.mcfxxle.cpa",,,"1","0","ADX","16/4/2026 05:19:56"
"com.mcfxxle.cpa","幸福乐刷e",,,"14","0","ADX","16/4/2026 05:18:46"
"com.mcmiao.home","萌宠喵-OPPO",,,"444","0","ADX","16/4/2026 05:19:08"
"com.mcqhlxxbnov.mcapp","奇幻乐消消c",,,"19","0","ADX","16/4/2026 05:18:46"
"com.mcqtlxxcang.mcapp","蜻蜓乐消消c",,,"9","0","ADX","16/4/2026 05:18:46"
"com.mctianchenglxxc.cpa","甜橙乐消消c",,,"8","0","ADX","16/4/2026 05:18:49"
"com.mctianchenglxxd.cpa","com.mctianchenglxxd.cpa",,,"13","0","ADX","16/4/2026 05:18:46"
"com.mcyanggaungkkb.cpa","com.mcyanggaungkkb.cpa",,,"1","0","ADX","16/4/2026 05:18:41"
"com.mdel.dejl","轻萌短剧",,,"1","0","ADX","16/4/2026 05:18:44"
"com.meican.android","com.meican.android",,,"22","0","ADX","16/4/2026 05:19:56"
"com.meican.android","美餐",,,"61","0","ADX","16/4/2026 05:19:53"
"com.mengmeng.clock","萌萌闹钟",,,"3","0","ADX","16/4/2026 05:19:43"
"com.metale.painitthetown.voxel","com.metale.painitthetown.voxel",,,"1","0","ADX","16/4/2026 05:19:56"
"com.mfcloudcalculate.123networkdisk","",,,"1","0","ADX","16/4/2026 05:18:41"
"com.mfcloudcalculate.123networkdisk","123云盘——上传下载不限速第六年",,,"3","0","ADX","16/4/2026 05:18:52"
"com.mfhzhsh.quickapp","免费嗨追书",,,"360","0","ADX","16/4/2026 05:18:32"
"com.miji.mika","秘咖",,,"2","0","ADX","16/4/2026 05:19:03"
"com.minitech.miniworld","",,,"1","0","ADX","16/4/2026 05:18:59"
"com.minitech.miniworld.qihu","迷你世界",,,"55","0","ADX","16/4/2026 05:19:53"
"com.mkqiusworld.ios","com.mkqiusworld.ios",,,"3","0","ADX","16/4/2026 05:19:28"
"com.mkqiusworld.ios","大象体育-比分预测分析iOS",,,"1","0","ADX","16/4/2026 05:19:56"
"com.mmm.weather.calendar","SDK聚合-iOS",,,"537","0","ADX","16/4/2026 05:18:46"
"com.mmydzz.www","喵喵运动",,,"7531","0","ADX","16/4/2026 05:19:53"
"com.mobivans.decorationcharge","装修记账",,,"2","0","ADX","16/4/2026 05:19:38"
"com.mobivans.onestrokecharge","预记智能账本",,,"3","0","ADX","16/4/2026 05:19:22"
"com.mobivans.onestrokecharge","预记智能账本Android",,,"2","0","ADX","16/4/2026 05:18:52"
"com.mobvoi.yuanchuangdao","com.mobvoi.yuanchuangdao","AI视频处理|其他",,"1","0","ADX","16/4/2026 05:19:56"
"com.money.nbjiakao","com.money.NBJiaKao",,,"16","0","ADX","16/4/2026 05:19:28"
"com.money.nbjiakao","财仝驾考",,,"11","0","ADX","16/4/2026 05:19:49"
"com.monikaceng.reactnativeffmpeg","视频缓存器",,,"9","0","ADX","16/4/2026 05:19:32"
"com.moqu.lnkfun","墨趣书法",,,"5","0","ADX","16/4/2026 05:19:53"
"com.mvtrail.mi.distancemeter","距离测量仪","测距",,"13","0","ADX","16/4/2026 05:19:53"
"com.mxm.apps","萌小喵日记",,,"1230","0","ADX","16/4/2026 05:19:53"
"com.myxxlf.mcapp","蜜柚消消乐f",,,"8","0","ADX","16/4/2026 05:18:46"
"com.mzk.android","大连明珠卡",,,"2","0","ADX","16/4/2026 05:18:41"
"com.mzrt.rtdw","哇区",,,"5","0","ADX","16/4/2026 05:18:41"
"com.naxclow.home","芯动智家",,,"151","0","ADX","16/4/2026 05:19:08"
"com.nbmaster.app.0","NB Pro 0",,,"1","0","ADX","16/4/2026 05:18:39"
"com.nbmaster.app.524","NB Pro",,,"1","0","ADX","16/4/2026 05:19:20"
"com.nbmaster.app.e","NB Pro",,,"1","0","ADX","16/4/2026 05:19:03"
"com.nbqtx.cfafs.koda","全民大乐",,,"5","0","ADX","16/4/2026 05:19:28"
"com.neihuangyuyilong.shenguishangmao","神龟商贸",,,"20","0","ADX","16/4/2026 05:19:43"
"com.netease.a13.avg","易次元-And","图书阅读",,"81","0","ADX","16/4/2026 05:18:49"
"com.netease.cloudmusic","com.netease.cloudmusiC","影音视听",,"3","0","ADX","16/4/2026 05:19:43"
"com.netease.cloudmusic","云音乐激励拉活-ios","影音视听",,"4","0","ADX","16/4/2026 05:18:42"
"com.netease.lofter.1","LOFTER",,,"3","0","ADX","16/4/2026 05:19:38"
"com.netease.study901iphone","网易云课堂",,,"118","0","ADX","16/4/2026 05:19:43"
"com.new.drinkwater","com.new.drinkWater",,,"1","0","ADX","16/4/2026 05:19:11"
"com.newanswer.miaozhicy","com.newanswer.miaozhicy",,,"6","0","ADX","16/4/2026 05:18:46"
"com.newchicken.fuzemanying","com.newchicken.fuzemanying",,,"76","0","ADX","16/4/2026 05:18:46"
"com.newchicken.lingshechengxiang","com.newchicken.lingshechengxiang",,,"7","0","ADX","16/4/2026 05:18:46"
"com.news.nexafeed","com.news.nexafeed",,,"3","0","ADX","16/4/2026 05:19:56"
"com.nineton.babyshow","柚崽",,,"1","0","ADX","16/4/2026 05:18:59"
"com.ningboparking.intellipark","SDK聚合-iOS",,,"943","0","ADX","16/4/2026 05:18:46"
"com.njh.biubiu.cn","IOS",,,"3","0","ADX","16/4/2026 05:18:52"
"com.njh.biubiu.cn","biubiu加速器-国内iOS",,,"64","0","ADX","16/4/2026 05:19:38"
"com.njj.mactivepro","安卓",,,"2","0","ADX","16/4/2026 05:18:52"
"com.nordcurrent.airplanecn","","休闲游戏",,"1534","0","ADX","16/4/2026 05:18:49"
"com.novametric.labs","com.novametric.labs",,,"1","0","ADX","16/4/2026 05:19:56"
"com.novametric.labs","黑金熊卡",,,"1","0","ADX","16/4/2026 05:18:44"
"com.nowfun.nplanttree1a","com.nowfun.nplanttree1a",,,"1","0","ADX","16/4/2026 05:19:30"
"com.ntes.mailmaster","com.ntes.mailmaster",,,"1","0","ADX","16/4/2026 05:19:30"
"com.ntmh.weather.tqjlzs","com.ntmh.weather.tqjlzs",,,"29","0","ADX","16/4/2026 05:18:46"
"com.ntyy.systems.upgrade","com.ntyy.systems.upgrade",,,"2","0","ADX","16/4/2026 05:18:48"
"com.ntyy.wifi.bigdipper","com.ntyy.wifi.bigdipper",,,"21","0","ADX","16/4/2026 05:18:46"
"com.nx.ninxiangleshua","com.nx.ninxiangleshua",,,"1","0","ADX","16/4/2026 05:19:56"
"com.nze.oulxy.qha","小稚天气播报",,,"2","0","ADX","16/4/2026 05:18:32"
"com.oifa.wvg","",,,"2","0","ADX","16/4/2026 05:18:44"
"com.oifa.wvg","安卓",,,"1","0","ADX","16/4/2026 05:18:52"
"com.oifa.wvg","小金牛故事",,,"14569","0","ADX","16/4/2026 05:18:49"
"com.oifc.tecs","简玩短视频",,,"1","0","ADX","16/4/2026 05:18:44"
"com.okcam.ookcam001","点淘",,,"3","0","ADX","16/4/2026 05:18:52"
"com.okcam.ookcam1","com.okcam.ookcam1",,,"1","0","ADX","16/4/2026 05:19:03"
"com.okcam.ookcam1","小鹰看看",,,"24","0","ADX","16/4/2026 05:19:53"
"com.okooo.html5","澳客 1","未知",,"2","0","ADX","16/4/2026 05:19:43"
"com.onewave.jlxx","锦鲤消消",,,"6","0","ADX","16/4/2026 05:18:46"
"com.onewave.jlxx.a","锦鲤消消",,,"7","0","ADX","16/4/2026 05:18:46"
"com.onewave2.cdxxl.a","彩蛋消消乐",,,"4","0","ADX","16/4/2026 05:18:46"
"com.onlyets.ruiya.teachermarking","悦卷通",,,"1","0","ADX","16/4/2026 05:19:36"
"com.oray.sunlogin","向日葵远程控制","远程办公/工具",,"640","0","ADX","16/4/2026 05:19:53"
"com.outfit7.hankislands.cn","com.outfit7.hankislands.cn",,,"1","0","ADX","16/4/2026 05:18:52"
"com.outfit7.talkingtomgoldrun","com.outfit7.talkingtomgoldrun",,,"1","0","ADX","16/4/2026 05:18:52"
"com.padtool.geekgamer","com.padtool.geekgamer",,,"4","0","ADX","16/4/2026 05:19:56"
"com.palmscanner.cn","com.PalmScanner.cn",,,"1","0","ADX","16/4/2026 05:19:25"
"com.pandabus.android.jilinxing","吉林行","共享出行|公交地铁",,"1080","0","ADX","16/4/2026 05:18:46"
"com.pandabus.android.qujing","曲靖公交",,,"177","0","ADX","16/4/2026 05:19:53"
"com.pandabus.android.yanan","延安公交",,,"620","0","ADX","16/4/2026 05:18:46"
"com.pandabus.android.zb","淄博出行",,,"257","0","ADX","16/4/2026 05:18:46"
"com.pandabus.jiangjin","江津公交",,,"100","0","ADX","16/4/2026 05:19:43"
"com.pandabus.qdintelligentbus","琴岛公交查询",,,"2841","0","ADX","16/4/2026 05:18:46"
"com.param.ylum","轻萌短剧",,,"1","0","ADX","16/4/2026 05:18:44"
"com.pcncn.jj","com.pcncn.jj",,,"10","0","ADX","16/4/2026 05:19:56"
"com.pear.ilovetimer","我爱计时器",,,"451","0","ADX","16/4/2026 05:19:22"
"com.phantom.trace","麦客猜歌版",,,"17","0","ADX","16/4/2026 05:18:49"
"com.phosph.orus","易省多多",,,"823","0","ADX","16/4/2026 05:18:49"
"com.pingjianshi.home","屏间诗-小米",,,"2902","0","ADX","16/4/2026 05:19:22"
"com.player.control","河马剧场",,,"26266","0","ADX","16/4/2026 05:19:19"
"com.ply.jianda","",,,"1","0","ADX","16/4/2026 05:18:44"
"com.ply.jianda","com.ply.jianda",,,"27","0","ADX","16/4/2026 05:18:46"
"com.portabledaily.box","com.portabledaily.box",,,"1","0","ADX","16/4/2026 05:19:56"
"com.ppmm.hebao","安卓",,,"7","0","ADX","16/4/2026 05:18:52"
"com.pqcqj.nluyd","com.pqcqj.nluyd",,,"2","0","ADX","16/4/2026 05:19:56"
"com.preview.image","红包猜歌","工具",,"9","0","ADX","16/4/2026 05:18:46"
"com.preview.image","红包猜歌-250519","工具",,"2","0","ADX","16/4/2026 05:19:00"
"com.ptbnjy.bwpnakrvts","com.ptbnjy.bwpnakrvts",,,"59","0","ADX","16/4/2026 05:18:46"
"com.ptxwz.htzpt","拼图小王子",,,"2","0","ADX","16/4/2026 05:19:22"
"com.qbzsmapp.app","清芝柏商贸",,,"8","0","ADX","16/4/2026 05:19:28"
"com.qianggedlw.zbd","强哥大力挖",,,"6","0","ADX","16/4/2026 05:18:46"
"com.qianguo.platinum","仟果白金版","短视频/影视",,"37","0","ADX","16/4/2026 05:18:41"
"com.qiankecaizimi.yinkoubaob","千可可猜字谜",,,"143","0","ADX","16/4/2026 05:19:32"
"com.qianliai0o0.com","千里AI",,,"8","0","ADX","16/4/2026 05:19:43"
"com.qianwan.premium.xr","仟玩尊享版",,,"621","0","ADX","16/4/2026 05:18:49"
"com.qianwan.supreme.xr","52-优米短剧com.qianwan.supreme.xr","VR/AR体验",,"1","0","ADX","16/4/2026 05:18:52"
"com.qianwan.supreme.xr","52-优米短剧supreme","VR/AR体验",,"401","0","ADX","16/4/2026 05:19:53"
"com.qianwan.supreme.xr","仟玩至尊版","VR/AR体验",,"687","0","ADX","16/4/2026 05:18:49"
"com.qianwan.xr","52-仟玩-com.qianwan.xr","VR/AR体验",,"2","0","ADX","16/4/2026 05:18:48"
"com.qianwan.xr","仟玩","VR/AR体验",,"2300","0","ADX","16/4/2026 05:18:49"
"com.qicaikeji.www","",,,"1","0","ADX","16/4/2026 05:18:44"
"com.qihoo.cleandroid_lite","360清理大师极速版","实用工具",,"8","0","ADX","16/4/2026 05:18:46"
"com.qihoo.magic","分身大师",,,"1","0","ADX","16/4/2026 05:18:59"
"com.qihoo.safetyhome","360智慧生活iOS",,,"1","0","ADX","16/4/2026 05:18:44"
"com.qihoo.safetyhome","IOS",,,"6","0","ADX","16/4/2026 05:18:52"
"com.qihoo.safetyhome","智慧生活",,,"8","0","ADX","16/4/2026 05:18:46"
"com.qingcao.newqc","com.qingcao.newqc",,,"1","0","ADX","16/4/2026 05:19:16"
"com.qingfeng.player","com.qingfeng.player",,,"1","0","ADX","16/4/2026 05:19:36"
"com.qingfeng.player","清风DJ",,,"10","0","ADX","16/4/2026 05:19:53"
"com.qinghuan","情侣真心话大冒险",,,"4","0","ADX","16/4/2026 05:18:44"
"com.qingwatq.weather","com.qingwatq.weather","天气",,"5","0","ADX","16/4/2026 05:18:46"
"com.qingwatq.weather","呱呱天气","天气",,"116","0","ADX","16/4/2026 05:19:53"
"com.qingyue.bugu","com.qingyue.bugu",,,"3522","0","ADX","16/4/2026 05:19:28"
"com.qingyue.bugu","布咕阅读",,,"11","0","ADX","16/4/2026 05:19:28"
"com.qinlinkeji.www.qinlinopendoor","%E4%BA%B2%E9%82%BB%E5%BC%80%E9%97%A8","智能硬件/门禁",,"2","0","ADX","16/4/2026 05:19:11"
"com.qinlinkeji.www.qinlinopendoor","SDK聚合-iOS","智能硬件/门禁",,"46","0","ADX","16/4/2026 05:18:46"
"com.qinlinkeji.www.qinlinopendoor2","亲邻开门2",,,"1","0","ADX","16/4/2026 05:18:59"
"com.qiu.okw.opg","",,,"5","0","ADX","16/4/2026 05:18:42"
"com.qiu.okw.opg","大师兄影视",,,"20","0","ADX","16/4/2026 05:19:38"
"com.qiu.okw.opg","艺码坊",,,"1","0","ADX","16/4/2026 05:19:56"
"com.qiu.okw.opg.xiaofei","com.qiu.okw.opg.xiaofei",,,"13","0","ADX","16/4/2026 05:19:28"
"com.qiuzhenqiushi.fabu","求真求是",,,"1","0","ADX","16/4/2026 05:19:30"
"com.qixiang.yan","气象眼",,,"7","0","ADX","16/4/2026 05:19:14"
"com.qiyi.iphone","com.qiyi.iphone",,,"5","0","ADX","16/4/2026 05:19:14"
"com.qn.kxbzbu","com.qn.kxbzbu",,,"15","0","ADX","16/4/2026 05:18:46"
"com.qntong.flowmanager","com.qntong.flowmanager",,,"1","0","ADX","16/4/2026 05:19:56"
"com.qnzsw.app","全能助手王",,,"1","0","ADX","16/4/2026 05:19:25"
"com.qp333.car","汽修宝Android",,,"4851","0","ADX","16/4/2026 05:18:49"
"com.qp333.carep","汽修宝iOS",,,"8","0","ADX","16/4/2026 05:18:52"
"com.qq.cloudfun","云趣阁",,,"3983","0","ADX","16/4/2026 05:19:00"
"com.qqcy.qckj","奇趣成语","学习教育",,"75","0","ADX","16/4/2026 05:19:19"
"com.qqcy.qckj","洋洋成语","学习教育",,"903","0","ADX","16/4/2026 05:18:46"
"com.qs.camera.shaoguang","com.qs.camera.shaoguang",,,"19","0","ADX","16/4/2026 05:19:53"
"com.quanfen.lllegalgraphyplo","com.quanfen.Lllegalgraphyplo",,,"1","0","ADX","16/4/2026 05:19:36"
"com.qulian.apps.android.gi","安卓",,,"3","0","ADX","16/4/2026 05:18:52"
"com.qycg.qychenguang.speed","",,,"1","0","ADX","16/4/2026 05:18:41"
"com.qycg.qychenguang.speed","com.qycg.qychenguang.speed",,,"1","0","ADX","16/4/2026 05:19:56"
"com.qznet.fjtgj","防监听管家",,,"2","0","ADX","16/4/2026 05:18:49"
"com.qznet.hideking","应用隐藏",,,"1","0","ADX","16/4/2026 05:19:03"
"com.qznet.perfectface","完美美颜",,,"1","0","ADX","16/4/2026 05:19:56"
"com.qzsoft.dtmp","com.qzsoft.dtmp",,,"1","0","ADX","16/4/2026 05:19:16"
"com.realtech.xiaocan.1","小蚕惠生活 1",,,"12","0","ADX","16/4/2026 05:18:49"
"com.realtech.xiaocan.2","小蚕惠生活 2",,,"4","0","ADX","16/4/2026 05:19:19"
"com.realtech1.xiaocan","小蚕",,,"1","0","ADX","16/4/2026 05:18:44"
"com.redfingerapp","com.redfingerapp",,,"1","0","ADX","16/4/2026 05:18:44"
"com.rhachi.tomou","尚玩甜品-260325",,,"1","0","ADX","16/4/2026 05:19:47"
"com.rise.iostjxhz","开心消消乐®",,,"1","0","ADX","16/4/2026 05:19:47"
"com.riskbird2.mobile","启明",,,"15","0","ADX","16/4/2026 05:18:46"
"com.rsfaji.llasfjhz","162-极客赚手",,,"3","0","ADX","16/4/2026 05:18:42"
"com.rsfaji.llasfjhz","米多剧场",,,"1","0","ADX","16/4/2026 05:19:03"
"com.rson.sports","雷速体育",,,"1","0","ADX","16/4/2026 05:19:36"
"com.ruibao.headset","VibeLens",,,"1","0","ADX","16/4/2026 05:18:44"
"com.ruichuang.piecerate","计件通",,,"1","0","ADX","16/4/2026 05:18:48"
"com.safeluck.aaej.life","华夏乐游&车生活-IOS",,,"4","0","ADX","16/4/2026 05:18:52"
"com.safeluck.aaej.life","安安车生活-IOS",,,"3","0","ADX","16/4/2026 05:18:52"
"com.sailin.ccdcf","com.sailin.ccdcf",,,"1","0","ADX","16/4/2026 05:19:56"
"com.saltchucker","",,,"9","0","ADX","16/4/2026 05:18:46"
"com.saltchucker","安卓",,,"12","0","ADX","16/4/2026 05:18:52"
"com.saltchucker","渔获_Android",,,"10545","0","ADX","16/4/2026 05:18:49"
"com.saltchucker","钓鱼人",,,"1","0","ADX","16/4/2026 05:18:48"
"com.sanhejiasheng.amap","外地车在京畅行",,,"4","0","ADX","16/4/2026 05:19:43"
"com.sdjictec.qdmetro","Qingdao Metro","公交地铁",,"5","0","ADX","16/4/2026 05:18:46"
"com.sdjkjsb.xmqnm","闪电驾考极速版",,,"2","0","ADX","16/4/2026 05:19:19"
"com.seat.find.logic","com.seat.find.logic",,,"3","0","ADX","16/4/2026 05:19:53"
"com.seculink.app","Secueye","摄影摄像",,"29","0","ADX","16/4/2026 05:19:53"
"com.seculink.app","小眯眼-IOS","摄影摄像",,"5119","0","ADX","16/4/2026 05:18:49"
"com.seculink.app","小眯眼-安卓","摄影摄像",,"23500","0","ADX","16/4/2026 05:18:49"
"com.seebaby","",,,"20","0","ADX","16/4/2026 05:18:49"
"com.seeskey.safebox.release","com.seeskey.safebox.release",,,"2","0","ADX","16/4/2026 05:19:56"
"com.seller.zmxy520.com","com.seller.zmxy520.com",,,"1","0","ADX","16/4/2026 05:19:30"
"com.sencent.mm","服务与反馈",,,"3","0","ADX","16/4/2026 05:19:22"
"com.sfic.knight","开心消消乐®",,,"3","0","ADX","16/4/2026 05:18:41"
"com.sgcc.evs.echarge","com.sgcc.evs.echarge",,,"4","0","ADX","16/4/2026 05:19:56"
"com.shalou.timelynews","SDK聚合-iOS",,,"20","0","ADX","16/4/2026 05:18:46"
"com.shalou.timelynews","com.shalou.TimelyNews",,,"3","0","ADX","16/4/2026 05:18:40"
"com.shalou.txslwd","沙漏问答",,,"2341","0","ADX","16/4/2026 05:19:14"
"com.shangancun.student","com.shangancun.student","上岸村优课教育科技（广东）有限公司",,"51","0","ADX","16/4/2026 05:18:56"
"com.shanhubz.quickapp","姗瑚壁纸",,,"1","0","ADX","16/4/2026 05:18:32"
"com.shanwan.virtual","安卓",,,"1","0","ADX","16/4/2026 05:18:52"
"com.shaomiao.dj","com.shaomiao.dj",,,"1","0","ADX","16/4/2026 05:19:56"
"com.shaqiucat.measure","尺子测量员app",,,"1","0","ADX","16/4/2026 05:19:56"
"com.shenghuoquan","com.shenghuoquan",,,"11","0","ADX","16/4/2026 05:19:22"
"com.shengming.yl","生命摇篮",,,"12","0","ADX","16/4/2026 05:18:46"
"com.shengyeshudong.mmsd","密秘树洞",,,"1","0","ADX","16/4/2026 05:19:03"
"com.shenme.ban","com.shenme.ban",,,"8","0","ADX","16/4/2026 05:18:36"
"com.shenmi.jiuguan","",,,"6","0","ADX","16/4/2026 05:18:41"
"com.shenshi.osetsdkpackagetest","",,,"1","0","ADX","16/4/2026 05:19:30"
"com.shensz.ssz-student","一起中学学生-iOS",,,"6","0","ADX","16/4/2026 05:19:53"
"com.shiqichuban.android","com.shiqichuban.android",,,"1","0","ADX","16/4/2026 05:19:56"
"com.shiyu.cg","食玉炊桂",,,"19","0","ADX","16/4/2026 05:19:00"
"com.shoujibo.fangqi","手机播放器",,,"3","0","ADX","16/4/2026 05:18:42"
"com.shouwanger.yujgn","com.shouwanger.yujgn",,,"1674","0","ADX","16/4/2026 05:19:22"
"com.shouwanger.yujgn","地震预警",,,"11483","0","ADX","16/4/2026 05:19:22"
"com.shtj.quwan.one","乐欢宝","游戏",,"190","0","ADX","16/4/2026 05:18:49"
"com.shtj.quwan.one","趣 玩","游戏",,"1","0","ADX","16/4/2026 05:18:41"
"com.shtj.quwan.three","乐欢宝","游戏",,"181","0","ADX","16/4/2026 05:18:49"
"com.shtj.quwan.three","趣玩","游戏",,"2","0","ADX","16/4/2026 05:18:44"
"com.shtj.xiuqu.one","乐欢宝","游戏",,"277","0","ADX","16/4/2026 05:18:49"
"com.shtj.xiuqu.one","秀趣","游戏",,"3","0","ADX","16/4/2026 05:18:46"
"com.shtj.xiuqu.three","乐欢宝","游戏",,"559","0","ADX","16/4/2026 05:18:49"
"com.shtj.xiuqu.three","秀趣","游戏",,"4","0","ADX","16/4/2026 05:18:46"
"com.shuhai.asdlkjfnkasd","风影工具箱",,,"4","0","ADX","16/4/2026 05:18:52"
"com.shuhang.apq","祥爱馨程",,,"1","0","ADX","16/4/2026 05:18:41"
"com.shuhuang.book","com.shuhuang.book",,,"4660","0","ADX","16/4/2026 05:19:28"
"com.shuhuang.book","启明",,,"22","0","ADX","16/4/2026 05:18:46"
"com.shulu.ntgf.bc5f749c0911043f89c015578730435f8","脑图创意工坊",,,"1","0","ADX","16/4/2026 05:19:40"
"com.shulu.ntgf.f5e5cca9815ea446b8f6e44a67a1a88f5","com.shulu.ntgf.f5e5cca9815ea446b8f6e44a67a1a88f5",,,"1","0","ADX","16/4/2026 05:19:56"
"com.shulu.ntgf.h79a1f75aa221433e9519c0a5d876af7b","脑图创意工坊",,,"1","0","ADX","16/4/2026 05:19:47"
"com.shulu.ntgf.hbc428560592c45098b20946e058d204f","com.shulu.ntgf.hbc428560592c45098b20946e058d204f",,,"1","0","ADX","16/4/2026 05:19:56"
"com.shulu.ntgf.x527df65f10ee4913810aba7023445386","com.shulu.ntgf.x527df65f10ee4913810aba7023445386",,,"3","0","ADX","16/4/2026 05:19:56"
"com.shulu.ntgf.z74448211ba7d4b27a772a4578d689a5f","com.shulu.ntgf.z74448211ba7d4b27a772a4578d689a5f",,,"1","0","ADX","16/4/2026 05:19:56"
"com.shumireader.reader","飞雨小说",,,"119","0","ADX","16/4/2026 05:19:49"
"com.shunsuijizhuapan.baobeicm","顺顺随机转盘做决定",,,"195","0","ADX","16/4/2026 05:19:08"
"com.shuqi.controller","书旗安卓","图书阅读",,"130","0","ADX","16/4/2026 05:19:53"
"com.shuqi.controller","书旗小说","图书阅读",,"26652","0","ADX","16/4/2026 05:18:49"
"com.shuqicenter.reader","书旗小说","阅读",,"1","0","ADX","16/4/2026 05:19:47"
"com.shuzhilejia.jiatingjifenbao","家庭积分宝",,,"1","0","ADX","16/4/2026 05:18:44"
"com.shxq.czyxapp","乐欢宝",,,"214","0","ADX","16/4/2026 05:18:49"
"com.shxq.czyxapp","橙子优选",,,"1","0","ADX","16/4/2026 05:18:41"
"com.shxq.czyxapp.two","乐欢宝",,,"300","0","ADX","16/4/2026 05:18:49"
"com.shxq.czyxapp.two","橙子优选",,,"4","0","ADX","16/4/2026 05:18:46"
"com.shxs.xfzmsz","com.shxs.xfzmsz",,,"1","0","ADX","16/4/2026 05:19:20"
"com.shyb.app","熊猫生活极速版",,,"8","0","ADX","16/4/2026 05:19:28"
"com.sig.wameiji","挖煤姬","海淘",,"1","0","ADX","16/4/2026 05:19:36"
"com.sightcloud.visioncloud","SDK聚合-iOS","实用工具",,"224","0","ADX","16/4/2026 05:18:46"
"com.sjyy.media","快快赚Mini版","直播/社交",,"1935","0","ADX","16/4/2026 05:19:53"
"com.sksm.lot","AIPC",,,"5","0","ADX","16/4/2026 05:19:53"
"com.sksm.lot","com.sksm.lot",,,"1","0","ADX","16/4/2026 05:19:56"
"com.sksm.lot","安卓",,,"2","0","ADX","16/4/2026 05:18:52"
"com.skyworthdigital.picamera","","实用工具",,"10","0","ADX","16/4/2026 05:18:46"
"com.skyworthdigital.picamera","创维智慧云-Android","实用工具",,"77","0","ADX","16/4/2026 05:18:52"
"com.skyworthdigital.picamera","启明","实用工具",,"59","0","ADX","16/4/2026 05:18:46"
"com.slippery.fellow","和美消消乐",,,"12","0","ADX","16/4/2026 05:19:53"
"com.slippery.fellow","油条荧屏",,,"1","0","ADX","16/4/2026 05:18:52"
"com.slwc.caitv","com.slwc.CaiTV",,,"2039","0","ADX","16/4/2026 05:19:43"
"com.smartmanage.assistant","慧理助手",,,"5","0","ADX","16/4/2026 05:19:49"
"com.smileflame.babaguo","com.smileflame.babaguo",,,"1","0","ADX","16/4/2026 05:18:52"
"com.soda.music🤔","com.soda.music🤔",,,"7","0","ADX","16/4/2026 05:19:22"
"com.sodalife.sodax","苏打校园_Android","实用工具",,"383","0","ADX","16/4/2026 05:18:49"
"com.sohu.sohuvideo","com.sohu.sohuvideo",,,"27","0","ADX","16/4/2026 05:18:46"
"com.spect.rohel","好享玩-集合",,,"1","0","ADX","16/4/2026 05:18:41"
"com.spect.rohel","甜品合合",,,"299","0","ADX","16/4/2026 05:18:46"
"com.ss.fresh","云优果1",,,"415","0","ADX","16/4/2026 05:19:28"
"com.ss.fruit","壹果园",,,"698","0","ADX","16/4/2026 05:19:53"
"com.ss.glbbx","格雷百宝箱",,,"4031","0","ADX","16/4/2026 05:19:28"
"com.ss.iphone.article.video","com.ss.iphone.article.Video",,,"2","0","ADX","16/4/2026 05:19:38"
"com.ss.lfpg","人生尺",,,"5742","0","ADX","16/4/2026 05:19:08"
"com.ss.qsfcs","轻食方程式",,,"690","0","ADX","16/4/2026 05:19:08"
"com.ss.sfck","云安盾",,,"370","0","ADX","16/4/2026 05:18:42"
"com.ss.ymdz","幽默段孑",,,"1346","0","ADX","16/4/2026 05:19:32"
"com.ssjinbaoa.cpa","刷刷进宝c",,,"2","0","ADX","16/4/2026 05:18:46"
"com.ssreader.chaoxingstudy","学习通",,,"1","0","ADX","16/4/2026 05:19:03"
"com.ssydance.yard","我的幸福小菜园",,,"1","0","ADX","16/4/2026 05:19:56"
"com.starsidea.wallpaper","com.starsidea.wallpaper",,,"1","0","ADX","16/4/2026 05:19:56"
"com.starsidea.wallpaper","星辰壁纸",,,"1","0","ADX","16/4/2026 05:19:56"
"com.stds.shot","com.stds.shot",,,"3","0","ADX","16/4/2026 05:18:52"
"com.stds.shot","剪同",,,"200","0","ADX","16/4/2026 05:19:19"
"com.stickers.paper.jam","com.stickers.paper.jam",,,"2","0","ADX","16/4/2026 05:19:22"
"com.stickman.archer.master.free","com.stickman.archer.master.free",,,"32","0","ADX","16/4/2026 05:18:36"
"com.stnts.tita.daidai","求带",,,"3","0","ADX","16/4/2026 05:19:53"
"com.studio27.melonplayground","com.studio27.MelonPlayground","沙盒游戏",,"1","0","ADX","16/4/2026 05:19:56"
"com.stvopen","com.stvopen",,,"1","0","ADX","16/4/2026 05:19:56"
"com.sugarmanhua","com.sugarmanhua",,,"1","0","ADX","16/4/2026 05:19:40"
"com.sugarmanhua","糖果漫画",,,"1","0","ADX","16/4/2026 05:19:40"
"com.suishenji.cdscc.hjapp","","记账/工具",,"1","0","ADX","16/4/2026 05:18:44"
"com.suixing.cdqy","随行充电",,,"106","0","ADX","16/4/2026 05:18:49"
"com.suizhi.bhndgz","土豆奇遇记",,,"531","0","ADX","16/4/2026 05:19:49"
"com.suizhi.bhndgz","熊猫探险计划",,,"515","0","ADX","16/4/2026 05:19:53"
"com.suizhi.bhndgz","狂飙大卡车",,,"507","0","ADX","16/4/2026 05:19:43"
"com.suizhi.swmjbzw","云笺阅读",,,"2","0","ADX","16/4/2026 05:18:39"
"com.suma.baoditong","保定通",,,"6","0","ADX","16/4/2026 05:19:38"
"com.sunleaf.hyperbox","麦客","工具/沙盒",,"7","0","ADX","16/4/2026 05:19:28"
"com.sunleaf.hyperbox","麦客优选版","工具/沙盒",,"191","0","ADX","16/4/2026 05:18:49"
"com.sunnever.calendar.forever","com.sunnever.calendar.forever",,,"1","0","ADX","16/4/2026 05:18:52"
"com.superdriving.exam","科目一",,,"57","0","ADX","16/4/2026 05:19:38"
"com.supersport.cn","com.SuperSport.cn",,,"2","0","ADX","16/4/2026 05:19:22"
"com.suyanwlkj.app","火马短剧-免费看领红包",,,"4","0","ADX","16/4/2026 05:18:46"
"com.svmhj.kmnh","com.svmhj.kmnh",,,"1","0","ADX","16/4/2026 05:19:56"
"com.sweep.mine.game","com.sweep.mine.game",,,"1","0","ADX","16/4/2026 05:18:35"
"com.sxm.yiwei","一喂顺风车iOS",,,"747","0","ADX","16/4/2026 05:19:28"
"com.sync.data","猜歌夺宝",,,"85","0","ADX","16/4/2026 05:18:46"
"com.sync.data","猜歌夺宝-250520",,,"1","0","ADX","16/4/2026 05:18:48"
"com.sypx.zsfb","com.sypx.zsfb",,,"1","0","ADX","16/4/2026 05:19:56"
"com.sys.umap","Umap",,,"6","0","ADX","16/4/2026 05:18:52"
"com.szhaowansd.app","小鸡牧场",,,"3","0","ADX","16/4/2026 05:19:22"
"com.talicai.billstool","",,,"18","0","ADX","16/4/2026 05:18:49"
"com.tange365.qmsy","千米神眼-安卓","实用工具",,"1","0","ADX","16/4/2026 05:18:52"
"com.taobao.trip","飞猪","旅行交通",,"2","0","ADX","16/4/2026 05:18:46"
"com.tbit.uqmaintains","com.tbit.uqmaintains",,,"15","0","ADX","16/4/2026 05:19:25"
"com.teamnet.hula","com.teamnet.hula",,,"1","0","ADX","16/4/2026 05:19:56"
"com.teamnet.hula","粤听",,,"534","0","ADX","16/4/2026 05:19:53"
"com.test.jinshu.jzt","家长通",,,"1","0","ADX","16/4/2026 05:19:36"
"com.thclouds.driver","千云司机端_andriod_正式",,,"13","0","ADX","16/4/2026 05:18:49"
"com.thumb.mzbz","com.thumb.mzbz",,,"1","0","ADX","16/4/2026 05:19:56"
"com.tiankongshuyu.kanmanwu","看漫屋",,,"6","0","ADX","16/4/2026 05:19:53"
"com.tianmingzi","按键精灵",,,"1","0","ADX","16/4/2026 05:18:59"
"com.tic.tec.oo.xx","井字互动",,,"122","0","ADX","16/4/2026 05:19:49"
"com.tiguikuaigong.cn","题轨快攻",,,"1","0","ADX","16/4/2026 05:18:41"
"com.tikejishi.cn.hongdou","com.tikejishi.cn.hongdou",,,"1","0","ADX","16/4/2026 05:19:36"
"com.tikejishi.cn.hongdou","词源谜图",,,"1","0","ADX","16/4/2026 05:19:40"
"com.tikejishi.cn.lvdou","com.tikejishi.cn.lvdou",,,"31","0","ADX","16/4/2026 05:19:43"
"com.tikejishi.cn.lvdou","题刻即时",,,"80","0","ADX","16/4/2026 05:19:43"
"com.timeaforce.tea","茶香满园",,,"1","0","ADX","16/4/2026 05:19:51"
"com.tisncssd.tksnd","有玩",,,"35","0","ADX","16/4/2026 05:18:46"
"com.tjawy.aoxing","奥行计步宝",,,"1","0","ADX","16/4/2026 05:19:30"
"com.tjawy.ruiyatq","睿亚天气",,,"446","0","ADX","16/4/2026 05:19:28"
"com.tjhwc.huicheng","慧诚账友",,,"508","0","ADX","16/4/2026 05:18:56"
"com.tjhwc.maihao","迈浩计步",,,"18848","0","ADX","16/4/2026 05:18:49"
"com.tjsjnet.hlx","汇利兴",,,"36","0","ADX","16/4/2026 05:18:42"
"com.tjws.pklxj12.tsoft","短剧线",,,"4","0","ADX","16/4/2026 05:18:46"
"com.tjws.ufxj1.tsoft","富小剧1",,,"1","0","ADX","16/4/2026 05:18:41"
"com.tjws.ufxj11.tsoft","短剧线",,,"2","0","ADX","16/4/2026 05:18:46"
"com.tjwsf.kxja","短剧线",,,"1","0","ADX","16/4/2026 05:18:48"
"com.tjwsf.kxja","酷小剧",,,"1","0","ADX","16/4/2026 05:18:44"
"com.tjwsf.kxjf","短剧线",,,"2","0","ADX","16/4/2026 05:18:46"
"com.tjwsf.kxjg","短剧线",,,"2","0","ADX","16/4/2026 05:18:46"
"com.tjwsf.kxjj","短剧线",,,"4","0","ADX","16/4/2026 05:18:46"
"com.tjwsg.lkdjb","乐看短剧02",,,"1","0","ADX","16/4/2026 05:18:44"
"com.tjwsg.lkdjb","短剧线",,,"1","0","ADX","16/4/2026 05:18:41"
"com.tjwsg.lkdje","短剧线",,,"1","0","ADX","16/4/2026 05:18:41"
"com.tjwsg.lkdjh","短剧线",,,"6","0","ADX","16/4/2026 05:18:46"
"com.tjwsg.lkdji","短剧线",,,"2","0","ADX","16/4/2026 05:18:42"
"com.tjwsg.lkdjk","短剧线",,,"10","0","ADX","16/4/2026 05:18:46"
"com.tjwsh.lkjd","短剧线",,,"2","0","ADX","16/4/2026 05:18:42"
"com.tjwsh.lkjg","短剧线",,,"2","0","ADX","16/4/2026 05:18:48"
"com.tjwsh.lkji","短剧线",,,"2","0","ADX","16/4/2026 05:18:44"
"com.tjwsh.lkjj","短剧线",,,"12","0","ADX","16/4/2026 05:18:46"
"com.tjwsi.qkdjg","短剧线",,,"1","0","ADX","16/4/2026 05:18:44"
"com.tjwsi.qkdji","短剧线",,,"4","0","ADX","16/4/2026 05:18:42"
"com.tjwsi.qkdjj","短剧线",,,"2","0","ADX","16/4/2026 05:18:46"
"com.tjwsj.xfjcf","短剧线",,,"1","0","ADX","16/4/2026 05:18:44"
"com.tjzf.liuyun","流云省心购",,,"1","0","ADX","16/4/2026 05:18:48"
"com.tjzf.windlight","萌欢短剧","工具/灯光",,"3191","0","ADX","16/4/2026 05:19:19"
"com.tm.jiasuqi.gameboost","com.tm.jiasuqi.gameboost",,,"1","0","ADX","16/4/2026 05:19:56"
"com.tobegame.thungrywilds1a","com.tobegame.thungrywilds1a",,,"2","0","ADX","16/4/2026 05:19:19"
"com.tocoding.tcclairvoyant","瞳观",,,"4","0","ADX","16/4/2026 05:19:53"
"com.toh.app.drink.water.reminder","com.toh.app.drink.water.reminder",,,"8","0","ADX","16/4/2026 05:18:40"
"com.tong.shuzhi","数智通",,,"2","0","ADX","16/4/2026 05:19:28"
"com.tool.colorpicker","",,,"11","0","ADX","16/4/2026 05:18:49"
"com.toolapp.bizhi4","com.toolapp.bizhi4",,,"3","0","ADX","16/4/2026 05:19:25"
"com.tools.tool301","柚子阅读器",,,"2","0","ADX","16/4/2026 05:18:48"
"com.topwidgets.ios.app","com.topwidgets.ios.app",,,"9","0","ADX","16/4/2026 05:18:52"
"com.tphp.philips.iot","",,,"2","0","ADX","16/4/2026 05:18:46"
"com.tphp.philips.iot","启明",,,"20","0","ADX","16/4/2026 05:18:42"
"com.tphp.philips.iot","飞利浦家庭摄像机IOS",,,"1","0","ADX","16/4/2026 05:18:52"
"com.trackkd.cn","com.TrackKD.cn",,,"3","0","ADX","16/4/2026 05:19:22"
"com.translate.aitranslate","简易翻译",,,"6550","0","ADX","16/4/2026 05:19:49"
"com.transportation.busall","查公交",,,"12","0","ADX","16/4/2026 05:19:53"
"com.trustway.nbjk","",,,"3","0","ADX","16/4/2026 05:18:49"
"com.tt.question","云趣答",,,"35","0","ADX","16/4/2026 05:18:56"
"com.ttjb.tzqx","必得·狸花猫",,,"315","0","ADX","16/4/2026 05:18:46"
"com.tts.rider","骐手",,,"1","0","ADX","16/4/2026 05:19:47"
"com.tuoluo.oceanpark","com.tuoluo.oceanpark","儿童/教育",,"26","0","ADX","16/4/2026 05:19:53"
"com.tuop.app","com.tuop.app",,,"2","0","ADX","16/4/2026 05:19:56"
"com.tuqiao.easyjob","com.tuqiao.easyjob",,,"5","0","ADX","16/4/2026 05:19:22"
"com.tuqiao.easyjob","鱼泡直聘网",,,"21","0","ADX","16/4/2026 05:18:46"
"com.tuyangqiaopei.cn","图样巧配",,,"10","0","ADX","16/4/2026 05:19:53"
"com.twisted.tangle.rope.untie.cn","com.twisted.tangle.rope.untie.cn",,,"3","0","ADX","16/4/2026 05:19:28"
"com.twofools.averagegraph.zh.free","均线制胜",,,"2571","0","ADX","16/4/2026 05:19:28"
"com.ubestkid.beilehu","com.ubestkid.beilehu",,,"74","0","ADX","16/4/2026 05:19:28"
"com.ubestkid.beilehu","贝乐虎儿歌",,,"4","0","ADX","16/4/2026 05:19:08"
"com.uguess.mydays","com.uguess.MyDays",,,"54510","0","ADX","16/4/2026 05:18:49"
"com.ume.browser.hs","黑鲨瀏覽器",,,"3","0","ADX","16/4/2026 05:19:49"
"com.upgadata.bzvirtual","7723游戏盒bzvirtual",,,"1045","0","ADX","16/4/2026 05:18:49"
"com.upgadata.bzvirtual","7723游戏盒up7723",,,"82","0","ADX","16/4/2026 05:18:49"
"com.usdok.ugiyb.maya","com.usdok.ugiyb.maya",,,"1","0","ADX","16/4/2026 05:19:56"
"com.usekamba.recipemanager",,,,"2","0","ADX","16/4/2026 05:19:36"
"com.uugame.stock.schoool","com.uugame.stock.schoool",,,"1","0","ADX","16/4/2026 05:18:39"
"com.v20262972.uch","工控技术平台",,,"3","0","ADX","16/4/2026 05:19:22"
"com.verna.cular","",,,"1","0","ADX","16/4/2026 05:18:48"
"com.verna.cular","柠檬短剧福利版",,,"640","0","ADX","16/4/2026 05:18:49"
"com.verna.cular","阳光短剧",,,"124","0","ADX","16/4/2026 05:18:49"
"com.vespera.ophisuest","com.vespera.ophisuest",,,"24","0","ADX","16/4/2026 05:19:38"
"com.vgjump.jump","Jump-安卓","聊天社交",,"4272","0","ADX","16/4/2026 05:18:49"
"com.vgjump.jump","未知","聊天社交",,"1","0","ADX","16/4/2026 05:18:41"
"com.video.qukane","com.video.qukane",,,"8","0","ADX","16/4/2026 05:18:46"
"com.visualworld.ecology","","居家生活",,"5","0","ADX","16/4/2026 05:18:41"
"com.vitec.easelife","SDK聚合-iOS","实用工具",,"184","0","ADX","16/4/2026 05:18:46"
"com.vstar.stroke","com.vstar.stroke",,,"4","0","ADX","16/4/2026 05:19:56"
"com.vstudio.archersvszombies","com.vstudio.archersvszombies",,,"1","0","ADX","16/4/2026 05:19:16"
"com.vstudio.mix","MIX滤镜大师-IOS","多媒体工具",,"9117","0","ADX","16/4/2026 05:18:49"
"com.waidiandian.cn","歪点点",,,"6","0","ADX","16/4/2026 05:19:28"
"com.wakeup.howear","Wearfit Pro-安卓",,,"97","0","ADX","16/4/2026 05:18:52"
"com.wakeup.howear","安卓",,,"7","0","ADX","16/4/2026 05:18:52"
"com.wanglihong.wanglihong","com.wanglihong.wanglihong",,,"1","0","ADX","16/4/2026 05:19:56"
"com.wangxing.zjwxq","汪星圈",,,"10","0","ADX","16/4/2026 05:18:36"
"com.wans.desktop.comps","透明魔力小组件","手机主题",,"62","0","ADX","16/4/2026 05:18:46"
"com.wanxiang.txwxxc","万象星测",,,"1","0","ADX","16/4/2026 05:18:59"
"com.water.puzzles.sort.games","漂流瓶排序",,,"15","0","ADX","16/4/2026 05:18:48"
"com.water.sort.puzzle","水排序解谜-开心拼一拼，益智拼图小游戏","游戏-休闲益智",,"1195","0","ADX","16/4/2026 05:18:49"
"com.wawavenet.walang","KANGXUN",,,"11","0","ADX","16/4/2026 05:19:19"
"com.wawoo2ugame.shootingstriker","com.wawoo2ugame.shootingstriker",,,"44","0","ADX","16/4/2026 05:19:22"
"com.wcx.diarylite","",,,"3","0","ADX","16/4/2026 05:18:49"
"com.wcx.diarylite","com.wcx.diarylite",,,"8","0","ADX","16/4/2026 05:19:53"
"com.wedobest.gochess","围棋—单机版围棋对弈入门围棋AI","棋类游戏",,"775","0","ADX","16/4/2026 05:18:49"
"com.weifx.wfx","应用分身术",,,"8","0","ADX","16/4/2026 05:19:49"
"com.weigaitech.translator","拍照翻译大全",,,"14","0","ADX","16/4/2026 05:18:52"
"com.weimei.ios.widget","com.weimei.ios.widget",,,"2720","0","ADX","16/4/2026 05:19:53"
"com.weiyi.contactsaddress","",,,"4","0","ADX","16/4/2026 05:18:46"
"com.weiyi.contactsaddress","com.weiyi.ContactsAddress",,,"6","0","ADX","16/4/2026 05:19:53"
"com.wensandao.dzjmnq","com.wensandao.dzjmnq",,,"4","0","ADX","16/4/2026 05:19:38"
"com.wensandao.martialsectsimulator","武林门派模拟器",,,"1","0","ADX","16/4/2026 05:19:40"
"com.wenxinge.home","文心阁-OPPO",,,"156","0","ADX","16/4/2026 05:18:46"
"com.wenyu.bodian","com.wenyu.bodian",,,"513","0","ADX","16/4/2026 05:19:53"
"com.wenyu.bookspeed","com.wenyu.bookspeed",,,"35","0","ADX","16/4/2026 05:19:49"
"com.wfxy.kklxx","乐欢宝",,,"191","0","ADX","16/4/2026 05:18:49"
"com.wfxy.kklxx","可可乐消消",,,"3","0","ADX","16/4/2026 05:18:44"
"com.whay.aishgxx","乐欢宝",,,"2","0","ADX","16/4/2026 05:18:48"
"com.whlc.jujuyh","琚琚优惠选",,,"1","0","ADX","16/4/2026 05:18:39"
"com.whlq.qqiaoxzs","晴巧小助手",,,"120","0","ADX","16/4/2026 05:18:42"
"com.whls.hidetool","应用隐藏神器",,,"1","0","ADX","16/4/2026 05:19:40"
"com.whxinna.userplatform","SDK聚合-iOS","实用工具",,"1","0","ADX","16/4/2026 05:18:48"
"com.whxinna.userplatform","住理生活-android","实用工具",,"17337","0","ADX","16/4/2026 05:18:49"
"com.whxinna.userplatform","住理生活-ios","实用工具",,"10472","0","ADX","16/4/2026 05:18:49"
"com.why.knowzy","趣答知汇",,,"1","0","ADX","16/4/2026 05:18:52"
"com.widget.androidacts.widgetdiy","WidgetDIY",,,"2","0","ADX","16/4/2026 05:19:43"
"com.widget.androidacts.xscreendash","com.widget.androidacts.xscreendash",,,"2","0","ADX","16/4/2026 05:19:56"
"com.wifi.masterkey.lite","ZeusBus","免费WIFI",,"2","0","ADX","16/4/2026 05:18:41"
"com.winderinfo.yashanghui","雅商汇荟",,,"6","0","ADX","16/4/2026 05:18:42"
"com.wkkuailecai.zbdzc","万贯财",,,"18","0","ADX","16/4/2026 05:18:46"
"com.wliuda.www","果蔬消",,,"6","0","ADX","16/4/2026 05:18:32"
"com.wliuda.www","萌消乐",,,"5","0","ADX","16/4/2026 05:19:32"
"com.words.scanner","苍云阅读",,,"6","0","ADX","16/4/2026 05:19:19"
"com.wscreativity.yanju","言橘",,,"1607","0","ADX","16/4/2026 05:19:28"
"com.wshifu.app.jiedanyi","安卓",,,"17","0","ADX","16/4/2026 05:18:52"
"com.wswlvp.app.wswl","com.wswlvp.app.wswl",,,"9","0","ADX","16/4/2026 05:19:08"
"com.wswlvp.app.wswl","万事物联",,,"1085","0","ADX","16/4/2026 05:19:53"
"com.wtzz.umyzdz","围塔之战",,,"6","0","ADX","16/4/2026 05:19:43"
"com.wuxibus.app","FaceVerification",,,"1","0","ADX","16/4/2026 05:19:25"
"com.wvtsx.qjzle.miki","com.wvtsx.qjzle.miki",,,"1","0","ADX","16/4/2026 05:19:56"
"com.wwwscn.yuexingtong","悦通行_iOS",,,"1","0","ADX","16/4/2026 05:18:52"
"com.wxfgjv1.dtddv1","快乐猜谜语",,,"650","0","ADX","16/4/2026 05:18:46"
"com.wxx.xxsjgj","",,,"1","0","ADX","16/4/2026 05:18:44"
"com.wyfc.booknovel","阅听小说",,,"10","0","ADX","16/4/2026 05:19:49"
"com.wyj.guadong","120-时光短剧",,,"6","0","ADX","16/4/2026 05:18:46"
"com.xb.qapb","com.xb.qapb",,,"1","0","ADX","16/4/2026 05:19:56"
"com.xbxxhz.box","小白学习安卓","实用工具",,"40128","0","ADX","16/4/2026 05:18:49"
"com.xbxxhz.box","小白学习打印-手机打印，教辅试卷错题整理","实用工具",,"34903","0","ADX","16/4/2026 05:18:49"
"com.xbxxhz.box","小白学习打印机","实用工具",,"12","0","ADX","16/4/2026 05:18:52"
"com.xck.knqz","淳硕简玩-9.18",,,"3","0","ADX","16/4/2026 05:18:48"
"com.xck.knqz","简玩短视频",,,"3","0","ADX","16/4/2026 05:18:46"
"com.xck.knqz","绘画大作战5",,,"1","0","ADX","16/4/2026 05:18:48"
"com.xcllkan.sxzbedkj","福满多",,,"18","0","ADX","16/4/2026 05:18:46"
"com.xcthings.fchan","安卓","居家生活",,"4","0","ADX","16/4/2026 05:18:52"
"com.xd.callshow.starrysky","com.xd.callshow.starrysky",,,"2","0","ADX","16/4/2026 05:18:44"
"com.xdgold.qhdkj","熊大挖金币",,,"494","0","ADX","16/4/2026 05:18:46"
"com.xguang.tysh","",,,"6","0","ADX","16/4/2026 05:18:49"
"com.xiangcai.ji","百步健",,,"2","0","ADX","16/4/2026 05:19:40"
"com.xianggu.fxxxl","福星消消乐",,,"1","0","ADX","16/4/2026 05:18:44"
"com.xianggu.fxxxl.b","福星消消乐",,,"3","0","ADX","16/4/2026 05:18:46"
"com.xianggu.hhcybx.a","虎虎成语宝箱",,,"2","0","ADX","16/4/2026 05:18:44"
"com.xianggu.qwxxl2","趣玩消消乐",,,"15","0","ADX","16/4/2026 05:18:46"
"com.xiangguo.excelword","List背单词",,,"17","0","ADX","16/4/2026 05:19:49"
"com.xianghu.organization","墨督督",,,"2","0","ADX","16/4/2026 05:19:53"
"com.xiaoheqingjiuye.danyuannongchang","蛋苑农场",,,"4","0","ADX","16/4/2026 05:19:43"
"com.xiaoji.emulator","ワンダドロイド","游戏工具",,"1","0","ADX","16/4/2026 05:18:32"
"com.xiaojia.yi","宜小家",,,"14","0","ADX","16/4/2026 05:19:53"
"com.xiaoquzhushou.yilinyijia","SDK聚合-iOS","生活服务/物业",,"1138","0","ADX","16/4/2026 05:18:46"
"com.xiaotuxia.avatar","小图侠",,,"131","0","ADX","16/4/2026 05:18:46"
"com.xin.lovekey","com.xin.lovekey",,,"2327","0","ADX","16/4/2026 05:19:22"
"com.xin.lovekey","恋帮主",,,"336","0","ADX","16/4/2026 05:18:46"
"com.xinchao.xinchaobrainwave","启明",,,"207","0","ADX","16/4/2026 05:18:49"
"com.xingge.miao","com.xingge.miao",,,"1","0","ADX","16/4/2026 05:19:56"
"com.xingjice.home","行迹册-VIVO",,,"310","0","ADX","16/4/2026 05:19:19"
"com.xingjiqd.shiqs.asd.llq","零零七影视",,,"71","0","ADX","16/4/2026 05:19:53"
"com.xingyewanxiang","星野万象",,,"4","0","ADX","16/4/2026 05:19:00"
"com.xingyu.star","",,,"2","0","ADX","16/4/2026 05:18:44"
"com.xingyu.star","星遇日记",,,"6","0","ADX","16/4/2026 05:19:49"
"com.xingyufanyizhan.fyb","星语翻译站",,,"1","0","ADX","16/4/2026 05:18:41"
"com.xinjing.zjxjcp","心境测评",,,"12","0","ADX","16/4/2026 05:18:36"
"com.xinmang.unzip","全能压缩",,,"2","0","ADX","16/4/2026 05:19:28"
"com.xinty.doudouxc","兜兜学车",,,"2","0","ADX","16/4/2026 05:19:32"
"com.xinxiu.pintu","拼图秀","拼图/美化",,"1","0","ADX","16/4/2026 05:19:16"
"com.xjkj.relex","心易游",,,"41459","0","ADX","16/4/2026 05:19:43"
"com.xmei.idphoto","全能证件照大师",,,"5","0","ADX","16/4/2026 05:19:38"
"com.xmtb.jmrj","橘猫日记",,,"3","0","ADX","16/4/2026 05:18:46"
"com.xmtz.htjs","黄桃集市",,,"2","0","ADX","16/4/2026 05:19:00"
"com.xmy.bsfksc.vivo","com.xmy.bsfksc.vivo","赛车竞速游戏",,"2","0","ADX","16/4/2026 05:19:56"
"com.xmy.qwttl.huawei","趣玩跳跳乐",,,"15","0","ADX","16/4/2026 05:19:53"
"com.xqcy.qckj","星球成语","学习教育",,"76","0","ADX","16/4/2026 05:19:38"
"com.xqcy.qckj","洋洋成语","学习教育",,"287","0","ADX","16/4/2026 05:18:46"
"com.xrkj.premium.music","仟贝优享版",,,"1","0","ADX","16/4/2026 05:18:48"
"com.xrkj.ultimate.music","仟贝钻石版","教育/音乐",,"1","0","ADX","16/4/2026 05:18:41"
"com.xtfanxing.www","",,,"2","0","ADX","16/4/2026 05:18:48"
"com.xtuone.android.syllabus","超级课程表-jz","学习教育",,"5","0","ADX","16/4/2026 05:18:52"
"com.xtuone.android.syllabus","超级课程表-安卓","学习教育",,"86287","0","ADX","16/4/2026 05:18:49"
"com.xtuxiangban.www","半卷清梦",,,"1","0","ADX","16/4/2026 05:18:48"
"com.xunlei.downloadprovider","xunlei","实用工具",,"4","0","ADX","16/4/2026 05:19:14"
"com.xunlei.downloadprovider","趣盟-安卓","实用工具",,"1","0","ADX","16/4/2026 05:18:52"
"com.xunlei.downloadprovider","迅雷-安卓","实用工具",,"99","0","ADX","16/4/2026 05:18:52"
"com.xunlei.downloadprovider","迅雷国际版app","实用工具",,"74","0","ADX","16/4/2026 05:18:46"
"com.xunxin.candycrush","com.xunxin.candycrush",,,"1","0","ADX","16/4/2026 05:18:59"
"com.xw.clear.everymoment","com.xw.clear.everymoment",,,"31","0","ADX","16/4/2026 05:19:53"
"com.xw.clear.everymoment","每刻清理",,,"1","0","ADX","16/4/2026 05:18:48"
"com.xy.scan.laser","com.xy.scan.laser",,,"11","0","ADX","16/4/2026 05:18:46"
"com.xysm.suiliji","随礼记簿",,,"7","0","ADX","16/4/2026 05:18:49"
"com.xyuex.cyyx.qewd","com.xyuex.cyyx.qewd",,,"1","0","ADX","16/4/2026 05:19:56"
"com.xyxhuida.xyx","幸运星慧答",,,"2","0","ADX","16/4/2026 05:19:22"
"com.xyy.quwa","匠心忠华-安卓","时尚购物",,"25177","0","ADX","16/4/2026 05:18:49"
"com.yanxiao.renrenfuye","人人副业",,,"3","0","ADX","16/4/2026 05:18:48"
"com.yaoguang.shouzuoge","瑶光手作阁",,,"121","0","ADX","16/4/2026 05:19:19"
"com.yaoqi.zhiyuweather","知雨天气",,,"45","0","ADX","16/4/2026 05:19:49"
"com.ycc365closeli.ali","com.ycc365closeli.ali",,,"1","0","ADX","16/4/2026 05:19:03"
"com.ycmengfan.ji","com.ycmengfan.ji",,,"2","0","ADX","16/4/2026 05:19:56"
"com.ydtx.camera","元道经纬相机-安卓端",,,"119493","0","ADX","16/4/2026 05:18:49"
"com.yefiot.xyxwapp","com.yefiot.xyxwapp",,,"2","0","ADX","16/4/2026 05:19:28"
"com.ygkj.chelaile.standard","安卓",,,"2","0","ADX","16/4/2026 05:18:52"
"com.yhwl.myapplication","一合物联",,,"2","0","ADX","16/4/2026 05:19:38"
"com.yhxx.discountztc","优惠直通车",,,"14","0","ADX","16/4/2026 05:18:32"
"com.yihuakuaiche.sinochem","66快车司机端",,,"44","0","ADX","16/4/2026 05:19:43"
"com.yingqu.camera","影趣相机",,,"1","0","ADX","16/4/2026 05:19:51"
"com.yiquan.xing","易券行",,,"1466","0","ADX","16/4/2026 05:19:19"
"com.yitong.pandabus.hengfengbus","",,,"12","0","ADX","16/4/2026 05:18:46"
"com.yitong.pandabus.hengfengbus","Yiwuxing",,,"11","0","ADX","16/4/2026 05:18:46"
"com.yitong.pandabus.hengfengbus","هيان فون شيان",,,"2","0","ADX","16/4/2026 05:18:44"
"com.yitong.pandabus.hengfengbus","义乌行",,,"1564","0","ADX","16/4/2026 05:18:46"
"com.yitong.pandabus.hengfengbus","항의성",,,"2","0","ADX","16/4/2026 05:18:46"
"com.yixing.ta","com.yixing.ta",,,"1","0","ADX","16/4/2026 05:19:56"
"com.yiyou.ga","TT语音-安卓","聊天社交",,"94","0","ADX","16/4/2026 05:18:52"
"com.yiyou.ga","TT语音普版","聊天社交",,"1","0","ADX","16/4/2026 05:19:20"
"com.yiyou.ga","新TT语音无敌","聊天社交",,"13","0","ADX","16/4/2026 05:19:53"
"com.yj.reading.ym","一见阅读快应用",,,"3158","0","ADX","16/4/2026 05:19:00"
"com.yjkj.budgetmateapp","河马关怀版",,,"10","0","ADX","16/4/2026 05:18:46"
"com.yjkj.everydayapp","河马欢乐版",,,"71","0","ADX","16/4/2026 05:18:46"
"com.yjkj.workhourtracker","点点有宝",,,"1","0","ADX","16/4/2026 05:19:03"
"com.yjkj.workhourtracker","锦鲤欢乐版",,,"8","0","ADX","16/4/2026 05:19:32"
"com.ylws.qsk.ddr","新追剧达人",,,"1","0","ADX","16/4/2026 05:19:03"
"com.ylws.qsk.pq","com.ylws.qsk.pq",,,"1","0","ADX","16/4/2026 05:19:56"
"com.ylws.qsk.pq","佩奇影视",,,"37","0","ADX","16/4/2026 05:19:28"
"com.yoloho.dayima","SDK聚合-iOS","医疗健康",,"3","0","ADX","16/4/2026 05:18:41"
"com.yoloho.dayima","大姨妈_Android","医疗健康",,"190","0","ADX","16/4/2026 05:18:46"
"com.yoosee","Yoosee","实用工具",,"34","0","ADX","16/4/2026 05:19:53"
"com.youban.xiaobanlong","","儿童/教育",,"1","0","ADX","16/4/2026 05:18:41"
"com.youban.xiaobanlong","SDK聚合-iOS","儿童/教育",,"7820","0","ADX","16/4/2026 05:18:46"
"com.youban.xiaobanlong","小伴龙-儿童早教益智启蒙故事绘本","儿童/教育",,"2573","0","ADX","16/4/2026 05:18:49"
"com.youbi.youxin","悠笔游心",,,"141","0","ADX","16/4/2026 05:18:36"
"com.youjia.lmtm","优价联盟",,,"9","0","ADX","16/4/2026 05:19:32"
"com.youju.caipu","com.youju.Caipu",,,"1","0","ADX","16/4/2026 05:18:39"
"com.youju.caipu","爱有机美食",,,"4","0","ADX","16/4/2026 05:19:43"
"com.youku.youku.inhouse","",,,"2","0","ADX","16/4/2026 05:18:48"
"com.youku.youku.inhouse","com.youku.YouKu.InHouse",,,"3","0","ADX","16/4/2026 05:19:08"
"com.youle.ylapp","柚乐",,,"26","0","ADX","16/4/2026 05:18:49"
"com.youle.ylapp","校源网-0401",,,"1","0","ADX","16/4/2026 05:18:44"
"com.youpin.iosdanfx","com.youpin.iosdanfx",,,"1","0","ADX","16/4/2026 05:18:48"
"com.youquzhipi.app","小鱼当家",,,"14","0","ADX","16/4/2026 05:19:28"
"com.yourangame.rabbitstorycn","com.yourangame.rabbitstorycn",,,"1","0","ADX","16/4/2026 05:18:59"
"com.youshang.kuaidi1","com.youshang.kuaidi1",,,"13","0","ADX","16/4/2026 05:18:40"
"com.youshunshang.app","com.youshunshang.app",,,"1","0","ADX","16/4/2026 05:19:56"
"com.ys.wifi.mrabbit","com.ys.wifi.mrabbit",,,"9","0","ADX","16/4/2026 05:18:46"
"com.ysepay.merchant","银盛小Y管家","商家工具,记账",,"3","0","ADX","16/4/2026 05:19:32"
"com.ysg.cad","CAD看图工",,,"2","0","ADX","16/4/2026 05:19:28"
"com.ythl.btmfw","土豆奇遇记",,,"49","0","ADX","16/4/2026 05:19:38"
"com.ythl.btmfw","帽子先森奇遇记",,,"51","0","ADX","16/4/2026 05:19:38"
"com.ythl.btmfw","我在老城区跑酷",,,"39","0","ADX","16/4/2026 05:19:43"
"com.ythl.btmfw","熊猫探险计划",,,"87","0","ADX","16/4/2026 05:19:53"
"com.ythl.btmfw","狂飙大卡车",,,"55","0","ADX","16/4/2026 05:19:43"
"com.ythl.btmfw","看我奇思妙想",,,"55","0","ADX","16/4/2026 05:19:53"
"com.ythl.xnxhj","土豆奇遇记",,,"6","0","ADX","16/4/2026 05:18:40"
"com.ythl.xnxhj","帽子先森奇遇记",,,"4","0","ADX","16/4/2026 05:18:56"
"com.ythl.xnxhj","我在老城区跑酷",,,"1","0","ADX","16/4/2026 05:19:25"
"com.ythl.xnxhj","熊猫探险计划",,,"4","0","ADX","16/4/2026 05:18:49"
"com.ythl.xnxhj","看我奇思妙想",,,"8","0","ADX","16/4/2026 05:19:19"
"com.ythl.zlwdbs","土豆奇遇记",,,"565","0","ADX","16/4/2026 05:19:38"
"com.ythl.zlwdbs","我在老城区跑酷",,,"2","0","ADX","16/4/2026 05:19:03"
"com.ythl.zlwdbs","熊猫探险计划",,,"411","0","ADX","16/4/2026 05:18:42"
"com.ythl.zlwdbs","狂飙大卡车",,,"514","0","ADX","16/4/2026 05:18:42"
"com.ythl.zlwdbs","看我奇思妙想",,,"577","0","ADX","16/4/2026 05:18:42"
"com.yuban.moegirl","com.yuban.moegirl",,,"1","0","ADX","16/4/2026 05:19:11"
"com.yuebu.stars","跃步星",,,"2","0","ADX","16/4/2026 05:18:32"
"com.yueda.app","com.yueda.app",,,"3","0","ADX","16/4/2026 05:19:53"
"com.yueda.app","悦达",,,"2","0","ADX","16/4/2026 05:19:32"
"com.yueda.app","熊猫抱抱",,,"33","0","ADX","16/4/2026 05:19:49"
"com.yuejianyjsp.spyjawo","",,,"2","0","ADX","16/4/2026 05:18:42"
"com.yueshang.jie","悦赏界",,,"2606","0","ADX","16/4/2026 05:19:22"
"com.yuewen.dreamer","筑梦岛-安卓","聊天社交",,"16122","0","ADX","16/4/2026 05:18:49"
"com.yunchuan.costengineer.xjt","青漫","漫画阅读/小说",,"1","0","ADX","16/4/2026 05:18:52"
"com.yunda.honeypot.courier","蜜罐管家",,,"1","0","ADX","16/4/2026 05:19:11"
"com.yunjv.xxtq.d1755e7abc8fa4c489acb01b876d96b44","com.yunjv.xxtq.d1755e7abc8fa4c489acb01b876d96b44",,,"1","0","ADX","16/4/2026 05:19:56"
"com.yunjv.yjbz","云境壁纸工坊",,,"4","0","ADX","16/4/2026 05:18:56"
"com.yunqihui.profitlife.qmlz","千脉乐赚",,,"1","0","ADX","16/4/2026 05:18:44"
"com.yunshang.shuge.test","云上",,,"3","0","ADX","16/4/2026 05:18:49"
"com.yunxiao.haofenshu","sdk iOS",,,"1","0","ADX","16/4/2026 05:19:56"
"com.yunz.fsds","",,,"8","0","ADX","16/4/2026 05:18:49"
"com.yuque.mobile.ios.app","com.yuque.mobile.ios.app",,,"17343","0","ADX","16/4/2026 05:19:53"
"com.yuque.mobile.ios.app","启明",,,"2","0","ADX","16/4/2026 05:18:44"
"com.yuque.mobile.ios.app","语雀",,,"225","0","ADX","16/4/2026 05:19:49"
"com.yushthinrain.novel","单颢扫描小帮手",,,"1023","0","ADX","16/4/2026 05:19:32"
"com.yushthinrain.novel","锦书视频",,,"5382","0","ADX","16/4/2026 05:18:49"
"com.yusong.hdg_user_zheli","这锂换电","效率办公",,"34","0","ADX","16/4/2026 05:18:46"
"com.yx.driver.qmjkbs","com.yx.driver.qmjkbs",,,"42","0","ADX","16/4/2026 05:19:53"
"com.yx.mappilot.dgnzs","",,,"1","0","ADX","16/4/2026 05:18:41"
"com.yxhz.mysq.mgjcset","com.yxhz.mysq.mgjcset",,,"3","0","ADX","16/4/2026 05:19:43"
"com.yy.chuanyue","友友传阅",,,"1","0","ADX","16/4/2026 05:19:20"
"com.yycy.ymcx","洋洋成语",,,"5","0","ADX","16/4/2026 05:18:46"
"com.yyfgj.ios","com.yyfgj.ios",,,"1","0","ADX","16/4/2026 05:18:32"
"com.yyth.slideshort","韩剧","短剧/视频",,"1","0","ADX","16/4/2026 05:19:16"
"com.yyw.wangpan","115",,,"79","0","ADX","16/4/2026 05:18:46"
"com.zaimanhub","再漫画",,,"1","0","ADX","16/4/2026 05:19:40"
"com.zaoya.app","",,,"1","0","ADX","16/4/2026 05:19:25"
"com.zbx.ct.tvzhibo","手机电视高清直播",,,"2","0","ADX","16/4/2026 05:18:42"
"com.zcgps.iot.gps.app.manager","启明","工具",,"24","0","ADX","16/4/2026 05:18:46"
"com.zdevision.mingshiapplication","com.zdevision.mingshiapplication",,,"2","0","ADX","16/4/2026 05:19:32"
"com.zdx.home","紫定行-OPPO",,,"2654","0","ADX","16/4/2026 05:19:53"
"com.zenmen.palmchat","连信-安卓信息流","聊天社交",,"666140","0","ADX","16/4/2026 05:18:46"
"com.zerone.hidesktop","","工具",,"1","0","ADX","16/4/2026 05:18:41"
"com.zerone.hidesktop","IOS","工具",,"13","0","ADX","16/4/2026 05:18:52"
"com.zerone.hidesktop","隐藏桌面","工具",,"989","0","ADX","16/4/2026 05:19:49"
"com.zh.charge","com.zh.charge",,,"74","0","ADX","16/4/2026 05:19:49"
"com.zhcw.client","中彩网android","彩票/资讯",,"1003","0","ADX","16/4/2026 05:18:49"
"com.zhezheko.www","挖淘",,,"36","0","ADX","16/4/2026 05:18:49"
"com.zhidazhi.tuyahuahua","com.zhidazhi.tuyahuahua",,,"19","0","ADX","16/4/2026 05:19:32"
"com.zhihuifangdong.wisdom","智慧房东","效率办公",,"260","0","ADX","16/4/2026 05:18:49"
"com.zhijian.sgyunchang","",,,"1","0","ADX","16/4/2026 05:18:48"
"com.zhijian.sgyunchang","com.zhijian.sgyunchang",,,"6","0","ADX","16/4/2026 05:19:22"
"com.zhiledao.home","知乐岛-OPPO",,,"428","0","ADX","16/4/2026 05:18:40"
"com.zhilukeji.xh","光速影视",,,"5","0","ADX","16/4/2026 05:19:43"
"com.zhiyuyx.etxing","com.zhiyuyx.etxing",,,"7","0","ADX","16/4/2026 05:19:30"
"com.zhizhou.superweather","com.zhizhou.superweather",,,"2","0","ADX","16/4/2026 05:19:56"
"com.zhongcheng.zsnf.xh","小黑",,,"5","0","ADX","16/4/2026 05:19:22"
"com.zhongxiheli.gamping","",,,"17","0","ADX","16/4/2026 05:18:46"
"com.zhongxiheli.gamping","com.Zhongxiheli.Gamping",,,"2","0","ADX","16/4/2026 05:19:00"
"com.zhongye.yc.yph.jj","赤兔视频",,,"3","0","ADX","16/4/2026 05:19:32"
"com.zhoubei.trade","舟呗易货",,,"5","0","ADX","16/4/2026 05:19:38"
"com.zhuayoubao.box","爪游宝",,,"19","0","ADX","16/4/2026 05:18:46"
"com.zhuijjtt.app","com.zhuijjtt.app",,,"1","0","ADX","16/4/2026 05:19:56"
"com.zhyu.scxxl","乐欢宝",,,"1","0","ADX","16/4/2026 05:18:48"
"com.zikway.geekgamer","com.ZIKWAY.Geekgamer",,,"806","0","ADX","16/4/2026 05:19:22"
"com.zixi.hdtsly","熊猫探险计划",,,"2","0","ADX","16/4/2026 05:19:56"
"com.zixi.hdtsly","狂飙大卡车",,,"3","0","ADX","16/4/2026 05:19:56"
"com.zixi.sstxdzz","我在老城区跑酷",,,"12","0","ADX","16/4/2026 05:19:43"
"com.zixi.sstxdzz","熊猫探险计划",,,"255","0","ADX","16/4/2026 05:19:53"
"com.zixi.sstxdzz","狂飙大卡车",,,"325","0","ADX","16/4/2026 05:19:32"
"com.zixi.sstxdzz","看我奇思妙想",,,"256","0","ADX","16/4/2026 05:19:32"
"com.zj.zjsg","指尖时光",,,"1","0","ADX","16/4/2026 05:19:47"
"com.zjwh.android_wh_physicalfitness","新运动世界校园",,,"1","0","ADX","16/4/2026 05:19:11"
"com.zjwh.android_wh_physicalfitness","未知",,,"5","0","ADX","16/4/2026 05:18:52"
"com.zjwh.android_wh_physicalfitness","运动世界校园",,,"15","0","ADX","16/4/2026 05:19:32"
"com.zjwh.android_wh_physicalfitness","运动世界校园-安卓",,,"842","0","ADX","16/4/2026 05:18:52"
"com.zkxtcloud","SDK聚合-iOS",,,"892","0","ADX","16/4/2026 05:18:46"
"com.zkxtcloud","云记账",,,"3","0","ADX","16/4/2026 05:19:38"
"com.zminc.haojihui","好积惠",,,"1","0","ADX","16/4/2026 05:18:44"
"com.zminc.huasuanmall","超划算",,,"4","0","ADX","16/4/2026 05:18:44"
"com.zqsnaow.sxzbedkj","开心风暴",,,"39","0","ADX","16/4/2026 05:18:46"
"com.zs.lesyif","com.zs.lesyif",,,"126","0","ADX","16/4/2026 05:18:46"
"com.zscyt.qckj","洋洋max",,,"2","0","ADX","16/4/2026 05:18:42"
"com.zswx.app.ft","七彩宝箱",,,"3","0","ADX","16/4/2026 05:18:42"
"com.zswx.app.ft","剧场版",,,"3","0","ADX","16/4/2026 05:18:41"
"com.zswx.app.ft08mn","",,,"8","0","ADX","16/4/2026 05:18:49"
"com.zswx.app.ft08mn","老表剧场",,,"7740","0","ADX","16/4/2026 05:18:49"
"com.zswx.app.ft09rz","",,,"3","0","ADX","16/4/2026 05:18:44"
"com.zswx.app.ft09rz","老表剧场悦享版",,,"6785","0","ADX","16/4/2026 05:18:49"
"com.zswx.app.ft13dv","42-掌上多多13",,,"8","0","ADX","16/4/2026 05:19:53"
"com.zswx.app.ftsub1","掌上多多悦动版",,,"4","0","ADX","16/4/2026 05:19:43"
"com.zswx.app.ftsub1","方糖新春版",,,"5","0","ADX","16/4/2026 05:18:46"
"com.zswx.app.ftsub1","清风剧场",,,"55","0","ADX","16/4/2026 05:18:46"
"com.zswx.app.ftsub1","清风剧场耀金版",,,"15","0","ADX","16/4/2026 05:18:42"
"com.zswx.app.ftsub3","七彩宝箱",,,"6","0","ADX","16/4/2026 05:18:46"
"com.zswx.app.ftsub4","方糖悦动版",,,"7","0","ADX","16/4/2026 05:18:46"
"com.zswx.app.ftsub4","清风剧场鎏金版",,,"103","0","ADX","16/4/2026 05:18:46"
"com.ztjhuyu.wdgysj.bc","",,,"1","0","ADX","16/4/2026 05:18:41"
"com.zwang.clouds","微分身术18-27",,,"5","0","ADX","16/4/2026 05:19:53"
"com.zwhd.app.tool","掌玩工具盒",,,"2","0","ADX","16/4/2026 05:18:48"
"com.zwzn.ienjoy","SDK聚合-iOS",,,"145","0","ADX","16/4/2026 05:18:46"
"com.zxbyrk.xszi","xxsz",,,"1785","0","ADX","16/4/2026 05:18:49"
"com.zycl.baiwensixiang","百闻思享",,,"12","0","ADX","16/4/2026 05:19:49"
"com.zzw.october","",,,"26","0","ADX","16/4/2026 05:18:49"
"com.zzwnl.xkkwnl","中正万年历安卓","日历",,"23","0","ADX","16/4/2026 05:18:46"
"cow.shiguangjiyuan.com","奇幻庄园","模拟经营游戏",,"6","0","ADX","16/4/2026 05:18:49"
"cow.shiguangjiyuan.com","领主农场","模拟经营游戏",,"14","0","ADX","16/4/2026 05:18:49"
"csgbc","csgbc",,,"3","0","ADX","16/4/2026 05:19:14"
"ctb.freeweather","ctb.freeweather",,,"126","0","ADX","16/4/2026 05:18:46"
"eseenetproj.juanvision.com","SDK聚合-iOS","安防监控/物联网",,"5","0","ADX","16/4/2026 05:18:44"
"findlinked.com.wisdomhealthinter","sunri-ios",,,"57","0","ADX","16/4/2026 05:18:52"
"gjk.elaike.cc","广聚客","教育",,"62","0","ADX","16/4/2026 05:18:49"
"gov.pianzong.androidnga","NGA玩家社%E","聊天社交",,"1","0","ADX","16/4/2026 05:19:47"
"h5e8f0143","金豆生活",,,"12","0","ADX","16/4/2026 05:18:46"
"hj.game.puzzle.gi","苹果-谐音梗猜图",,,"1","0","ADX","16/4/2026 05:18:41"
"hyzs.tech","幻影助手","黄州区玟铭软件工作室（个体工商户）",,"3","0","ADX","16/4/2026 05:19:19"
"io.iftech.android.box","",,,"1","0","ADX","16/4/2026 05:18:41"
"io.jagat.lite","SDK聚合-iOS","社交通讯/定位",,"895","0","ADX","16/4/2026 05:18:46"
"io.reader.app.release","io.reader.app.release",,,"1","0","ADX","16/4/2026 05:19:56"
"io.topspeed.scanmanager","极速扫描管家",,,"10","0","ADX","16/4/2026 05:19:49"
"io.ttcy.app","好看影视",,,"1","0","ADX","16/4/2026 05:18:44"
"io.xiaoya.app","io.xiaoya.app",,,"2","0","ADX","16/4/2026 05:19:53"
"isharehome","联创E家",,,"31","0","ADX","16/4/2026 05:18:46"
"jtf4g4lh8y.com.yyth.slideshort","JTF4G4LH8Y.com.yyth.SlideShort",,,"2","0","ADX","16/4/2026 05:19:32"
"l427.zhaorui.com","SDK聚合-iOS",,,"695","0","ADX","16/4/2026 05:18:46"
"lanhejiaoyu.fylm.cc","爱富业",,,"1","0","ADX","16/4/2026 05:18:44"
"lock.open.com.openlock","到家啦","居家生活",,"4","0","ADX","16/4/2026 05:19:49"
"lock.open.com.openlock","安卓","居家生活",,"3","0","ADX","16/4/2026 05:18:52"
"me.iweek.calendar","生活日历iOS",,,"225","0","ADX","16/4/2026 05:19:28"
"meicheng.kingcastscreenapp.com","王者投屏",,,"1","0","ADX","16/4/2026 05:18:59"
"metropoles.com","SDK聚合-iOS",,,"2","0","ADX","16/4/2026 05:18:44"
"mind.intelliwisdom.better","拼拼智慧",,,"3","0","ADX","16/4/2026 05:19:49"
"net.ajcloud.tscloud","SDK聚合-iOS","视频监控|定位追踪",,"12","0","ADX","16/4/2026 05:18:46"
"net.ali213.yx","",,,"1","0","ADX","16/4/2026 05:18:48"
"net.ali213.yx","游侠网-专注游戏和玩家iOS",,,"2","0","ADX","16/4/2026 05:19:49"
"net.cnmrh.mrhsh","美人荟生活",,,"152","0","ADX","16/4/2026 05:19:43"
"net.colorfulclouds.app.cy1","i彩云天气",,,"1","0","ADX","16/4/2026 05:18:41"
"net.colorfulclouds.app.pro","彩云天气",,,"3","0","ADX","16/4/2026 05:19:38"
"net.csdn.csdnplus","","聊天社交",,"1","0","ADX","16/4/2026 05:18:44"
"net.csdn.csdnplus","SDK聚合-iOS","聊天社交",,"1085","0","ADX","16/4/2026 05:18:46"
"net.hpoi","",,,"3","0","ADX","16/4/2026 05:18:46"
"net.huanci.hsjpro","Painting World Pro","实用工具",,"2","0","ADX","16/4/2026 05:18:40"
"net.huanci.hsjpro","画世界 Pro","实用工具",,"60","0","ADX","16/4/2026 05:18:52"
"net.huanci.hsjpro","画世界pro-android","实用工具",,"32","0","ADX","16/4/2026 05:19:38"
"net.morethan.hygro","net.morethan.Hygro",,,"188","0","ADX","16/4/2026 05:19:19"
"net.qihoo.360mobilesafe","net.qihoo.360mobilesafe",,,"5812","0","ADX","16/4/2026 05:19:53"
"net.qihoo.36childsafe","net.qihoo.36childsafe",,,"2","0","ADX","16/4/2026 05:19:28"
"org.binguo.pcbrowser","启明",,,"4","0","ADX","16/4/2026 05:18:49"
"org.octopus.demo2024","章鱼SDK",,,"8","0","ADX","16/4/2026 05:19:19"
"org.sharpfastrecog.pass","org.sharpfastrecog.pass",,,"2","0","ADX","16/4/2026 05:19:56"
"org.xiahoma.happyafterwork","下班乐",,,"1","0","ADX","16/4/2026 05:19:30"
"package.jsq.lcgj","流畅管家",,,"137","0","ADX","16/4/2026 05:19:19"
"package.yy.bsj","百事集",,,"347","0","ADX","16/4/2026 05:19:19"
"patzerllc.ipcamera","IP摄像头查看器",,,"219","0","ADX","16/4/2026 05:18:56"
"patzerllc.ipcamera","patzerllc.IPCamera",,,"11317","0","ADX","16/4/2026 05:18:56"
"per.zhj.seefunc","看见函数",,,"69","0","ADX","16/4/2026 05:18:49"
"pinkdiary.xiaoxiaotu.com","pinkdiary.xiaoxiaotu.com",,,"1","0","ADX","16/4/2026 05:19:56"
"pinkdiary.xiaoxiaotu.com","粉粉日記",,,"2","0","ADX","16/4/2026 05:18:48"
"pl.solidexplorer2","青鸟",,,"5","0","ADX","16/4/2026 05:18:52"
"plants.broccolicart.customer","X.ME",,,"1","0","ADX","16/4/2026 05:19:30"
"plus.h5057ee0e","赶芒",,,"1","0","ADX","16/4/2026 05:18:32"
"plus.h55522ce9","蟾论复盘",,,"7","0","ADX","16/4/2026 05:19:38"
"plus.h5f0b6af0","豆猫棒",,,"11","0","ADX","16/4/2026 05:19:43"
"qiyun.runapp.com","每日跑步记录GO",,,"8","0","ADX","16/4/2026 05:19:49"
"qssoft.miemie","qssoft.miemie",,,"1","0","ADX","16/4/2026 05:19:25"
"qych21061-com.cw.super",,,,"1","0","ADX","16/4/2026 05:18:48"
"qych21061-com.taobao.live",,,,"1","0","ADX","16/4/2026 05:18:48"
"rdb","弱电帮",,,"1","0","ADX","16/4/2026 05:19:40"
"redz.dwes.rwqw","有机果园",,,"69","0","ADX","16/4/2026 05:18:46"
"rrwy.com.app","人人微云",,,"15","0","ADX","16/4/2026 05:19:53"
"sz.szsmk.citizencard","智慧苏州",,,"5","0","ADX","16/4/2026 05:18:46"
"tech.abean.wardrobe","衣裳记",,,"291","0","ADX","16/4/2026 05:19:49"
"tian.tian.cai.ge","天天来猜歌",,,"1","0","ADX","16/4/2026 05:18:41"
"top.codeffect.mua","","情侣互动",,"1","0","ADX","16/4/2026 05:18:48"
"top.codeffect.mua","IOS","情侣互动",,"5","0","ADX","16/4/2026 05:18:52"
"top.codeffect.mua","安卓","情侣互动",,"1","0","ADX","16/4/2026 05:18:52"
"top.cymj.jmyc","top.cymj.jmyc",,,"2","0","ADX","16/4/2026 05:19:56"
"top.jdl.lhjy","聚点乐",,,"231","0","ADX","16/4/2026 05:18:42"
"top.lezhongyl.lzjx","乐众精选 2",,,"1","0","ADX","16/4/2026 05:18:41"
"top.pixeldance.blehelper","top.pixeldance.blehelper",,,"1","0","ADX","16/4/2026 05:19:56"
"top.szhsbwc.app","灰太狼霸王餐 1","其他",,"1","0","ADX","16/4/2026 05:18:39"
"top.szjj.jjzs","满星星",,,"2","0","ADX","16/4/2026 05:18:46"
"top.tlien.onepage","top.tlien.OnePage",,,"12","0","ADX","16/4/2026 05:19:49"
"top.zwhd.zwq","智玩·秋","影音娱乐/工具",,"596","0","ADX","16/4/2026 05:18:46"
"tv.douyu.live","tv.douyu.live",,,"22992","0","ADX","16/4/2026 05:19:53"
"uni.app.fshanyu","睿安居",,,"5","0","ADX","16/4/2026 05:18:46"
"uni.app.uni2f3e97f","中黔惠民",,,"5","0","ADX","16/4/2026 05:18:46"
"uni.app.uni3e32eae","吃瓜大神",,,"4","0","ADX","16/4/2026 05:19:22"
"uni.app.unibc8b020","多饮商城饮水机取水系统",,,"3","0","ADX","16/4/2026 05:19:22"
"uni.app.unidd020e6","萌猫合成乐",,,"1","0","ADX","16/4/2026 05:19:16"
"uni.uni01692ae","uni.UNI01692AE",,,"3","0","ADX","16/4/2026 05:19:56"
"uni.uni11c08ef","错题星",,,"1","0","ADX","16/4/2026 05:19:40"
"uni.uni11f0a00","疆山笑",,,"2","0","ADX","16/4/2026 05:18:40"
"uni.uni12b8f8f","雅可云系统",,,"3","0","ADX","16/4/2026 05:19:38"
"uni.uni23520f3","绿动地球",,,"1","0","ADX","16/4/2026 05:18:48"
"uni.uni2c313a7","速推联盟",,,"33","0","ADX","16/4/2026 05:19:32"
"uni.uni36031d5","芝麻画规",,,"4","0","ADX","16/4/2026 05:19:28"
"uni.uni37ce01c","随便听",,,"1","0","ADX","16/4/2026 05:18:44"
"uni.uni5b83160","AI一键拯救",,,"2","0","ADX","16/4/2026 05:18:42"
"uni.uni620ec61","九智",,,"6","0","ADX","16/4/2026 05:18:46"
"uni.uni755d72e.tsb","视听宝",,,"4","0","ADX","16/4/2026 05:19:49"
"uni.uni7ff2452","共创空间",,,"1","0","ADX","16/4/2026 05:18:41"
"uni.uni83aedfc","车载优音",,,"2","0","ADX","16/4/2026 05:18:42"
"uni.unia6e0499","uni.UNIA6E0499",,,"6","0","ADX","16/4/2026 05:19:49"
"uni.unib110277","山海乐存",,,"1","0","ADX","16/4/2026 05:19:03"
"uni.unicab1683","爽存快递员",,,"2","0","ADX","16/4/2026 05:18:49"
"uni.unidaaeb8b","TK工具箱",,,"2733","0","ADX","16/4/2026 05:18:46"
"uni.unie027e61","旅途声活",,,"1","0","ADX","16/4/2026 05:18:41"
"uni.unif824435","曦捷通电话",,,"1","0","ADX","16/4/2026 05:18:48"
"uni.unifb07ff1","SO所",,,"3","0","ADX","16/4/2026 05:18:42"
"vip.hicool.app","vip.hicool.app",,,"2","0","ADX","16/4/2026 05:18:32"
"vip.qingdou.qingdou","轻抖iOS",,,"38","0","ADX","16/4/2026 05:18:52"
"voice.recorder.app","voice.recorder.app",,,"2","0","ADX","16/4/2026 05:19:25"
"wuyuxuechestudent.com","",,,"13","0","ADX","16/4/2026 05:18:49"
"wuyuxuechestudent.com","sdk iOS",,,"1","0","ADX","16/4/2026 05:19:56"
"wuyuxuechestudent.com","远方学车-iOS",,,"30","0","ADX","16/4/2026 05:19:53"
"www.guesspicture.com","www.guesspicture.com",,,"2","0","ADX","16/4/2026 05:18:36"
"www.joycard.org.lhqrcodebus","www.joycard.org.lhqrcodebus",,,"1","0","ADX","16/4/2026 05:19:56"
"xyz.adscope.adscopedemo","",,,"133","0","ADX","16/4/2026 05:19:53"
"xyz.adscope.adscopedemo","xyz.adscope.AdScopeDemo",,,"9","0","ADX","16/4/2026 05:19:56"
"xyz.octopus.nfc","手机门禁卡 - NFC读卡器&电梯卡&MFC门卡",,,"5","0","ADX","16/4/2026 05:19:38"
"xyz.xccb.liddhe","伪装定位",,,"2","0","ADX","16/4/2026 05:18:46"
"yy.jiujiu.me","久久音乐",,,"1","0","ADX","16/4/2026 05:19:16"
"zhongyixueweibundleid","zhongyixueweiBundleId",,,"1","0","ADX","16/4/2026 05:18:35"
"ai.tc.kn","ai.tc.kn",,,"30811","0","ADX","16/4/2026 05:19:58"
"air.tv.douyu.android","斗鱼",,,"43","0","ADX","16/4/2026 05:19:58"
"android.zhibo8","直播吧-安卓",,,"4","0","ADX","16/4/2026 05:19:58"
"angbianshoudiantong.shoudiantong","方便手电筒",,,"72","0","ADX","16/4/2026 05:19:58"
"buybal.nxys.cn","buybal.nxys.cn",,,"64108","0","ADX","16/4/2026 05:19:58"
"buybal.nxys.cn","农信易扫",,,"1049","0","ADX","16/4/2026 05:19:58"
"buybal.nxys.cn","农信易扫ios",,,"8","0","ADX","16/4/2026 05:19:58"
"cc.kinva.smartqa","挑战答题助手",,,"546","0","ADX","16/4/2026 05:19:58"
"cc.qcomic.lighterclan","cc.qcomic.LighterClan",,,"7484","0","ADX","16/4/2026 05:19:58"
"cc.qcomic.lighterclan","启明",,,"4","0","ADX","16/4/2026 05:19:58"
"cc.urkax.tool","Urkax","图书阅读",,"3536","0","ADX","16/4/2026 05:19:58"
"cc.urkax.tool","cc.urkax.tool","图书阅读",,"8","0","ADX","16/4/2026 05:19:58"
"chang.jiexun.sa","chang.jiexun.sa",,,"7","0","ADX","16/4/2026 05:19:58"
"changwen.dt.app","changwen.dt.app",,,"14","0","ADX","16/4/2026 05:19:58"
"changwen.dt.app","畅闻极速版",,,"37928","0","ADX","16/4/2026 05:19:58"
"chuxin.shimo.wendang.2014","chuxin.shimo.wendang.2014",,,"3040","0","ADX","16/4/2026 05:19:58"
"chuxin.shimo.wendang.2014","石墨文档",,,"148","0","ADX","16/4/2026 05:19:58"
"club.spss.tagoo","Tagoo",,,"185","0","ADX","16/4/2026 05:19:58"
"cn.appfactory.tianqi","cn.appfactory.tianqi",,,"357","0","ADX","16/4/2026 05:19:58"
"cn.appfactory.tianqi","天气 - 准确天气变化实时预报",,,"1218","0","ADX","16/4/2026 05:19:58"
"cn.bevol.p","cn.bevol.p",,,"55","0","ADX","16/4/2026 05:19:58"
"cn.bevol.p","美丽修行",,,"6630","0","ADX","16/4/2026 05:19:58"
"cn.bibledbs","cn.bibledbs",,,"25","0","ADX","16/4/2026 05:19:58"
"cn.bluecrane.calendar","万年历黄历","日历",,"859","0","ADX","16/4/2026 05:19:58"
"cn.cangshuwaimai.user","cn.cangshuwaimai.user",,,"854","0","ADX","16/4/2026 05:19:58"
"cn.ccmore.move.driver","裹小递配送员",,,"43","0","ADX","16/4/2026 05:19:58"
"cn.cdblue.awchat","AW畅聊",,,"9","0","ADX","16/4/2026 05:19:58"
"cn.chendubichen.sjkjjkw","手机全天看家监控王",,,"2469","0","ADX","16/4/2026 05:19:58"
"cn.chuangzuomao.atls_win_win","星河任务台",,,"299","0","ADX","16/4/2026 05:19:58"
"cn.chuangzuomao.flutter_drift_bottle","解忧漂流瓶","社交聊天",,"259","0","ADX","16/4/2026 05:19:58"
"cn.colorv","cn.colorv",,,"2679","0","ADX","16/4/2026 05:19:58"
"cn.colorv","彩视",,,"8673","0","ADX","16/4/2026 05:19:58"
"cn.com.drivedu","cn.com.drivedu",,,"3356","0","ADX","16/4/2026 05:19:58"
"cn.com.higgs.tilemaster3d.four","cn.com.higgs.tilemaster3d.four","游戏-休闲益智",,"8","0","ADX","16/4/2026 05:19:58"
"cn.com.netvox.netvoxcam","cn.com.netvox.netvoxCam",,,"16191","0","ADX","16/4/2026 05:19:58"
"cn.com.netvox.netvoxcam","智能摄像头",,,"6317","0","ADX","16/4/2026 05:19:58"
"cn.com.trafficguide.hyggpt","cn.com.trafficguide.hyggpt","出行/导航",,"14230","0","ADX","16/4/2026 05:19:58"
"cn.com.trafficguide.hyggpt","车旺大卡","出行/导航",,"423801","0","ADX","16/4/2026 05:19:58"
"cn.daje.remoter","空调遥控器万能",,,"6309","0","ADX","16/4/2026 05:19:58"
"cn.datou.avatar","cn.datou.avatar",,,"39417","0","ADX","16/4/2026 05:19:58"
"cn.dcfuture.rainbow","同遇",,,"124","0","ADX","16/4/2026 05:19:58"
"cn.ecook.ecook","cn.ecook.ecook",,,"203","0","ADX","16/4/2026 05:19:58"
"cn.ecook.jiachangcai","cn.ecook.jiachangcai",,,"8","0","ADX","16/4/2026 05:19:58"
"cn.etouch.ecalendar","","居家生活",,"38","0","ADX","16/4/2026 05:19:58"
"cn.etouch.ecalendar","cn.etouch.ecalendar","居家生活",,"9646916","0","ADX","16/4/2026 05:19:58"
"cn.etouch.ecalendar","中华万年历","居家生活",,"29782","0","ADX","16/4/2026 05:19:58"
"cn.etouch.ecalendar","中华万年历-安卓","居家生活",,"36121","0","ADX","16/4/2026 05:19:58"
"cn.etouch.ecalendar","中華萬年曆","居家生活",,"66","0","ADX","16/4/2026 05:19:58"
"cn.etouch.ecalendar","微鲤万年历","居家生活",,"5449","0","ADX","16/4/2026 05:19:58"
"cn.etouch.ecalendar.ipad","cn.etouch.ecalendar.ipad","工具",,"2661898","0","ADX","16/4/2026 05:19:58"
"cn.etouch.ecalendar.ipad","sdk iOS","工具",,"68","0","ADX","16/4/2026 05:19:58"
"cn.etouch.ecalendar.ipad","中华万年历","工具",,"403790","0","ADX","16/4/2026 05:19:58"
"cn.etouch.ecalendar.ipad","中華萬年曆","工具",,"2274","0","ADX","16/4/2026 05:19:58"
"cn.etouch.ecalendar.ipad","微鲤万年历","工具",,"122413","0","ADX","16/4/2026 05:19:58"
"cn.jthj.turbobunny","cn.jthj.turbobunny","实用工具",,"15","0","ADX","16/4/2026 05:19:58"
"cn.jthj.turbobunny","迅猛兔加速器","实用工具",,"47000","0","ADX","16/4/2026 05:19:58"
"cn.lbwdhysj.gf.ios","cn.lbwdhysj.gf.ios",,,"1261","0","ADX","16/4/2026 05:19:58"
"cn.module.ddjk","cn.module.ddjk",,,"79","0","ADX","16/4/2026 05:19:58"
"cn.module.ddjk","嘟嘟驾考",,,"594","0","ADX","16/4/2026 05:19:58"
"cn.mqgf.fgqm","cn.mqgf.fgqm",,,"168","0","ADX","16/4/2026 05:19:58"
"cn.myqt.tqym","cn.myqt.tqym",,,"37","0","ADX","16/4/2026 05:19:58"
"cn.neoclub.uki","Uki","聊天社交",,"123110","0","ADX","16/4/2026 05:19:58"
"cn.neoclub.uki","Uki-iOS","聊天社交",,"55","0","ADX","16/4/2026 05:19:58"
"cn.neoclub.uki","cn.neoclub.uki","聊天社交",,"6374","0","ADX","16/4/2026 05:19:58"
"cn.ocdw.app.oczhilian","OC智联",,,"3974","0","ADX","16/4/2026 05:19:58"
"cn.org.nmgqnzyz","",,,"981","0","ADX","16/4/2026 05:19:58"
"cn.org.nmgqnzyz","cn.org.nmgqnzyz",,,"8","0","ADX","16/4/2026 05:19:58"
"cn.org.nmgqnzyz","志愿北疆",,,"474","0","ADX","16/4/2026 05:19:58"
"cn.paperang.mm","作业帮喵喵机",,,"10264","0","ADX","16/4/2026 05:19:58"
"cn.pxshenghuo","派享生活",,,"15","0","ADX","16/4/2026 05:19:58"
"cn.qsfty.duty","cn.qsfty.duty",,,"908","0","ADX","16/4/2026 05:19:58"
"cn.qsfty.timework","cn.qsfty.timework",,,"1443","0","ADX","16/4/2026 05:19:58"
"cn.rf.tushuo1","cn.rf.TuShuo1",,,"24","0","ADX","16/4/2026 05:19:58"
"cn.rouyun.weather.app","cn.rouyun.weather.app",,,"97","0","ADX","16/4/2026 05:19:58"
"cn.rouyun.weather.app","柔云天气",,,"2238","0","ADX","16/4/2026 05:19:58"
"cn.shzdx.xdzhs","cn.shzdx.xdzhs",,,"6","0","ADX","16/4/2026 05:19:58"
"cn.shzdx.xdzhs","生活智多星",,,"23","0","ADX","16/4/2026 05:19:58"
"cn.sightcloud.xiaoyi","Xiao Yi","实用工具",,"12","0","ADX","16/4/2026 05:19:58"
"cn.sightcloud.xiaoyi","cn.sightcloud.xiaoyi","实用工具",,"10631","0","ADX","16/4/2026 05:19:58"
"cn.sightcloud.xiaoyi","小亿同学","实用工具",,"367291","0","ADX","16/4/2026 05:19:58"
"cn.sts.xiaoyun.ordermeals","cn.sts.xiaoyun.ordermeals","实用工具",,"6","0","ADX","16/4/2026 05:19:58"
"cn.sts.xiaoyun.ordermeals","小云点餐","实用工具",,"1743","0","ADX","16/4/2026 05:19:58"
"cn.szyundong.carassist","cn.szyundong.carassist",,,"27","0","ADX","16/4/2026 05:19:58"
"cn.wangxiao.jjsyoutiku","经济师题库",,,"65","0","ADX","16/4/2026 05:19:58"
"cn.widgetisland.theme","cn.widgetisland.theme","手机主题",,"4276","0","ADX","16/4/2026 05:19:58"
"cn.widgetisland.theme","组件岛Widget Island","手机主题",,"15616","0","ADX","16/4/2026 05:19:58"
"cn.xiaochuankeji.tieba","cn.xiaochuankeji.tieba","影音视听",,"23916","0","ADX","16/4/2026 05:19:58"
"cn.xiaochuankeji.zuiyoulite","cn.xiaochuankeji.zuiyouLite",,,"3065","0","ADX","16/4/2026 05:19:58"
"cn.xiaochuankeji.zuiyoulite","皮皮搞笑",,,"62935","0","ADX","16/4/2026 05:19:58"
"cn.xiaochuankeji.zuiyoulite","皮皮搞笑_android",,,"5028","0","ADX","16/4/2026 05:19:58"
"co.superabundant.watchful","co.superabundant.Watchful",,,"4767","0","ADX","16/4/2026 05:19:58"
"co.superabundant.watchful","安防摄像头：Watchful",,,"9890","0","ADX","16/4/2026 05:19:58"
"co.xingtuan.tingkeling","停课铃",,,"10","0","ADX","16/4/2026 05:19:58"
"com.1010jiajiao.----","",,,"294222","0","ADX","16/4/2026 05:19:58"
"com.1010jiajiao.----","com.1010jiajiao.----",,,"19558","0","ADX","16/4/2026 05:19:58"
"com.12sporting.duolaisport","com.12sporting.duolaisport",,,"2178","0","ADX","16/4/2026 05:19:58"
"com.12sporting.duolaisport","多锐",,,"72917","0","ADX","16/4/2026 05:19:58"
"com.163.avg","com.163.avg","互动阅读/文字游戏",,"7335","0","ADX","16/4/2026 05:19:58"
"com.163.avg","易次元","互动阅读/文字游戏",,"390169","0","ADX","16/4/2026 05:19:58"
"com.163.avg","易次元-iOS","互动阅读/文字游戏",,"70","0","ADX","16/4/2026 05:19:58"
"com.163.itest.a13","易次元",,,"8","0","ADX","16/4/2026 05:19:58"
"com.2012gpower.imagesizer","com.2012gpower.imagesizer",,,"17689","0","ADX","16/4/2026 05:19:58"
"com.2345.kingweather","2345天气预报-IOS",,,"65","0","ADX","16/4/2026 05:19:58"
"com.2345.kingweather","com.2345.KingWeather",,,"942","0","ADX","16/4/2026 05:19:58"
"com.500wan.rabbit.01","500彩票",,,"79882","0","ADX","16/4/2026 05:19:58"
"com.500wan.rabbit.01","com.500wan.rabbit.01",,,"29530","0","ADX","16/4/2026 05:19:58"
"com.5e.5eplay","",,,"200656","0","ADX","16/4/2026 05:19:58"
"com.5e.5eplay","5EPlay",,,"255399","0","ADX","16/4/2026 05:19:58"
"com.5e.5eplay","5Eplay_ios",,,"7200","0","ADX","16/4/2026 05:19:58"
"com.5e.5eplay","com.5e.5eplay",,,"82310","0","ADX","16/4/2026 05:19:58"
"com.a17zuoye.mobile.homework","com.A17zuoye.mobile.homework","学习教育",,"4046","0","ADX","16/4/2026 05:19:58"
"com.a17zuoye.mobile.homework","一起作业","学习教育",,"601220","0","ADX","16/4/2026 05:19:58"
"com.a17zuoye.mobile.homework","一起作业-tobid","学习教育",,"3010","0","ADX","16/4/2026 05:19:58"
"com.a17zuoye.mobile.homework","一起作业-安卓","学习教育",,"70149","0","ADX","16/4/2026 05:19:58"
"com.abdessamad.universalremote","com.abdessamad.universalremote",,,"774","0","ADX","16/4/2026 05:19:58"
"com.acircleapppro.app","com.acircleapppro.app","实用工具",,"118","0","ADX","16/4/2026 05:19:58"
"com.acircleapppro.app","一个圈圈","实用工具",,"9379","0","ADX","16/4/2026 05:19:58"
"com.acutegiven.jfyd","疾风运动",,,"405","0","ADX","16/4/2026 05:19:58"
"com.aiball365.ouhe","com.aiball365.ouhe",,,"10021","0","ADX","16/4/2026 05:19:58"
"com.aicai.yingqiudashi","com.aicai.yingqiudashi",,,"199","0","ADX","16/4/2026 05:19:58"
"com.aicai.yingqiudashi","盈球大师",,,"18667","0","ADX","16/4/2026 05:19:58"
"com.aimii.quickapp","艾米",,,"2556","0","ADX","16/4/2026 05:19:58"
"com.aipai.android","com.aipai.android",,,"234","0","ADX","16/4/2026 05:19:58"
"com.aiweather2345","AI天气","居家生活",,"176867","0","ADX","16/4/2026 05:19:58"
"com.aiweather2345","com.aiweather2345","居家生活",,"1578","0","ADX","16/4/2026 05:19:58"
"com.aiwu.gamebox","com.aiwu.gamebox",,,"38","0","ADX","16/4/2026 05:19:58"
"com.aiwu.gamebox","爱吾游戏宝盒",,,"5501","0","ADX","16/4/2026 05:19:58"
"com.aixuexi.student","爱学习-爱上学习收获成长",,,"219","0","ADX","16/4/2026 05:19:58"
"com.akshf.eroitr","com.akshf.eroitr",,,"25","0","ADX","16/4/2026 05:19:58"
"com.aladu.juchang","com.aladu.juchang","影音娱乐/短剧",,"9131","0","ADX","16/4/2026 05:19:58"
"com.aladu.juchang","韩圈剧场","影音娱乐/短剧",,"83635","0","ADX","16/4/2026 05:19:58"
"com.alcidae.video","Alcidae",,,"587753","0","ADX","16/4/2026 05:19:58"
"com.alcidae.video","com.Alcidae.video",,,"78991","0","ADX","16/4/2026 05:19:58"
"com.alcidae.video","海雀",,,"718540","0","ADX","16/4/2026 05:19:58"
"com.alcidae.video","海雀_智慧生活iOS",,,"13395","0","ADX","16/4/2026 05:19:58"
"com.alibaba.ailabs.tg","com.alibaba.ailabs.tg",,,"662","0","ADX","16/4/2026 05:19:58"
"com.alibaba.ailabs.tg","天猫精灵",,,"85745","0","ADX","16/4/2026 05:19:58"
"com.alibaba.daa.coin","com.alibaba.daa.coin",,,"17554","0","ADX","16/4/2026 05:19:58"
"com.alibaba.daa.coin","天猫精灵",,,"136621","0","ADX","16/4/2026 05:19:58"
"com.alibaba.daa.coin","天猫精灵IOS开屏广告",,,"52261","0","ADX","16/4/2026 05:19:58"
"com.alibaba.mmc.ruyistore","com.alibaba.mmc.ruyistore","实用工具",,"44343","0","ADX","16/4/2026 05:19:58"
"com.alibaba.mmc.ruyistore","如意店长助手","实用工具",,"101816","0","ADX","16/4/2026 05:19:58"
"com.alwaysguard.alwaysguard","com.alwaysguard.alwaysguard",,,"1826","0","ADX","16/4/2026 05:19:58"
"com.alwaysguard.alwaysguard","时刻守护",,,"3","0","ADX","16/4/2026 05:19:58"
"com.am.measure","com.am.measure",,,"174","0","ADX","16/4/2026 05:19:58"
"com.am.measure","测量工具",,,"954","0","ADX","16/4/2026 05:19:58"
"com.am.super.clock","专注时钟","工具",,"743","0","ADX","16/4/2026 05:19:58"
"com.analogclock.clockface","com.analogclock.clockface",,,"60172","0","ADX","16/4/2026 05:19:58"
"com.ancda.app.teacher","com.ancda.app.teacher","其他",,"746","0","ADX","16/4/2026 05:19:58"
"com.ancda.app.teacher","掌心智校园丁-iOS","其他",,"8","0","ADX","16/4/2026 05:19:58"
"com.ancda.parents.teacher","com.ancda.parents.teacher","启蒙早教",,"29","0","ADX","16/4/2026 05:19:58"
"com.android.jkdexam","com.android.jkdexam","学习教育",,"13","0","ADX","16/4/2026 05:19:58"
"com.android.jkdexam","金考典","学习教育",,"2607","0","ADX","16/4/2026 05:19:58"
"com.android.wwxj","微微小记",,,"741","0","ADX","16/4/2026 05:19:58"
"com.android.ycjz","友财记账",,,"604","0","ADX","16/4/2026 05:19:58"
"com.antybt","-",,,"1392","0","ADX","16/4/2026 05:19:58"
"com.antybt","com.antybt",,,"520914","0","ADX","16/4/2026 05:19:58"
"com.antybt","新游吧通",,,"527","0","ADX","16/4/2026 05:19:58"
"com.antybt","新游通吧",,,"16619","0","ADX","16/4/2026 05:19:58"
"com.antybt","游吧通",,,"48815","0","ADX","16/4/2026 05:19:58"
"com.app.shengwen","com.app.shengwen",,,"25","0","ADX","16/4/2026 05:19:58"
"com.app.shengwen","声纹壁纸",,,"18","0","ADX","16/4/2026 05:19:58"
"com.app.shengwen","红包生活",,,"613","0","ADX","16/4/2026 05:19:58"
"com.app.tideswing","可话",,,"11","0","ADX","16/4/2026 05:19:58"
"com.appb.zjz","",,,"3","0","ADX","16/4/2026 05:19:58"
"com.argus.smarthome","智慧生活",,,"75","0","ADX","16/4/2026 05:19:58"
"com.array.no.wifi","com.array.no.wifi",,,"225","0","ADX","16/4/2026 05:19:58"
"com.array.no.wifi","离线游戏",,,"1673","0","ADX","16/4/2026 05:19:58"
"com.asdf.life","聚宝客青春版",,,"58","0","ADX","16/4/2026 05:19:58"
"com.asw.racer","com.asw.racer",,,"20","0","ADX","16/4/2026 05:19:58"
"com.asw.racer","指尖赛车",,,"32966","0","ADX","16/4/2026 05:19:58"
"com.asw.racer","极境视频",,,"13658","0","ADX","16/4/2026 05:19:58"
"com.atom.inter","com.atom.inter",,,"14012","0","ADX","16/4/2026 05:19:58"
"com.atonmuios11235","阿童目-家长端",,,"7","0","ADX","16/4/2026 05:19:58"
"com.axy.jdzy","com.axy.jdzy",,,"205","0","ADX","16/4/2026 05:19:58"
"com.axy.jdzy","京小印",,,"39081","0","ADX","16/4/2026 05:19:58"
"com.baidu.baidutranslate","com.baidu.baidutranslate","学习教育",,"4736","0","ADX","16/4/2026 05:19:58"
"com.baidu.baidutranslate","百度翻译","学习教育",,"20152","0","ADX","16/4/2026 05:19:58"
"com.baidu.input_huawei","com.baidu.input_huawei","工具",,"11128","0","ADX","16/4/2026 05:19:58"
"com.baidu.input_huawei","百度输入法定制版","工具",,"144754","0","ADX","16/4/2026 05:19:58"
"com.baidu.inputmethod","com.baidu.inputMethod",,,"2270","0","ADX","16/4/2026 05:19:58"
"com.baidu.inputmethod","百度输入法",,,"86014","0","ADX","16/4/2026 05:19:58"
"com.baidu.netdisk.samsung","com.baidu.netdisk.samsung",,,"7","0","ADX","16/4/2026 05:19:58"
"com.baidu.netdisk.samsung","百度网盘",,,"10712","0","ADX","16/4/2026 05:19:58"
"com.baidu.superduer","com.baidu.superduer","工具",,"79621","0","ADX","16/4/2026 05:19:58"
"com.baidu.superduer","小度","工具",,"1245167","0","ADX","16/4/2026 05:19:58"
"com.baidu.superduer","小度Debug","工具",,"11","0","ADX","16/4/2026 05:19:58"
"com.baidu.superduer","小度_iOS","工具",,"16605","0","ADX","16/4/2026 05:19:58"
"com.baidu.superduer","小度_ios","工具",,"3842","0","ADX","16/4/2026 05:19:58"
"com.baidu.superduer","小度iOS","工具",,"515","0","ADX","16/4/2026 05:19:58"
"com.baidu.tieba","com.baidu.tieba","聊天社交",,"12299","0","ADX","16/4/2026 05:19:58"
"com.baidu.tieba","百度贴吧","聊天社交",,"299764","0","ADX","16/4/2026 05:19:58"
"com.baidu.ybb","com.baidu.ybb",,,"61","0","ADX","16/4/2026 05:19:58"
"com.baidu.ybb","游帮帮加速器",,,"3270","0","ADX","16/4/2026 05:19:58"
"com.baleread.home","芭乐阅读-OPPO",,,"8381","0","ADX","16/4/2026 05:19:58"
"com.ballpure.news","com.ballpure.News",,,"68004","0","ADX","16/4/2026 05:19:58"
"com.ballpure.news","懂球帝",,,"790772","0","ADX","16/4/2026 05:19:58"
"com.bamboo.ibike","com.bamboo.ibike",,,"1048","0","ADX","16/4/2026 05:19:58"
"com.banshenghuo.mobile","com.banshenghuo.mobile",,,"136","0","ADX","16/4/2026 05:19:58"
"com.banshenghuo.mobile","伴生活",,,"84","0","ADX","16/4/2026 05:19:58"
"com.baoweiquan.cnn","保卫甜甜圈",,,"344","0","ADX","16/4/2026 05:19:58"
"com.baozang.xing","宝藏行","娱乐/购物",,"9123","0","ADX","16/4/2026 05:19:58"
"com.bating.bfsgb","帽子先森奇遇记",,,"4","0","ADX","16/4/2026 05:19:58"
"com.bating.bfsgb","看我奇思妙想",,,"7","0","ADX","16/4/2026 05:19:58"
"com.bating.mzxsqyj","土豆奇遇记",,,"23662","0","ADX","16/4/2026 05:19:58"
"com.bating.mzxsqyj","帽子先森奇遇记",,,"23012","0","ADX","16/4/2026 05:19:58"
"com.bating.mzxsqyj","我在老城区跑酷",,,"10665","0","ADX","16/4/2026 05:19:58"
"com.bating.mzxsqyj","熊猫探险计划",,,"23546","0","ADX","16/4/2026 05:19:58"
"com.bating.mzxsqyj","狂飙大卡车",,,"23114","0","ADX","16/4/2026 05:19:58"
"com.bating.mzxsqyj","看我奇思妙想",,,"23072","0","ADX","16/4/2026 05:19:58"
"com.battle.bow.arrow","com.battle.bow.arrow",,,"32","0","ADX","16/4/2026 05:19:58"
"com.bdatu.diliphone","每日精选",,,"2","0","ADX","16/4/2026 05:19:58"
"com.bearcard.xiongka","com.bearcard.xiongka","未知",,"6","0","ADX","16/4/2026 05:19:58"
"com.beike.yubao","贝壳预报",,,"54","0","ADX","16/4/2026 05:19:58"
"com.bestrie.aa","百事AA记账",,,"638","0","ADX","16/4/2026 05:19:58"
"com.bet007.mobile.new007","VideoProcessor",,,"513","0","ADX","16/4/2026 05:19:58"
"com.bet007.mobile.new007","com.bet007.mobile.new007",,,"1982","0","ADX","16/4/2026 05:19:58"
"com.bet007.mobile.new007","球探足球",,,"91136","0","ADX","16/4/2026 05:19:58"
"com.bfire.da.nui","com.bfire.da.nui","应用分身/多开",,"35","0","ADX","16/4/2026 05:19:58"
"com.bfire.da.nui","微分身双开","应用分身/多开",,"24325","0","ADX","16/4/2026 05:19:58"
"com.bide.diandiandazuozhan","包子漫画",,,"874","0","ADX","16/4/2026 05:19:58"
"com.bide.diandiandazuozhan","点点大作战",,,"67","0","ADX","16/4/2026 05:19:58"
"com.billaide.cn","com.BillAide.cn",,,"2","0","ADX","16/4/2026 05:19:58"
"com.bingbaoydfc.bbgkew","com.bingbaoydfc.bbgkew","实用工具",,"67","0","ADX","16/4/2026 05:19:58"
"com.bjda.shkj.was.zjm","com.bjda.shkj.was.zjm",,,"3","0","ADX","16/4/2026 05:19:58"
"com.bjda.shkj.was.zjm","追剧喵",,,"74","0","ADX","16/4/2026 05:19:58"
"com.bjjycx.jctoolbox","com.bjjycx.jctoolbox",,,"390","0","ADX","16/4/2026 05:19:58"
"com.bjjycx.jctoolbox","金彩工具盒",,,"3896","0","ADX","16/4/2026 05:19:58"
"com.bjjzxy.heisu","黑速","社交/聊天通讯",,"259","0","ADX","16/4/2026 05:19:58"
"com.blackshark.browser","com.blackshark.browser",,,"24","0","ADX","16/4/2026 05:19:58"
"com.blueberry.gmu","com.blueberry.Gmu",,,"1032","0","ADX","16/4/2026 05:19:58"
"com.blueberry.gmu","积目iOS",,,"513","0","ADX","16/4/2026 05:19:58"
"com.bm.nfccitycard","com.bm.nfccitycard",,,"104","0","ADX","16/4/2026 05:19:58"
"com.bm.nfccitycard","哈尔滨城市通",,,"5682","0","ADX","16/4/2026 05:19:58"
"com.bmx.apackage","熊猫快收",,,"62","0","ADX","16/4/2026 05:19:58"
"com.bnbm.tmall","北新电商",,,"11984","0","ADX","16/4/2026 05:19:58"
"com.boetech.xiangread","香网小说",,,"1344","0","ADX","16/4/2026 05:19:58"
"com.boohee.food","com.boohee.food",,,"4727","0","ADX","16/4/2026 05:19:58"
"com.boohee.food","薄荷健康",,,"193200","0","ADX","16/4/2026 05:19:58"
"com.bravedefault.pixivlite_android.lite","com.bravedefault.pixivlite_android.lite",,,"118","0","ADX","16/4/2026 05:19:58"
"com.brs.scan.duoduo","com.brs.scan.duoduo",,,"50","0","ADX","16/4/2026 05:19:58"
"com.bsit.coband","便捷青岛",,,"125","0","ADX","16/4/2026 05:19:58"
"com.bsoft.community.zhongshan.pub","健康中山",,,"31","0","ADX","16/4/2026 05:19:58"
"com.bubble.zuma.games","com.bubble.zuma.games",,,"199","0","ADX","16/4/2026 05:19:58"
"com.bubble.zuma.games","祖玛",,,"195","0","ADX","16/4/2026 05:19:58"
"com.bus365.app.bus365","出行365",,,"11","0","ADX","16/4/2026 05:19:58"
"com.bwton.app","com.bwton.app",,,"8","0","ADX","16/4/2026 05:19:58"
"com.bwton.msx.ncb","com.bwton.msx.ncb",,,"20","0","ADX","16/4/2026 05:19:58"
"com.bwton.msx.ncb","鹭鹭行",,,"29","0","ADX","16/4/2026 05:19:58"
"com.bwton.msx.sjz","com.bwton.msx.sjz",,,"82","0","ADX","16/4/2026 05:19:58"
"com.bwton.sjzmetro","com.bwton.sjzmetro","公交地铁",,"118","0","ADX","16/4/2026 05:19:58"
"com.bz.jzapp","影动",,,"458","0","ADX","16/4/2026 05:19:58"
"com.caih.gjt","com.caih.gjt","业务咨询办理",,"7","0","ADX","16/4/2026 05:19:58"
"com.caih.gjt","桂建通","业务咨询办理",,"932","0","ADX","16/4/2026 05:19:58"
"com.caih.worker.gxb.cn","com.caih.worker.gxb.cn",,,"27","0","ADX","16/4/2026 05:19:58"
"com.caih.worker.gxb.cn","桂薪宝工人端",,,"245","0","ADX","16/4/2026 05:19:58"
"com.caimo.paper","彩墨壁纸",,,"57885","0","ADX","16/4/2026 05:19:58"
"com.candy.perlerbeads","com.candy.PerlerBeads",,,"1023","0","ADX","16/4/2026 05:19:58"
"com.cangqu.man","藏趣漫",,,"1031","0","ADX","16/4/2026 05:19:58"
"com.card.of.wordpuzzle","com.card.of.wordpuzzle",,,"37","0","ADX","16/4/2026 05:19:58"
"com.cardify.tinder","Tinder - 丰富社交生活",,,"20565","0","ADX","16/4/2026 05:19:58"
"com.cardify.tinder","com.cardify.tinder",,,"13061","0","ADX","16/4/2026 05:19:58"
"com.cat.sort.eliminate","货柜趣消除",,,"28","0","ADX","16/4/2026 05:19:58"
"com.catstart.android","com.catstart.android",,,"31","0","ADX","16/4/2026 05:19:58"
"com.cc.funnydrama","云趣场",,,"185","0","ADX","16/4/2026 05:19:58"
"com.cchsx.chxc","com.cchsx.chxc","休闲益智",,"1261","0","ADX","16/4/2026 05:19:58"
"com.cecurs.zygj","com.cecurs.zygj",,,"45","0","ADX","16/4/2026 05:19:58"
"com.cecurs.zygj","遵义公交",,,"6","0","ADX","16/4/2026 05:19:58"
"com.cell.battle.dragon","com.cell.battle.dragon",,,"6099","0","ADX","16/4/2026 05:19:58"
"com.cell.battle.dragon","不服来通关",,,"2779","0","ADX","16/4/2026 05:19:58"
"com.cg.driver.exam.ydqnt","com.cg.driver.exam.ydqnt",,,"167","0","ADX","16/4/2026 05:19:58"
"com.changchong.bao","畅充宝",,,"93094","0","ADX","16/4/2026 05:19:58"
"com.chaozh.cata.bkyd","com.chaozh.cata.bkyd","电子书城",,"78","0","ADX","16/4/2026 05:19:58"
"com.chaozh.cata.bkyd","浩阅免费小说","电子书城",,"391","0","ADX","16/4/2026 05:19:58"
"com.chaozh.ireader.dj.freechasebook","com.chaozh.iReader.dj.freeChaseBook","图书阅读",,"229","0","ADX","16/4/2026 05:19:58"
"com.chaozh.ireader.dj.freechasebook","阅瓣免费小说","图书阅读",,"81597","0","ADX","16/4/2026 05:19:58"
"com.che300.dealer","com.che300.dealer",,,"9554","0","ADX","16/4/2026 05:19:58"
"com.che300.dealer","车300",,,"175046","0","ADX","16/4/2026 05:19:58"
"com.che300.price","车300专业版",,,"1614","0","ADX","16/4/2026 05:19:58"
"com.che300.quickhp","com.che300.quickhp",,,"2848","0","ADX","16/4/2026 05:19:58"
"com.che300.quickhp","车300专业版",,,"58493","0","ADX","16/4/2026 05:19:58"
"com.chenglie.mrdj","com.chenglie.mrdj",,,"219","0","ADX","16/4/2026 05:19:58"
"com.chenglie.mrdj","每日短剧",,,"3323","0","ADX","16/4/2026 05:19:58"
"com.chenlong.productions.gardenworld.maa","8花生家长端",,,"87","0","ADX","16/4/2026 05:19:58"
"com.chivox.student.chivoxonline","驰声听说在线",,,"379","0","ADX","16/4/2026 05:19:58"
"com.chkcam.veegileye","超慧看",,,"26","0","ADX","16/4/2026 05:19:58"
"com.chqwl.mwhistory","喵呜答题",,,"2827","0","ADX","16/4/2026 05:19:58"
"com.chqwl.zwhd","缵网护盾",,,"5183","0","ADX","16/4/2026 05:19:58"
"com.chumi.ggsj","com.chumi.ggsj",,,"48","0","ADX","16/4/2026 05:19:58"
"com.chumi.ggsj","果果世界",,,"2831","0","ADX","16/4/2026 05:19:58"
"com.chunhui.azhuemsp","com.chunhui.azhuEMSP",,,"48","0","ADX","16/4/2026 05:19:58"
"com.chunhui.azhuemsp","mtq",,,"6753","0","ADX","16/4/2026 05:19:58"
"com.chunning.mathgirdermaster","计算平衡MATH",,,"5","0","ADX","16/4/2026 05:19:58"
"com.cictec.huainan.intelligence.travel","com.cictec.huainan.intelligence.travel",,,"211","0","ADX","16/4/2026 05:19:58"
"com.cictec.huainan.intelligence.travel","淮南行",,,"1870","0","ADX","16/4/2026 05:19:58"
"com.cimoc.haleydu","com.cimoc.haleydu",,,"7833","0","ADX","16/4/2026 05:19:58"
"com.ciyocon.comic","com.ciyocon.comic",,,"21","0","ADX","16/4/2026 05:19:58"
"com.ciyocon.comic","llq",,,"1282","0","ADX","16/4/2026 05:19:58"
"com.cjly.androidacts.widgetpro","WidgetPro","桌面工具",,"1121","0","ADX","16/4/2026 05:19:58"
"com.cloudledger.speed","com.cloudLedger.speed",,,"165","0","ADX","16/4/2026 05:19:58"
"com.cloudledger.speed","云记账",,,"1307","0","ADX","16/4/2026 05:19:58"
"com.cloudledger.speed","账本极速版",,,"50125","0","ADX","16/4/2026 05:19:58"
"com.cloudsee.sweethome","com.cloudsee.SweetHome",,,"627","0","ADX","16/4/2026 05:19:58"
"com.cloudsee.sweethome","小维智慧家庭",,,"35","0","ADX","16/4/2026 05:19:58"
"com.color.vs.paper","com.color.vs.paper",,,"137","0","ADX","16/4/2026 05:19:58"
"com.colorful.widget.theme","Colorful Widget","实用工具",,"1857","0","ADX","16/4/2026 05:19:58"
"com.colorful.widget.theme","com.colorful.widget.theme","实用工具",,"22","0","ADX","16/4/2026 05:19:58"
"com.comn.muter","com.comn.muter",,,"190","0","ADX","16/4/2026 05:19:58"
"com.comn.muter","微多开分身",,,"22521","0","ADX","16/4/2026 05:19:58"
"com.coolapps.countdays","倒数纪念日",,,"71","0","ADX","16/4/2026 05:19:58"
"com.coolpad.coolclean","酷派",,,"51","0","ADX","16/4/2026 05:19:58"
"com.cqch.tkhd","com.cqch.tkhd",,,"852","0","ADX","16/4/2026 05:19:58"
"com.cqch.zdxy","com.cqch.zdxy",,,"5936","0","ADX","16/4/2026 05:19:58"
"com.crazy.word.puzzle","com.crazy.word.puzzle",,,"48","0","ADX","16/4/2026 05:19:58"
"com.credamo.credamoapp","","效率办公",,"62","0","ADX","16/4/2026 05:19:58"
"com.credamo.credamoapp","Credamo见数","效率办公",,"22992","0","ADX","16/4/2026 05:19:58"
"com.credamo.credamoapp","com.credamo.credamoapp","效率办公",,"76","0","ADX","16/4/2026 05:19:58"
"com.csmbcx.candada","com.csmbcx.candada",,,"12481","0","ADX","16/4/2026 05:19:58"
"com.csmbcx.candada","餐大大",,,"14","0","ADX","16/4/2026 05:19:58"
"com.csrmkj.yxmx","月汐冥想",,,"197612","0","ADX","16/4/2026 05:19:58"
"com.cstsmusic.people","全民音乐播放器","在线音乐",,"68418","0","ADX","16/4/2026 05:19:58"
"com.csxc.movingrings","com.csxc.movingrings",,,"1879","0","ADX","16/4/2026 05:19:58"
"com.csxx.cleanup","深度清理大师",,,"7","0","ADX","16/4/2026 05:19:58"
"com.ctl.student","com.ctl.student",,,"15","0","ADX","16/4/2026 05:19:58"
"com.ctl.student","斑斑驾道定制版",,,"6906","0","ADX","16/4/2026 05:19:58"
"com.cvi65.hl6ax.ors1","顷稻茯清理助手",,,"67363","0","ADX","16/4/2026 05:19:58"
"com.cxy.bbxtz","宝宝学囝字",,,"55125","0","ADX","16/4/2026 05:19:58"
"com.cxy.edsm","聀杌扫描",,,"74398","0","ADX","16/4/2026 05:19:58"
"com.cxywl.steptraveler","步趣行者",,,"29255","0","ADX","16/4/2026 05:19:58"
"com.cylwl.measureaw","随测无忧",,,"428","0","ADX","16/4/2026 05:19:58"
"com.cylwl.vitalitytimer","活力计时器",,,"38054","0","ADX","16/4/2026 05:19:58"
"com.czw.freefit","FereFit",,,"26","0","ADX","16/4/2026 05:19:58"
"com.czw.freefit","com.czw.freefit",,,"140","0","ADX","16/4/2026 05:19:58"
"com.czx.axbapp","com.czx.axbapp",,,"30","0","ADX","16/4/2026 05:19:58"
"com.czx.axbapp","常州行",,,"2980","0","ADX","16/4/2026 05:19:58"
"com.czx.ixbapp","com.czx.ixbapp",,,"317","0","ADX","16/4/2026 05:19:58"
"com.czx.ixbapp","常州行",,,"13542","0","ADX","16/4/2026 05:19:58"
"com.dahuatech.lecheng","com.dahuatech.lecheng","监控/智能硬件",,"53577","0","ADX","16/4/2026 05:19:58"
"com.dahuatech.lecheng","乐橙","监控/智能硬件",,"1415706","0","ADX","16/4/2026 05:19:58"
"com.dahuatech.lecheng","乐橙-IOS","监控/智能硬件",,"95667","0","ADX","16/4/2026 05:19:58"
"com.dasoushu.xq","com.Dasoushu.xq",,,"68","0","ADX","16/4/2026 05:19:58"
"com.dcrym.sharingcampus","com.dcrym.sharingcampus",,,"28","0","ADX","16/4/2026 05:19:58"
"com.dcrym.sharingcampus","共享汇",,,"4956","0","ADX","16/4/2026 05:19:58"
"com.dd.elegance","雅趣集",,,"2763","0","ADX","16/4/2026 05:19:58"
"com.dd.fantasy","幻想斋",,,"2137","0","ADX","16/4/2026 05:19:58"
"com.dd.flowreading","云畅读",,,"5577","0","ADX","16/4/2026 05:19:58"
"com.dd.joypoint","com.dd.joypoint",,,"4542","0","ADX","16/4/2026 05:19:58"
"com.dd.joypoint","趣点读",,,"17366","0","ADX","16/4/2026 05:19:58"
"com.dd.library","com.dd.library",,,"6042","0","ADX","16/4/2026 05:19:58"
"com.dd.library","途书馆",,,"246","0","ADX","16/4/2026 05:19:58"
"com.dd.sdy","舒读域",,,"13050","0","ADX","16/4/2026 05:19:58"
"com.dd.simple","com.dd.simple",,,"11634","0","ADX","16/4/2026 05:19:58"
"com.dd.simple","简而易",,,"986","0","ADX","16/4/2026 05:19:58"
"com.dd.swpavilion","晴雪阅读",,,"35741","0","ADX","16/4/2026 05:19:58"
"com.dd.visionary","com.dd.visionary",,,"4344","0","ADX","16/4/2026 05:19:58"
"com.dd.visionary","幻想家",,,"30446","0","ADX","16/4/2026 05:19:58"
"com.dd.xysk","享阅時刻",,,"1254","0","ADX","16/4/2026 05:19:58"
"com.ddt.gameplay.video","com.ddt.gameplay.video",,,"12","0","ADX","16/4/2026 05:19:58"
"com.ddyc.lotterytool","com.ddyc.lotterytool",,,"27","0","ADX","16/4/2026 05:19:58"
"com.ddyc.lotterytool","彩虹多多",,,"2781","0","ADX","16/4/2026 05:19:58"
"com.dehccx.bfadgak","com.dehccx.bfadgak",,,"26","0","ADX","16/4/2026 05:19:58"
"com.delicloud.app.smartoffice","com.delicloud.app.smartoffice","效率办公",,"39801","0","ADX","16/4/2026 05:19:58"
"com.delicloud.app.smartoffice","得力","效率办公",,"413692","0","ADX","16/4/2026 05:19:58"
"com.delicloud.app.smartoffice","得力e+","效率办公",,"114275","0","ADX","16/4/2026 05:19:58"
"com.delicloud.app.smartoffice","得力e+iOS","效率办公",,"53","0","ADX","16/4/2026 05:19:58"
"com.delicloud.app.smartoffice","得力e+（iOS）","效率办公",,"68","0","ADX","16/4/2026 05:19:58"
"com.dessmann.xdhousekeeper","DESMAN","智能家居",,"5495","0","ADX","16/4/2026 05:19:58"
"com.dessmann.xdhousekeeper","com.dessmann.XDHousekeeper","智能家居",,"94787","0","ADX","16/4/2026 05:19:58"
"com.dessmann.xdhousekeeper","德施曼智能","智能家居",,"1611624","0","ADX","16/4/2026 05:19:58"
"com.dessmann.xdhousekeeper","德施曼智能(ios)","智能家居",,"85","0","ADX","16/4/2026 05:19:58"
"com.deute.rosom","com.deute.rosom",,,"7208","0","ADX","16/4/2026 05:19:58"
"com.deute.rosom","hh-优米短剧0320",,,"336","0","ADX","16/4/2026 05:19:58"
"com.dianyuan.bao","电源宝",,,"530","0","ADX","16/4/2026 05:19:58"
"com.didapinche.booking.driver","com.didapinche.booking.driver",,,"33","0","ADX","16/4/2026 05:19:58"
"com.didapinche.booking.driver","嘀嗒车主",,,"16652","0","ADX","16/4/2026 05:19:58"
"com.dingzhikaifa.qinghuan","情侣游戏",,,"16","0","ADX","16/4/2026 05:19:58"
"com.divotguard.com","com.divotguard.com",,,"599","0","ADX","16/4/2026 05:19:58"
"com.divotguard.com","微卫士",,,"42388","0","ADX","16/4/2026 05:19:58"
"com.doglobal.esfileexplorer","",,,"50755","0","ADX","16/4/2026 05:19:58"
"com.doglobal.esfileexplorer","ES浏览器",,,"670","0","ADX","16/4/2026 05:19:58"
"com.doglobal.esfileexplorer","com.doglobal.ESFileExplorer",,,"8254","0","ADX","16/4/2026 05:19:58"
"com.dongqiudi.news","com.dongqiudi.news","新闻资讯",,"3938","0","ADX","16/4/2026 05:19:58"
"com.dongqiudi.news","懂球帝","新闻资讯",,"2845687","0","ADX","16/4/2026 05:19:58"
"com.dongqiudi.news","懂球帝-测试版","新闻资讯",,"14","0","ADX","16/4/2026 05:19:58"
"com.dongqiudi.news","懂球弟","新闻资讯",,"13","0","ADX","16/4/2026 05:19:58"
"com.dongyu.movies","nanguasp","影音播放",,"21","0","ADX","16/4/2026 05:19:58"
"com.dongyu.movies","南瓜视频","影音播放",,"25524","0","ADX","16/4/2026 05:19:58"
"com.donwou.wfs","com.donwou.wfs",,,"39","0","ADX","16/4/2026 05:19:58"
"com.donwou.wfs","微分身版",,,"532","0","ADX","16/4/2026 05:19:58"
"com.douban.frodo","com.douban.frodo","聊天社交",,"81727","0","ADX","16/4/2026 05:19:58"
"com.douban.frodo","豆瓣","聊天社交",,"2310","0","ADX","16/4/2026 05:19:58"
"com.douqi.com","com.douqi.com",,,"2","0","ADX","16/4/2026 05:19:58"
"com.douqi.com","米禾阅读",,,"175","0","ADX","16/4/2026 05:19:58"
"com.dreamgardenapp","小渔未来校园",,,"881","0","ADX","16/4/2026 05:19:58"
"com.dsjzhida.dsj","大世界智达","实用工具",,"1005","0","ADX","16/4/2026 05:19:58"
"com.dsm.secondlock","Desman","居家生活",,"228","0","ADX","16/4/2026 05:19:58"
"com.dsm.secondlock","com.dsm.secondlock","居家生活",,"1394","0","ADX","16/4/2026 05:19:58"
"com.dsm.secondlock","德施曼智能","居家生活",,"545117","0","ADX","16/4/2026 05:19:58"
"com.dsocial.eftools","com.dsocial.eftools",,,"191","0","ADX","16/4/2026 05:19:58"
"com.dt.fkzs","com.dt.fkzs",,,"24","0","ADX","16/4/2026 05:19:58"
"com.dt.quickapp","多图",,,"5128","0","ADX","16/4/2026 05:19:58"
"com.dtjzdt.jz","com.dtjzdt.jz",,,"2","0","ADX","16/4/2026 05:19:58"
"com.dtjzdt.jz","灯塔记账",,,"45745","0","ADX","16/4/2026 05:19:58"
"com.duanju.mao","短剧猫",,,"10008","0","ADX","16/4/2026 05:19:58"
"com.dudian.dlabel","DLabel云标签",,,"27","0","ADX","16/4/2026 05:19:58"
"com.dudian.dlabel","Dlabel云标签iOS",,,"127","0","ADX","16/4/2026 05:19:58"
"com.duitang.duitangmain","com.duitang.DuiTangMain",,,"668","0","ADX","16/4/2026 05:19:58"
"com.duoduo.opera","com.duoduo.opera",,,"358","0","ADX","16/4/2026 05:19:58"
"com.duowan.mobile","YY",,,"93166","0","ADX","16/4/2026 05:19:58"
"com.duowan.mobile","YY直播",,,"43074","0","ADX","16/4/2026 05:19:58"
"com.duowan.mobile","YY直播-安卓",,,"261178","0","ADX","16/4/2026 05:19:58"
"com.duowan.mobile","com.duowan.mobile",,,"333","0","ADX","16/4/2026 05:19:58"
"com.dushikeji.zhongnongsj.yann","com.dushikeji.zhongnongsj.yann",,,"19","0","ADX","16/4/2026 05:19:58"
"com.dushikeji.zhongnongsj.yann","super-fusion",,,"494","0","ADX","16/4/2026 05:19:58"
"com.dxjk.xw","com.dxjk.xw","学习教育",,"12060","0","ADX","16/4/2026 05:19:58"
"com.dxjk.xw","大象驾到Pro","学习教育",,"239800","0","ADX","16/4/2026 05:19:58"
"com.dxjk.xw","大象驾到pro","学习教育",,"81022","0","ADX","16/4/2026 05:19:58"
"com.dzt.jigsawpuzzle8","com.dzt.JigsawPuzzle8",,,"7556","0","ADX","16/4/2026 05:19:58"
"com.dzt.jigsawpuzzle8","图片合成器",,,"4374","0","ADX","16/4/2026 05:19:58"
"com.easyconnect.easydrive","com.easyconnect.easydrive",,,"10","0","ADX","16/4/2026 05:19:58"
"com.easyconnect.easydrive","亿连驾驶助手-ios",,,"98","0","ADX","16/4/2026 05:19:58"
"com.easytool.health","com.easytool.health",,,"33","0","ADX","16/4/2026 05:19:58"
"com.ecard.kssmk","com.ecard.kssmk",,,"3739","0","ADX","16/4/2026 05:19:58"
"com.ecard.kssmk","鹿路通",,,"107","0","ADX","16/4/2026 05:19:58"
"com.education.lake.dog","com.education.lake.dog",,,"16","0","ADX","16/4/2026 05:19:58"
"com.eipp.cuya.jxgcwin","com.eipp.cuya.jxgcwin",,,"90","0","ADX","16/4/2026 05:19:58"
"com.eipp.cuya.jxgcwin","月光优选",,,"873","0","ADX","16/4/2026 05:19:58"
"com.eipp.cuya.jxgcwin","聚疆共创",,,"1305","0","ADX","16/4/2026 05:19:58"
"com.ejin.laborofworker.songzi","songzi",,,"113","0","ADX","16/4/2026 05:19:58"
"com.elenut.gstone","com.elenut.gstone",,,"5","0","ADX","16/4/2026 05:19:58"
"com.elenut.gstone","集石",,,"43","0","ADX","16/4/2026 05:19:58"
"com.eryanet.carauto","com.eryanet.carauto",,,"13243","0","ADX","16/4/2026 05:19:58"
"com.eryanet.motorcycle","com.eryanet.motorcycle",,,"42","0","ADX","16/4/2026 05:19:58"
"com.eryanet.motorcycle","领骑摩托",,,"77","0","ADX","16/4/2026 05:19:58"
"com.eshize.tiku.jianli","com.eshize.tiku.jianli",,,"172","0","ADX","16/4/2026 05:19:58"
"com.eshize.tiku.shegong","com.eshize.tiku.shegong",,,"14787","0","ADX","16/4/2026 05:19:58"
"com.evans.constellation","星盘运势",,,"795","0","ADX","16/4/2026 05:19:58"
"com.example.baiqiujie.baiqiujie","com.example.baiqiujie.baiqiujie",,,"3551","0","ADX","16/4/2026 05:19:58"
"com.example.calculate","com.example.calculate",,,"15","0","ADX","16/4/2026 05:19:58"
"com.example.calculate","简易计算器",,,"923","0","ADX","16/4/2026 05:19:58"
"com.example.dudian.dudian","com.example.dudian.dudian",,,"67","0","ADX","16/4/2026 05:19:58"
"com.example.fruitplate","com.example.fruitplate",,,"3213","0","ADX","16/4/2026 05:19:58"
"com.example.fruitplate","大象云盘",,,"21933","0","ADX","16/4/2026 05:19:58"
"com.example.pptv","com.example.pptv",,,"5459","0","ADX","16/4/2026 05:19:58"
"com.example.xuhongxiang.andriodpiano","模拟钢琴",,,"101","0","ADX","16/4/2026 05:19:58"
"com.example.xuhongxiang.andriodpiano","钢琴电子琴",,,"11","0","ADX","16/4/2026 05:19:58"
"com.example.xuhongxiang.andriodpiano","钢琴键盘",,,"45","0","ADX","16/4/2026 05:19:58"
"com.excean.dualaid","16双开助手",,,"5214","0","ADX","16/4/2026 05:19:58"
"com.excean.dualaid","com.excean.dualaid",,,"127","0","ADX","16/4/2026 05:19:58"
"com.excean.dualaid","微双开分身",,,"86117","0","ADX","16/4/2026 05:19:58"
"com.excean.maid","com.excean.maid",,,"206","0","ADX","16/4/2026 05:19:58"
"com.excean.maid","微分身王",,,"9841","0","ADX","16/4/2026 05:19:58"
"com.excean.masaid","com.excean.masaid",,,"422","0","ADX","16/4/2026 05:19:58"
"com.excean.masaid","微分身版",,,"60095","0","ADX","16/4/2026 05:19:58"
"com.excean.masteraid","com.excean.masteraid",,,"697","0","ADX","16/4/2026 05:19:58"
"com.excean.masteraid","微信分身版",,,"21730","0","ADX","16/4/2026 05:19:58"
"com.excean.masteraid","微分身版",,,"829","0","ADX","16/4/2026 05:19:58"
"com.excean.multiopen","com.excean.multiopen",,,"138","0","ADX","16/4/2026 05:19:58"
"com.excean.multiopen","微信多开",,,"9036","0","ADX","16/4/2026 05:19:58"
"com.ezdlst.mfjkyckj","免费监控远程看家",,,"3465","0","ADX","16/4/2026 05:19:58"
"com.ezviz.videogo","com.ezviz.videogo",,,"3019","0","ADX","16/4/2026 05:19:58"
"com.fajuoh.afnhaiuawjkdj","启明",,,"21","0","ADX","16/4/2026 05:19:58"
"com.fangtu.android.answer","com.fangtu.android.answer",,,"20","0","ADX","16/4/2026 05:19:58"
"com.fangtu.android.answer","轻松学车",,,"107","0","ADX","16/4/2026 05:19:58"
"com.fangzhi.xing","房智星",,,"1572","0","ADX","16/4/2026 05:19:58"
"com.fddwl.fenhuli","粉互利",,,"2560","0","ADX","16/4/2026 05:19:58"
"com.fddwl.fenkuaibao","粉快报",,,"6257","0","ADX","16/4/2026 05:19:58"
"com.fdel.chen","小金牛短剧-25.7.24",,,"289","0","ADX","16/4/2026 05:19:58"
"com.fdhyt.juts","com.fdhyt.juts",,,"241","0","ADX","16/4/2026 05:19:58"
"com.feeyo.vz.pro.cdm","com.feeyo.vz.pro.cdm","旅行交通",,"196","0","ADX","16/4/2026 05:19:58"
"com.feeyo.vz.pro.cdm","飞常准业内版","旅行交通",,"14182","0","ADX","16/4/2026 05:19:58"
"com.feimakns.dnjsaa","15-肥猫看看","实用工具",,"30","0","ADX","16/4/2026 05:19:58"
"com.feimakns.dnjsaa","com.feimakns.dnjsaa","实用工具",,"180","0","ADX","16/4/2026 05:19:58"
"com.feimi.browser2","com.feimi.browser2",,,"20","0","ADX","16/4/2026 05:19:58"
"com.feng.monkeybook","com.feng.monkeybook",,,"15","0","ADX","16/4/2026 05:19:58"
"com.feng.new.wpforumclient","com.feng.New.WPForumClient",,,"84","0","ADX","16/4/2026 05:19:58"
"com.fengtai.camera","FengTaiCamera","实用工具",,"15263","0","ADX","16/4/2026 05:19:58"
"com.fengtai.camera","com.fengtai.camera","实用工具",,"21335","0","ADX","16/4/2026 05:19:58"
"com.fengtai.camera","聪明卫士","实用工具",,"554277","0","ADX","16/4/2026 05:19:58"
"com.fengtai.camera","聪明卫士-iOS","实用工具",,"108","0","ADX","16/4/2026 05:19:58"
"com.fengtai.realtimeipc","com.fengtai.realtimeipc",,,"16","0","ADX","16/4/2026 05:19:58"
"com.fengtai.realtimeipc","实时盯",,,"1264","0","ADX","16/4/2026 05:19:58"
"com.fgame.bomberman.app.lfq","烂番茄","游戏-休闲",,"432","0","ADX","16/4/2026 05:19:58"
"com.fjxm.bgsg","不鸽时光",,,"112","0","ADX","16/4/2026 05:19:58"
"com.fjxm.gghsw","嘎嘎好书屋",,,"21253","0","ADX","16/4/2026 05:19:58"
"com.fjxm.pkgjx","皮卡工具箱",,,"136","0","ADX","16/4/2026 05:19:58"
"com.fjxm.zzdw","com.fjxm.zzdw",,,"884","0","ADX","16/4/2026 05:19:58"
"com.fkds.nmek.xnm","com.fkds.nmek.xnm",,,"7","0","ADX","16/4/2026 05:19:58"
"com.fkds.nmek.xsz","com.fkds.nmek.xsz",,,"6","0","ADX","16/4/2026 05:19:58"
"com.fkds.nmek.xsz","小柿子",,,"241","0","ADX","16/4/2026 05:19:58"
"com.flow.mxy","com.flow.mxy",,,"2190","0","ADX","16/4/2026 05:19:58"
"com.flower.robotbattle.meta","com.flower.robotbattle.meta",,,"2","0","ADX","16/4/2026 05:19:58"
"com.flsystem.quicklycalc","com.flsystem.quicklycalc",,,"1126","0","ADX","16/4/2026 05:19:58"
"com.ford.fordpasscn","com.ford.fordpasscn",,,"979","0","ADX","16/4/2026 05:19:58"
"com.forever.browser","com.forever.browser","系统工具",,"103","0","ADX","16/4/2026 05:19:58"
"com.forever.browser","久久浏览器","系统工具",,"1531","0","ADX","16/4/2026 05:19:58"
"com.fread.interestingnovel","免费趣小说",,,"327","0","ADX","16/4/2026 05:19:58"
"com.fthlyj.tols","com.fthlyj.tols",,,"8","0","ADX","16/4/2026 05:19:58"
"com.fthlyj.tols","时时赚",,,"9379","0","ADX","16/4/2026 05:19:58"
"com.funny.animal","com.funny.animal",,,"59","0","ADX","16/4/2026 05:19:58"
"com.funyond.huiyun","慧云智校","教务管理",,"22","0","ADX","16/4/2026 05:19:58"
"com.futurefleet.pandabus.ui","com.futurefleet.pandabus.ui",,,"3","0","ADX","16/4/2026 05:19:58"
"com.futurefleet.pandabus.ui","熊猫出行",,,"45","0","ADX","16/4/2026 05:19:58"
"com.futurefleet.xingtai","com.futurefleet.xingtai",,,"10","0","ADX","16/4/2026 05:19:58"
"com.futurefleet.xingtai","邢台公交",,,"814","0","ADX","16/4/2026 05:19:58"
"com.fzfunplaytec.lovestrugglefinancialwin","皮皮奇缘",,,"380","0","ADX","16/4/2026 05:19:58"
"com.game.boy","GBoy",,,"112","0","ADX","16/4/2026 05:19:58"
"com.gameley.aibookkeep","com.gameley.aibookkeep","财务记账/生活工具",,"4442","0","ADX","16/4/2026 05:19:58"
"com.gameley.aibookkeep","元元记账","财务记账/生活工具",,"6565","0","ADX","16/4/2026 05:19:58"
"com.gameley.aifemalehealth","com.gameley.aifemalehealth",,,"6","0","ADX","16/4/2026 05:19:58"
"com.gameley.chsz","彩虹手账","实用工具",,"358","0","ADX","16/4/2026 05:19:58"
"com.gameley.cutepet","心动萌宠","个性化/游戏",,"733","0","ADX","16/4/2026 05:19:58"
"com.gameley.ibookkeep","com.gameley.iBookkeep",,,"89209","0","ADX","16/4/2026 05:19:58"
"com.gameley.ibookkeep","团团记账",,,"379485","0","ADX","16/4/2026 05:19:58"
"com.gameley.ibookkeep","团团记账ios",,,"29","0","ADX","16/4/2026 05:19:58"
"com.gameley.puppywidget","com.gameley.PuppyWidget",,,"36","0","ADX","16/4/2026 05:19:58"
"com.gameley.puppywidget","桌面汪",,,"1888","0","ADX","16/4/2026 05:19:58"
"com.gameley.wwmy","汪汪木鱼",,,"22","0","ADX","16/4/2026 05:19:58"
"com.gameley.yyjz","com.gameley.yyjz","休闲游戏",,"38","0","ADX","16/4/2026 05:19:58"
"com.gameley.yyjz","元元记账","休闲游戏",,"1821","0","ADX","16/4/2026 05:19:58"
"com.gameplay.dazi","游戏搭子",,,"101","0","ADX","16/4/2026 05:19:58"
"com.generalcomp.paisan","com.generalcomp.paisan","其他",,"299","0","ADX","16/4/2026 05:19:58"
"com.generalcomp.paisan","联云视","其他",,"30673","0","ADX","16/4/2026 05:19:58"
"com.gg.gbtbxl.nearme.gamecenter","根本停不下来",,,"56","0","ADX","16/4/2026 05:19:58"
"com.ggbr.hyok","com.ggbr.hyok",,,"4","0","ADX","16/4/2026 05:19:58"
"com.ggbr.hyok","绘画大作战5-安卓-25.5.12",,,"5","0","ADX","16/4/2026 05:19:58"
"com.ghtui.swwe","com.ghtui.swwe","短剧视频/娱乐",,"400","0","ADX","16/4/2026 05:19:58"
"com.ghtui.swwe","小金牛短剧-25.2.10","短剧视频/娱乐",,"378","0","ADX","16/4/2026 05:19:58"
"com.gigan.tomac","com.gigan.tomac",,,"237","0","ADX","16/4/2026 05:19:58"
"com.gigan.tomac","柠檬短剧",,,"69","0","ADX","16/4/2026 05:19:58"
"com.gkid.crazyrope","com.gkid.crazyrope","体育运动",,"16509","0","ADX","16/4/2026 05:19:58"
"com.gkid.crazyrope","天天跳绳","体育运动",,"1566997","0","ADX","16/4/2026 05:19:58"
"com.gkid.crazyrope","天天跳绳-IOS","体育运动",,"46360","0","ADX","16/4/2026 05:19:58"
"com.gkid.crazyrope","天天跳绳-安卓","体育运动",,"52193","0","ADX","16/4/2026 05:19:58"
"com.glimmer.worker","com.glimmer.worker",,,"66","0","ADX","16/4/2026 05:19:58"
"com.groundsoft.puzzle","com.groundsoft.puzzle",,,"18","0","ADX","16/4/2026 05:19:58"
"com.growing.topwidgetsplus","Top Widgets⁺",,,"3170","0","ADX","16/4/2026 05:19:58"
"com.growing.topwidgetsplus","com.growing.topwidgetsplus",,,"234","0","ADX","16/4/2026 05:19:58"
"com.grunkr.notifyaggregation","蜜桃小说",,,"35","0","ADX","16/4/2026 05:19:58"
"com.gstarcad.xian.ocsclient","CAD看图王",,,"676","0","ADX","16/4/2026 05:19:58"
"com.gstarcad.xian.ocsclient","CAD看图王_IOS",,,"8679","0","ADX","16/4/2026 05:19:58"
"com.gstarcad.xian.ocsclient","DWG FastView",,,"119961","0","ADX","16/4/2026 05:19:58"
"com.gstarcad.xian.ocsclient","cad看图王",,,"315","0","ADX","16/4/2026 05:19:58"
"com.gstarcad.xian.ocsclient","com.gstarcad.xian.ocsclient",,,"30191","0","ADX","16/4/2026 05:19:58"
"com.gtit.bjfo","com.gtit.bjfo",,,"1110","0","ADX","16/4/2026 05:19:58"
"com.gtit.bjfo","正哲-简玩-25.5.16",,,"2","0","ADX","16/4/2026 05:19:58"
"com.gtit.bjfo","绘画大作战5-25.5.16",,,"1817","0","ADX","16/4/2026 05:19:58"
"com.guan.mbreader","com.guan.mbreader","阅读工具",,"9735","0","ADX","16/4/2026 05:19:58"
"com.guesspic.mimic","com.guesspic.mimic",,,"35","0","ADX","16/4/2026 05:19:58"
"com.guesspic.mimic","启航视频",,,"8112","0","ADX","16/4/2026 05:19:58"
"com.guesspic.mimic","模仿简笔画",,,"2910","0","ADX","16/4/2026 05:19:58"
"com.gufeng.jzzd","兼职赚点",,,"29","0","ADX","16/4/2026 05:19:58"
"com.guoyu.rwagdjg","com.guoyu.RwaGDJG",,,"1882","0","ADX","16/4/2026 05:19:58"
"com.guoyu.rwagdjg","工地记工",,,"16795","0","ADX","16/4/2026 05:19:58"
"com.gxdmd.cgdzz","com.gxdmd.cgdzz",,,"7","0","ADX","16/4/2026 05:19:58"
"com.gxdmd.cgdzz","猜歌大作战",,,"1614","0","ADX","16/4/2026 05:19:58"
"com.gzyc.androidacts.iwidget","iWidget",,,"5","0","ADX","16/4/2026 05:19:58"
"com.hahacat.hahamiaoplay","com.hahacat.hahamiaoplay",,,"4820","0","ADX","16/4/2026 05:19:58"
"com.hahacat.hahamiaoplay","哈哈喵开黑",,,"6430","0","ADX","16/4/2026 05:19:58"
"com.haien.app.trainpassnative","com.haien.app.TrainPassNative",,,"130","0","ADX","16/4/2026 05:19:58"
"com.haien.app.trainpassnative","铁路人",,,"7454","0","ADX","16/4/2026 05:19:58"
"com.haile.iot.happylife","com.haile.iot.happylife",,,"68","0","ADX","16/4/2026 05:19:58"
"com.haimawan.cloud.bigphone","com.haimawan.cloud.bigphone",,,"40","0","ADX","16/4/2026 05:19:58"
"com.handytools.csbrr.xyz","com.handytools.csbrr.xyz",,,"16","0","ADX","16/4/2026 05:19:58"
"com.handytools.csbrr.xyz","xyz",,,"4086","0","ADX","16/4/2026 05:19:58"
"com.haohan.daidaishengqian","com.haohan.daidaishengqian",,,"922","0","ADX","16/4/2026 05:19:58"
"com.haohan.daidaishengqian","呆呆省钱",,,"22342","0","ADX","16/4/2026 05:19:58"
"com.haohuojie.home","好货街-小米",,,"2179","0","ADX","16/4/2026 05:19:58"
"com.haoqimao.widgeton","com.haoqimao.widgeton",,,"777","0","ADX","16/4/2026 05:19:58"
"com.haoqimao.widgeton","fun widgets",,,"1479","0","ADX","16/4/2026 05:19:58"
"com.haoquan.hui","好券汇",,,"2081","0","ADX","16/4/2026 05:19:58"
"com.happyelements.androidanimal","com.happyelements.AndroidAnimal",,,"8","0","ADX","16/4/2026 05:19:58"
"com.heda.tianxiaor","com.heda.tianxiaor",,,"140","0","ADX","16/4/2026 05:19:58"
"com.heda.tianxiaor","斑斓韵集",,,"11579","0","ADX","16/4/2026 05:19:58"
"com.hegsyt.bzdd","com.hegsyt.bzdd",,,"873","0","ADX","16/4/2026 05:19:58"
"com.hegsyt.wlcp","com.hegsyt.wlcp",,,"7306","0","ADX","16/4/2026 05:19:58"
"com.heifeng.attendance","com.heifeng.Attendance",,,"61","0","ADX","16/4/2026 05:19:58"
"com.heifeng.attendance","勤上口袋办公",,,"4412","0","ADX","16/4/2026 05:19:58"
"com.heifeng.checkworkattendancesystem","勤上口袋办公","效率办公",,"398","0","ADX","16/4/2026 05:19:58"
"com.hellofit.mainapp","Hello FitPro",,,"18","0","ADX","16/4/2026 05:19:58"
"com.hellotalk","HelloTalk","学习教育",,"18401","0","ADX","16/4/2026 05:19:58"
"com.hellotalk","com.hellotalk","学习教育",,"1399","0","ADX","16/4/2026 05:19:58"
"com.hellotalk.hellotalk","HelloTalk",,,"45554","0","ADX","16/4/2026 05:19:58"
"com.hellotalk.hellotalk","com.helloTalk.helloTalk",,,"23666","0","ADX","16/4/2026 05:19:58"
"com.hema.ptjiang","拼图",,,"3049","0","ADX","16/4/2026 05:19:58"
"com.hema.ptjiang","荷马拼图",,,"505","0","ADX","16/4/2026 05:19:58"
"com.henanjinglv.fingerscanner","com.henanjinglv.fingerscanner",,,"49","0","ADX","16/4/2026 05:19:58"
"com.henanjinglv.fingerscanner","巴林短剧",,,"1146","0","ADX","16/4/2026 05:19:58"
"com.henankexin","可信",,,"196","0","ADX","16/4/2026 05:19:58"
"com.hep.zhihuizhijiao.plus","com.hep.zhihuizhijiao.plus",,,"153","0","ADX","16/4/2026 05:19:58"
"com.hep.zhihuizhijiao.plus","智慧职教+",,,"1129","0","ADX","16/4/2026 05:19:58"
"com.hgfe.wzoltr","com.hgfe.wzoltr",,,"513","0","ADX","16/4/2026 05:19:58"
"com.hgkj.sexymouse","热鼠健康",,,"171","0","ADX","16/4/2026 05:19:58"
"com.hgxr.hxdcm","com.hgxr.hxdcm",,,"27","0","ADX","16/4/2026 05:19:58"
"com.hhjy.ycj","com.hhjy.ycj",,,"116","0","ADX","16/4/2026 05:19:58"
"com.hhjy.ycj","云成绩",,,"2195","0","ADX","16/4/2026 05:19:58"
"com.hhyr.awq","com.hhyr.awq",,,"759","0","ADX","16/4/2026 05:19:58"
"com.hhyr.awq","小金牛故事-26.3.6",,,"2476","0","ADX","16/4/2026 05:19:58"
"com.hichip.campro","camhipro","实用工具",,"50504","0","ADX","16/4/2026 05:19:58"
"com.hichip.campro","com.hichip.camPro","实用工具",,"4866","0","ADX","16/4/2026 05:19:58"
"com.hichip.campro","com.hichip.campro","实用工具",,"90","0","ADX","16/4/2026 05:19:58"
"com.hihonor.hiboard","荣耀负一屏",,,"302","0","ADX","16/4/2026 05:19:58"
"com.hihonor.youku.video","荣耀视频",,,"729","0","ADX","16/4/2026 05:19:58"
"com.hisensoft.liaochengbus","com.hisensoft.liaochengbus",,,"8","0","ADX","16/4/2026 05:19:58"
"com.hisensoft.liaochengbus","水城通e行",,,"298","0","ADX","16/4/2026 05:19:58"
"com.hjm.shequ","哈基猫社区",,,"14","0","ADX","16/4/2026 05:19:58"
"com.hjmore.mwyzc","com.hjmore.mwyzc",,,"243","0","ADX","16/4/2026 05:19:58"
"com.hjmore.mwyzc","凌云视频",,,"1023554","0","ADX","16/4/2026 05:19:58"
"com.hjmore.mwyzc","果果大侦探",,,"11703","0","ADX","16/4/2026 05:19:58"
"com.hjmore.wallpaper","com.hjmore.wallpaper",,,"17","0","ADX","16/4/2026 05:19:58"
"com.hjmore.wallpaper","边缘视频",,,"26858","0","ADX","16/4/2026 05:19:58"
"com.hk.hiseex","",,,"297092","0","ADX","16/4/2026 05:19:58"
"com.hk.hiseex","Hisee X",,,"9794","0","ADX","16/4/2026 05:19:58"
"com.hk.hiseex","com.hk.hiseex",,,"80587","0","ADX","16/4/2026 05:19:58"
"com.hkbulb.nfc.pro","NFC ⁺",,,"1330","0","ADX","16/4/2026 05:19:58"
"com.hkbulb.nfc.pro","com.hkbulb.nfc.pro",,,"385","0","ADX","16/4/2026 05:19:58"
"com.hld.lsdsj","com.hld.lsdsj",,,"3","0","ADX","16/4/2026 05:19:58"
"com.hld.lsdsj","大世界短剧",,,"346","0","ADX","16/4/2026 05:19:58"
"com.hm.hmysct","河马畅听",,,"1487","0","ADX","16/4/2026 05:19:58"
"com.hnjc.dl","com.hnjc.dl",,,"108","0","ADX","16/4/2026 05:19:58"
"com.hnjc.dl","多锐",,,"15509","0","ADX","16/4/2026 05:19:58"
"com.hnsx.bzyl","com.hnsx.bzyl",,,"857","0","ADX","16/4/2026 05:19:58"
"com.hnsx.tqzj","com.hnsx.tqzj",,,"881","0","ADX","16/4/2026 05:19:58"
"com.hnsx.zqxf","com.hnsx.zqxf",,,"11517","0","ADX","16/4/2026 05:19:58"
"com.hoge.android.app.hljapp","极光新闻","电视直播",,"76","0","ADX","16/4/2026 05:19:58"
"com.hoge.wifilongjiang","极光新闻",,,"52","0","ADX","16/4/2026 05:19:58"
"com.hongbaoshu.app","红宝书词汇",,,"13","0","ADX","16/4/2026 05:19:58"
"com.hongdan.qiming","明起名",,,"293","0","ADX","16/4/2026 05:19:58"
"com.hongjing.avmini","Avmini","摄影摄像",,"1027202","0","ADX","16/4/2026 05:19:58"
"com.hongjing.avmini","com.hongjing.avmini","摄影摄像",,"7050","0","ADX","16/4/2026 05:19:58"
"com.hongk.ioszqcg","Super 3D Pool",,,"128","0","ADX","16/4/2026 05:19:58"
"com.hongk.ioszqcg","桌球",,,"30","0","ADX","16/4/2026 05:19:58"
"com.hopeway.cam.newhope","Hopeway","实用工具",,"124","0","ADX","16/4/2026 05:19:58"
"com.hopeway.cam.newhope","com.hopeway.cam.newhope","实用工具",,"4693","0","ADX","16/4/2026 05:19:58"
"com.hopeway.cam.newhope","有我看家","实用工具",,"115289","0","ADX","16/4/2026 05:19:58"
"com.horse.browser","天马浏览器",,,"59","0","ADX","16/4/2026 05:19:58"
"com.hsd.client","com.hsd.client",,,"6","0","ADX","16/4/2026 05:19:58"
"com.hsd.client","好视多",,,"1105","0","ADX","16/4/2026 05:19:58"
"com.htwl.hmrj","汇墨日记",,,"5494","0","ADX","16/4/2026 05:19:58"
"com.htwl.huichongchong","汇充充",,,"3184","0","ADX","16/4/2026 05:19:58"
"com.htzpt.ptdcg","拼图大闯关-安卓",,,"9","0","ADX","16/4/2026 05:19:58"
"com.huabenapp.exo","com.huabenapp.exo",,,"53","0","ADX","16/4/2026 05:19:58"
"com.huahua.russia4","com.huahua.russia4","休闲益智游戏",,"9531","0","ADX","16/4/2026 05:19:58"
"com.huahua.russia4","罗斯方块","休闲益智游戏",,"111147","0","ADX","16/4/2026 05:19:58"
"com.huangjin.gold","黄金价格",,,"2","0","ADX","16/4/2026 05:19:58"
"com.huiyou.xiaoding","校钉",,,"554502","0","ADX","16/4/2026 05:19:58"
"com.huiyu.xuan","com.huiyu.xuan",,,"31","0","ADX","16/4/2026 05:19:58"
"com.huiyu.xuan","穗语轩",,,"167","0","ADX","16/4/2026 05:19:58"
"com.huiyun.care.viewerpro","CareCamPro",,,"5","0","ADX","16/4/2026 05:19:58"
"com.huiyun.care.viewerpro","牵心Pro",,,"8143","0","ADX","16/4/2026 05:19:58"
"com.hunan.gdds","com.hunan.gdds",,,"3","0","ADX","16/4/2026 05:19:58"
"com.hunan.gdds","风芒",,,"109","0","ADX","16/4/2026 05:19:58"
"com.hunly.app.stitcher","com.hunly.app.stitcher",,,"2852","0","ADX","16/4/2026 05:19:58"
"com.hunly.app.stitcher","畅拼",,,"198","0","ADX","16/4/2026 05:19:58"
"com.hupu.games","com.hupu.games",,,"14","0","ADX","16/4/2026 05:19:58"
"com.hupu.games","虎扑App",,,"25499","0","ADX","16/4/2026 05:19:58"
"com.hurricane.filekeeper","com.hurricane.filekeeper",,,"5","0","ADX","16/4/2026 05:19:58"
"com.husan.reader","com.husan.reader",,,"346","0","ADX","16/4/2026 05:19:58"
"com.husan.reader","炫动次元壁纸",,,"4","0","ADX","16/4/2026 05:19:58"
"com.hxw.chushi","宏鑫美厨",,,"1299","0","ADX","16/4/2026 05:19:58"
"com.hyjl.recored","com.hyjl.recored",,,"2540","0","ADX","16/4/2026 05:19:58"
"com.hzjkg.health100","com.hzjkg.health100",,,"91","0","ADX","16/4/2026 05:19:58"
"com.hzjkg.health100","优健康",,,"1270","0","ADX","16/4/2026 05:19:58"
"com.hzjuzhi.clock","com.hzjuzhi.clock",,,"11","0","ADX","16/4/2026 05:19:58"
"com.hzjuzhi.clock","悬浮时钟FloatingClock",,,"4321","0","ADX","16/4/2026 05:19:58"
"com.hzjuzhi.floatingclock","Floating Clock",,,"9640","0","ADX","16/4/2026 05:19:58"
"com.hzjuzhi.floatingclock","Jam Mengambang",,,"6687","0","ADX","16/4/2026 05:19:58"
"com.hzjuzhi.floatingclock","Reloj Flotante",,,"141","0","ADX","16/4/2026 05:19:58"
"com.hzjuzhi.floatingclock","Schwebende Uhr",,,"18","0","ADX","16/4/2026 05:19:58"
"com.hzjuzhi.floatingclock","com.hzjuzhi.FloatingClock",,,"2561","0","ADX","16/4/2026 05:19:58"
"com.hzjuzhi.floatingclock","Đồng hồ nổi",,,"4704","0","ADX","16/4/2026 05:19:58"
"com.hzjuzhi.floatingclock","นาฬิกาลอย",,,"767","0","ADX","16/4/2026 05:19:58"
"com.hzjuzhi.floatingclock","フローティング時計",,,"493","0","ADX","16/4/2026 05:19:58"
"com.hzjuzhi.floatingclock","悬浮时钟",,,"162622","0","ADX","16/4/2026 05:19:58"
"com.hzjuzhi.floatingclock","懸浮時鐘",,,"5350","0","ADX","16/4/2026 05:19:58"
"com.hzjuzhi.floatingclock","플로팅 시계",,,"254","0","ADX","16/4/2026 05:19:58"
"com.hzxc.qr.ewmksw","com.hzxc.qr.ewmksw",,,"90","0","ADX","16/4/2026 05:19:58"
"com.icloudoor.bizranking","盖得排行",,,"132","0","ADX","16/4/2026 05:19:58"
"com.icoolme.android.weather","com.icoolme.android.weather",,,"4825","0","ADX","16/4/2026 05:19:58"
"com.ictom.eter","com.ictom.eter",,,"709","0","ADX","16/4/2026 05:19:58"
"com.ictom.eter","易淘生活",,,"977","0","ADX","16/4/2026 05:19:58"
"com.idejian.langyread","com.idejian.LangYRead","图书阅读",,"95","0","ADX","16/4/2026 05:19:58"
"com.idejian.langyread","琅阅","图书阅读",,"36566","0","ADX","16/4/2026 05:19:58"
"com.idianvideo.app.android","com.idianVideo.app.android","影音视听",,"7","0","ADX","16/4/2026 05:19:58"
"com.idianvideo.app.android","爱电影视","影音视听",,"1432","0","ADX","16/4/2026 05:19:58"
"com.ifeng.news2","com.ifeng.news2","新闻资讯",,"7855","0","ADX","16/4/2026 05:19:58"
"com.igrs.omnienjoy","com.igrs.omnienjoy",,,"2","0","ADX","16/4/2026 05:19:58"
"com.ilanzou.app.disk","com.ilanzou.app.disk",,,"2","0","ADX","16/4/2026 05:19:58"
"com.ilanzou.app.disk","蓝奏云优享版-安卓",,,"67","0","ADX","16/4/2026 05:19:58"
"com.ilike2.manhuaren","com.ilike2.manhuaren","阅读/漫画",,"5137","0","ADX","16/4/2026 05:19:58"
"com.imendon.cococam","com.imendon.cococam",,,"4506","0","ADX","16/4/2026 05:19:58"
"com.imendon.cococam","可可修图",,,"14986","0","ADX","16/4/2026 05:19:58"
"com.imendon.rizacam","com.imendon.rizacam",,,"4052","0","ADX","16/4/2026 05:19:58"
"com.imendon.rizacam","日杂相机",,,"7140","0","ADX","16/4/2026 05:19:58"
"com.inq.zzw.wnxb","励吱万年历",,,"295387","0","ADX","16/4/2026 05:19:58"
"com.intelligent.clock","com.intelligent.clock",,,"145","0","ADX","16/4/2026 05:19:58"
"com.iosaccountingassistant","com.iOSAccountingAssistant",,,"1414","0","ADX","16/4/2026 05:19:58"
"com.iosaccountingassistant","蓝猫智识",,,"1320","0","ADX","16/4/2026 05:19:58"
"com.ioshotwalkhealth.walkhealth","com.ioshotwalkhealth.walkhealth",,,"847","0","ADX","16/4/2026 05:19:58"
"com.ioshotwalkhealth.walkhealth","开薪运动",,,"98","0","ADX","16/4/2026 05:19:58"
"com.ipc360","IPC360",,,"1169","0","ADX","16/4/2026 05:19:58"
"com.ipc360","IPC360-安卓",,,"119","0","ADX","16/4/2026 05:19:58"
"com.ipc360home","IPC360 Home","摄影摄像",,"119845","0","ADX","16/4/2026 05:19:58"
"com.ipc360home","IPC360Home","摄影摄像",,"33279","0","ADX","16/4/2026 05:19:58"
"com.ipc360home","com.ipc360home","摄影摄像",,"614","0","ADX","16/4/2026 05:19:58"
"com.islandwallpaper.cn","com.islandwallpaper.cn",,,"72469","0","ADX","16/4/2026 05:19:58"
"com.istrong.sstflj2","com.istrong.SSTFLJ2","居家生活",,"73","0","ADX","16/4/2026 05:19:58"
"com.istrong.sstflj2","实时台风路径","居家生活",,"2524","0","ADX","16/4/2026 05:19:58"
"com.ithink.activity","手立视",,,"37229","0","ADX","16/4/2026 05:19:58"
"com.ivyiot.ivysmart","com.ivyiot.IvySmart","家居控制",,"408","0","ADX","16/4/2026 05:19:58"
"com.ivyiot.ivysmart","愛為物聯","家居控制",,"64","0","ADX","16/4/2026 05:19:58"
"com.ivyiot.ivysmart","爱为物联","家居控制",,"10147","0","ADX","16/4/2026 05:19:58"
"com.iwall.bizhi","MostWallpaper","摄影美化",,"113932","0","ADX","16/4/2026 05:19:58"
"com.iwall.bizhi","com.iwall.bizhi","摄影美化",,"31678","0","ADX","16/4/2026 05:19:58"
"com.iwall.bizhi","最美壁纸_iOS","摄影美化",,"2844","0","ADX","16/4/2026 05:19:58"
"com.iyuba.concept2","新概念英语全四册",,,"574","0","ADX","16/4/2026 05:19:58"
"com.jco.aiview","AView","实用工具",,"1040539","0","ADX","16/4/2026 05:19:58"
"com.jco.aiview","AView-Android","实用工具",,"375469","0","ADX","16/4/2026 05:19:58"
"com.jco.aiview","com.jco.aiview","实用工具",,"1175","0","ADX","16/4/2026 05:19:58"
"com.jd.game.onetpet.huawei","com.jd.game.onetpet.huawei",,,"33","0","ADX","16/4/2026 05:19:58"
"com.jdd.newjdd.app","",,,"11959","0","ADX","16/4/2026 05:19:58"
"com.jdd.newjdd.app","com.jdd.newjdd.app",,,"482","0","ADX","16/4/2026 05:19:58"
"com.jdd.newjdd.app","匠多多师傅版",,,"12071","0","ADX","16/4/2026 05:19:58"
"com.jf.peanutadiaryhotversion","com.jf.PeanutAdiaryHotVersion",,,"1797","0","ADX","16/4/2026 05:19:58"
"com.jf.peanutadiaryhotversion","花生日记",,,"8244","0","ADX","16/4/2026 05:19:58"
"com.jhws.mmyj","美莓月记",,,"1407","0","ADX","16/4/2026 05:19:58"
"com.jhyan.yan","一言",,,"1378","0","ADX","16/4/2026 05:19:58"
"com.jiacheng.dingwei","com.jiacheng.dingwei",,,"4230","0","ADX","16/4/2026 05:19:58"
"com.jiacheng.dingwei","手机定位 - 查找朋友家人位置",,,"2698","0","ADX","16/4/2026 05:19:58"
"com.jiae.cjro","com.jiae.cjro",,,"277","0","ADX","16/4/2026 05:19:58"
"com.jiae.cjro","有米剧场",,,"1429","0","ADX","16/4/2026 05:19:58"
"com.jiandan.terence.sneaker","com.jiandan.terence.sneaker",,,"21","0","ADX","16/4/2026 05:19:58"
"com.jiawentech.pizzabusiness","com.jiawentech.pizzabusiness",,,"1862","0","ADX","16/4/2026 05:19:58"
"com.jiewang.ztbz","com.jiewang.ztbz",,,"32","0","ADX","16/4/2026 05:19:58"
"com.jiewang.ztbz","臻图超清壁纸",,,"914","0","ADX","16/4/2026 05:19:58"
"com.jiewang.ztbz.b629c1606f0b34b08a7d3dc88e440d17f","com.jiewang.ztbz.b629c1606f0b34b08a7d3dc88e440d17f",,,"3","0","ADX","16/4/2026 05:19:58"
"com.jiewang.ztbz.c3c23860305c549ef91e679f10b620c74","com.jiewang.ztbz.c3c23860305c549ef91e679f10b620c74",,,"2","0","ADX","16/4/2026 05:19:58"
"com.jifeng.xc","com.jifeng.xc",,,"1809","0","ADX","16/4/2026 05:19:58"
"com.jifeng.xc","驰风学车",,,"2730","0","ADX","16/4/2026 05:19:58"
"com.jilin.buspay","com.JiLin.buspay",,,"10","0","ADX","16/4/2026 05:19:58"
"com.jin10.lgd","金十数据",,,"753","0","ADX","16/4/2026 05:19:58"
"com.jincouaon","com.JINCOUAON",,,"49","0","ADX","16/4/2026 05:19:58"
"com.jindk.zipmaster","com.jindk.ZipMaster",,,"60559","0","ADX","16/4/2026 05:19:58"
"com.jingmai.mall","有味生活",,,"46","0","ADX","16/4/2026 05:19:58"
"com.jingzhixing.fj","风象日记","小说漫画",,"80","0","ADX","16/4/2026 05:19:58"
"com.jingzhixing.xallq.td31c0cdee7a14889ba5a60555b406073","com.jingzhixing.xallq.td31c0cdee7a14889ba5a60555b406073",,,"2","0","ADX","16/4/2026 05:19:58"
"com.jinji.xun","com.jinji.xun",,,"16","0","ADX","16/4/2026 05:19:58"
"com.jinji.xun","金迹寻幽",,,"114376","0","ADX","16/4/2026 05:19:58"
"com.jiyikeji.app","极诣",,,"492","0","ADX","16/4/2026 05:19:58"
"com.jizhi.jlongg","com.jizhi.jlongg","效率办公",,"103","0","ADX","16/4/2026 05:19:58"
"com.jizhi.jlongg","吉工家","效率办公",,"70428","0","ADX","16/4/2026 05:19:58"
"com.jizhi.jlongg.gdjjb","com.jizhi.jlongg.gdjjb","考勤打卡",,"21","0","ADX","16/4/2026 05:19:58"
"com.jizhi.jlongg.gdjjb","工地记加班","考勤打卡",,"52","0","ADX","16/4/2026 05:19:58"
"com.jizhi.jlongg.gdkq","com.jizhi.jlongg.gdkq","实用工具",,"46","0","ADX","16/4/2026 05:19:58"
"com.jizhi.jlongg.gdkq","工地考勤","实用工具",,"11735","0","ADX","16/4/2026 05:19:58"
"com.jizhi.jlongg.kqb","com.jizhi.jlongg.kqb",,,"83","0","ADX","16/4/2026 05:19:58"
"com.jizhi.jlongg.kqb","考勤表",,,"22185","0","ADX","16/4/2026 05:19:58"
"com.jj.clleague","茶梨社",,,"6732","0","ADX","16/4/2026 05:19:58"
"com.jj.cloudhotplay","云热剧",,,"23536","0","ADX","16/4/2026 05:19:58"
"com.jj.cloudtv","云视剧",,,"1432","0","ADX","16/4/2026 05:19:58"
"com.jj.interesting","拾趣园",,,"4101","0","ADX","16/4/2026 05:19:58"
"com.jj.jyz","剧影栈",,,"33451","0","ADX","16/4/2026 05:19:58"
"com.jlhw.rtdn","com.jlhw.rtdn",,,"36","0","ADX","16/4/2026 05:19:58"
"com.jlhw.rtdn","哇区",,,"7117","0","ADX","16/4/2026 05:19:58"
"com.jlongg.mix","com.jlongg.mix",,,"4296","0","ADX","16/4/2026 05:19:58"
"com.jlongg.mix","吉工家",,,"7662","0","ADX","16/4/2026 05:19:58"
"com.jnn88.jjqx","com.jnn88.jjqx",,,"103","0","ADX","16/4/2026 05:19:58"
"com.jnn88.jjqx","酱酱青训",,,"29637","0","ADX","16/4/2026 05:19:58"
"com.joke.chongya","com.joke.chongya",,,"44","0","ADX","16/4/2026 05:19:58"
"com.jooan.cowspirit","CowSpirit","休闲游戏",,"280330","0","ADX","16/4/2026 05:19:58"
"com.jooan.cowspirit","com.jooan.CowSpirit","休闲游戏",,"198587","0","ADX","16/4/2026 05:19:58"
"com.jooan.cowspirit","牛精灵","休闲游戏",,"2840924","0","ADX","16/4/2026 05:19:58"
"com.jooan.cowspirit","牛精灵-ios","休闲游戏",,"163","0","ADX","16/4/2026 05:19:58"
"com.jooan.cowspirit","牛精灵_iOS","休闲游戏",,"21050","0","ADX","16/4/2026 05:19:58"
"com.jooan.cowspirit","牛精灵iOS","休闲游戏",,"149","0","ADX","16/4/2026 05:19:58"
"com.jooan.fingertip","com.jooan.fingertip","实用工具",,"818","0","ADX","16/4/2026 05:19:58"
"com.jooan.fingertip","指尖看看","实用工具",,"104694","0","ADX","16/4/2026 05:19:58"
"com.jooan.iosnightjarspeedlink","com.jooan.iOSNightJarSpeedLink",,,"3","0","ADX","16/4/2026 05:19:58"
"com.jooan.qiaoanzhilian","com.jooan.qiaoanzhilian","实用工具",,"303","0","ADX","16/4/2026 05:19:58"
"com.jooan.qiaoanzhilian","乔安智联","实用工具",,"1188610","0","ADX","16/4/2026 05:19:58"
"com.jooan.qiaoanzhilian","乔安智联-android","实用工具",,"100","0","ADX","16/4/2026 05:19:58"
"com.jovision.ivbaby","com.jovision.ivbaby","学习教育",,"439","0","ADX","16/4/2026 05:19:58"
"com.jovision.ivbaby","爱维宝贝","学习教育",,"174048","0","ADX","16/4/2026 05:19:58"
"com.jovision.ivbaby","爱维宝贝-安卓-正式","学习教育",,"294697","0","ADX","16/4/2026 05:19:58"
"com.joygo","com.joygo",,,"65","0","ADX","16/4/2026 05:19:58"
"com.joypuzzle.tileconnect","com.joypuzzle.tileconnect","游戏-益智",,"37","0","ADX","16/4/2026 05:19:58"
"com.jsnkj.hxsg","com.jsnkj.hxsg",,,"20","0","ADX","16/4/2026 05:19:58"
"com.jspp","JSPP","聊天社交",,"13836","0","ADX","16/4/2026 05:19:58"
"com.jspp","com.jspp","聊天社交",,"476","0","ADX","16/4/2026 05:19:58"
"com.jsppjs.www","com.jsppjs.www",,,"41","0","ADX","16/4/2026 05:19:58"
"com.juejinchain.android","com.juejinchain.android",,,"84","0","ADX","16/4/2026 05:19:58"
"com.juejinchain.android","掘金宝",,,"347","0","ADX","16/4/2026 05:19:58"
"com.julangling.xsgjz","com.julangling.xsgjz","实用工具",,"2576","0","ADX","16/4/2026 05:19:58"
"com.julangling.xsgjz","小时工记账","实用工具",,"361590","0","ADX","16/4/2026 05:19:58"
"com.julanling.gdjgjz","com.julanling.gdjgjz","实用工具",,"641","0","ADX","16/4/2026 05:19:58"
"com.julanling.gdjgjz","安心工地记工","实用工具",,"23163","0","ADX","16/4/2026 05:19:58"
"com.julanling.gdjgjz","安心工地记工记账","实用工具",,"22043","0","ADX","16/4/2026 05:19:58"
"com.julanling.piece","com.julanling.piece","实用工具",,"82","0","ADX","16/4/2026 05:19:58"
"com.julanling.piece","安心计件","实用工具",,"76361","0","ADX","16/4/2026 05:19:58"
"com.julanling.xsgjz","","教育/办公",,"2191","0","ADX","16/4/2026 05:19:58"
"com.julanling.xsgjz","com.julanling.xsgjz","教育/办公",,"13048","0","ADX","16/4/2026 05:19:58"
"com.julanling.xsgjz","小时工记账","教育/办公",,"357118","0","ADX","16/4/2026 05:19:58"
"com.julanling.xsgjz","小时工记账-安心记加班工资","教育/办公",,"63287","0","ADX","16/4/2026 05:19:58"
"com.junruy.wdjys","文档解压缩",,,"432","0","ADX","16/4/2026 05:19:58"
"com.juss.sports.app","久事体育","其他",,"4472","0","ADX","16/4/2026 05:19:58"
"com.justlittlerock.cn","com.justlittlerock.cn",,,"164","0","ADX","16/4/2026 05:19:58"
"com.juzifenqi.app","桔多多",,,"63","0","ADX","16/4/2026 05:19:58"
"com.jxedt.kms","com.jxedt.kms",,,"11","0","ADX","16/4/2026 05:19:58"
"com.jxedt.kms","驾校一点通科目四",,,"9983","0","ADX","16/4/2026 05:19:58"
"com.jygwc.xhtkv.miki","com.jygwc.xhtkv.miki",,,"34","0","ADX","16/4/2026 05:19:58"
"com.jygwc.xhtkv.miki","火爆爱消除",,,"2527","0","ADX","16/4/2026 05:19:58"
"com.jz.youyu","有鱼记账",,,"114","0","ADX","16/4/2026 05:19:58"
"com.kaidishi.lock","Kaadas Smart","居家生活",,"433","0","ADX","16/4/2026 05:19:58"
"com.kaidishi.lock","com.kaidishi.lock","居家生活",,"11553","0","ADX","16/4/2026 05:19:58"
"com.kaidishi.lock","凯迪仕智能","居家生活",,"193794","0","ADX","16/4/2026 05:19:58"
"com.kaihe.enjoyscampus","悦享校园",,,"431","0","ADX","16/4/2026 05:19:58"
"com.kaiyu.guangying","南瓜视频",,,"212","0","ADX","16/4/2026 05:19:58"
"com.kang.am","安秒康",,,"28483","0","ADX","16/4/2026 05:19:58"
"com.kangar.oosy","com.kangar.oosy","游戏",,"5618","0","ADX","16/4/2026 05:19:58"
"com.kangar.oosy","易淘生活-250610","游戏",,"156","0","ADX","16/4/2026 05:19:58"
"com.kangaroo.shengdu","com.kangaroo.shengdu","图书阅读",,"297","0","ADX","16/4/2026 05:19:58"
"com.kangaroo.shengdu","盛读","图书阅读",,"170914","0","ADX","16/4/2026 05:19:58"
"com.kedang.xingfenqinxuan","com.kedang.xingfenqinxuan","实用工具",,"13","0","ADX","16/4/2026 05:19:58"
"com.kedang.xingfenqinxuan","可当","实用工具",,"2149","0","ADX","16/4/2026 05:19:58"
"com.keisa.grta","com.keisa.grta",,,"671","0","ADX","16/4/2026 05:19:58"
"com.keisa.grta","有米剧场极速版-25.4.12",,,"268","0","ADX","16/4/2026 05:19:58"
"com.keqiliang.xiaohuojian","com.keqiliang.xiaohuojian",,,"22","0","ADX","16/4/2026 05:19:58"
"com.keqiliang.xiaohuojian","西游加速器",,,"18","0","ADX","16/4/2026 05:19:58"
"com.kestrel.jsjpstudent","com.kestrel.JSJPStudent",,,"16938","0","ADX","16/4/2026 05:19:58"
"com.kestrel.jsjpstudent","sdk iOS",,,"2","0","ADX","16/4/2026 05:19:58"
"com.kestrel.jsjpstudent","极速驾培",,,"3203","0","ADX","16/4/2026 05:19:58"
"com.kiloo.subwaysurf.cn","com.kiloo.subwaysurf.cn",,,"1974","0","ADX","16/4/2026 05:19:58"
"com.kiloo.subwaysurf.cn","地铁跑酷",,,"161755","0","ADX","16/4/2026 05:19:58"
"com.kjvdavdg.cvahhz","好好赚",,,"1038","0","ADX","16/4/2026 05:19:58"
"com.kkdj.smallvideo","com.kkdj.smallvideo",,,"529","0","ADX","16/4/2026 05:19:58"
"com.klcxkj.zqxy","com.klcxkj.zqxy","实用工具",,"10106","0","ADX","16/4/2026 05:19:58"
"com.klcxkj.zqxy","video","实用工具",,"14","0","ADX","16/4/2026 05:19:58"
"com.klcxkj.zqxy","趣智校园","实用工具",,"1203471","0","ADX","16/4/2026 05:19:58"
"com.ksjoy.electronfish","com.ksjoy.electronfish",,,"7","0","ADX","16/4/2026 05:19:58"
"com.kslw.rtde","com.kslw.rtde",,,"2113","0","ADX","16/4/2026 05:19:58"
"com.kslw.rtde","绘画大作战",,,"11612","0","ADX","16/4/2026 05:19:58"
"com.kt.hzvoluntee","com.kt.HzVoluntee",,,"846174","0","ADX","16/4/2026 05:19:58"
"com.kt.hzvoluntee","sdk iOS",,,"11","0","ADX","16/4/2026 05:19:58"
"com.kt.hzvoluntee","志愿汇",,,"903383","0","ADX","16/4/2026 05:19:58"
"com.kt.hzvoluntee","志愿汇IOS",,,"23","0","ADX","16/4/2026 05:19:58"
"com.kt.hzvoluntee","志愿汇ios",,,"38","0","ADX","16/4/2026 05:19:58"
"com.kto.gysg","com.kto.gysg",,,"17","0","ADX","16/4/2026 05:19:58"
"com.ktpy.dqkg","表情包DIY制作",,,"165","0","ADX","16/4/2026 05:19:58"
"com.kuaidihelp.kuaidiyuan","com.kuaidihelp.kuaidiyuan",,,"10707","0","ADX","16/4/2026 05:19:58"
"com.kuaidihelp.kuaidiyuan","快宝快递员",,,"1986","0","ADX","16/4/2026 05:19:58"
"com.kuaidihelp.kuaidiyuan","快递员",,,"20944","0","ADX","16/4/2026 05:19:58"
"com.kuaiyin.player","com.kuaiyin.player","影音视听",,"880","0","ADX","16/4/2026 05:19:58"
"com.kuaiyin.player","快音","影音视听",,"476551","0","ADX","16/4/2026 05:19:58"
"com.kwai.m2u","一甜相机",,,"40","0","ADX","16/4/2026 05:19:58"
"com.laicam.cloud","LaiCam","其他",,"207","0","ADX","16/4/2026 05:19:58"
"com.laiwang.dingtalk","com.laiwang.DingTalk",,,"1633","0","ADX","16/4/2026 05:19:58"
"com.laiyinpiano.piano","com.laiyinpiano.piano",,,"44813","0","ADX","16/4/2026 05:19:58"
"com.laiyinpiano.piano","来音钢琴",,,"10376","0","ADX","16/4/2026 05:19:58"
"com.lancens.wxdoorbell","Xhome","居家生活",,"6","0","ADX","16/4/2026 05:19:58"
"com.lancens.wxdoorbell","com.lancens.wxdoorbell","居家生活",,"687","0","ADX","16/4/2026 05:19:58"
"com.lancens.wxdoorbell","叮叮智能","居家生活",,"12269","0","ADX","16/4/2026 05:19:58"
"com.lancens.wxdoorbell","叮叮智能iOS","居家生活",,"10","0","ADX","16/4/2026 05:19:58"
"com.lanke.realname0","com.lanke.realname0",,,"6325","0","ADX","16/4/2026 05:19:58"
"com.lanlanys.app","懒懒视频","社交/语音聊天",,"21295","0","ADX","16/4/2026 05:19:58"
"com.lanmei.book","蓝莓免费小说",,,"6499","0","ADX","16/4/2026 05:19:58"
"com.laodaiyx.duoniu3","经典方块",,,"49","0","ADX","16/4/2026 05:19:58"
"com.ledong.quan","乐动圈",,,"24654","0","ADX","16/4/2026 05:19:58"
"com.lemonbz.home","柠檬壁纸-OPPO","迷你兔（大连市）信息技术有限公司",,"28999","0","ADX","16/4/2026 05:19:58"
"com.lenchi.cykp","土豆奇遇记",,,"5","0","ADX","16/4/2026 05:19:58"
"com.lenchi.djczzr","土豆奇遇记",,,"156","0","ADX","16/4/2026 05:19:58"
"com.lenchi.djczzr","帽子先森奇遇记",,,"155","0","ADX","16/4/2026 05:19:58"
"com.lenchi.djczzr","我在老城区跑酷",,,"155","0","ADX","16/4/2026 05:19:58"
"com.lenchi.djczzr","熊猫探险计划",,,"159","0","ADX","16/4/2026 05:19:58"
"com.lenchi.djczzr","狂飙大卡车",,,"190","0","ADX","16/4/2026 05:19:58"
"com.lenchi.djczzr","看我奇思妙想",,,"192","0","ADX","16/4/2026 05:19:58"
"com.lenchi.wzlcqpk","熊猫探险计划",,,"2","0","ADX","16/4/2026 05:19:58"
"com.lenchi.xrqdmx","土豆奇遇记",,,"544","0","ADX","16/4/2026 05:19:58"
"com.lenchi.xrqdmx","帽子先森奇遇记",,,"519","0","ADX","16/4/2026 05:19:58"
"com.lenchi.xrqdmx","我在老城区跑酷",,,"304","0","ADX","16/4/2026 05:19:58"
"com.lenchi.xrqdmx","熊猫探险计划",,,"545","0","ADX","16/4/2026 05:19:58"
"com.lenchi.xrqdmx","狂飙大卡车",,,"482","0","ADX","16/4/2026 05:19:58"
"com.lenchi.xrqdmx","看我奇思妙想",,,"418","0","ADX","16/4/2026 05:19:58"
"com.lenchi.zwyxdjs","土豆奇遇记",,,"2000","0","ADX","16/4/2026 05:19:58"
"com.lenchi.zwyxdjs","帽子先森奇遇记",,,"1922","0","ADX","16/4/2026 05:19:58"
"com.lenchi.zwyxdjs","我在老城区跑酷",,,"1879","0","ADX","16/4/2026 05:19:58"
"com.lenchi.zwyxdjs","熊猫探险计划",,,"1960","0","ADX","16/4/2026 05:19:58"
"com.lenchi.zwyxdjs","狂飙大卡车",,,"1898","0","ADX","16/4/2026 05:19:58"
"com.lenchi.zwyxdjs","看我奇思妙想",,,"1871","0","ADX","16/4/2026 05:19:58"
"com.lepao.lptiyu","com.lepao.lptiyu",,,"10783","0","ADX","16/4/2026 05:19:58"
"com.lepao.lptiyu","步道乐跑",,,"199185","0","ADX","16/4/2026 05:19:58"
"com.letaotao.home","乐淘淘-小米",,,"194379","0","ADX","16/4/2026 05:19:58"
"com.lfkj.dlg","侈乐购",,,"67751","0","ADX","16/4/2026 05:19:58"
"com.liancheng.nftapp","链上城市",,,"751","0","ADX","16/4/2026 05:19:58"
"com.liangxinchi.home","量心尺-OPPO",,,"16","0","ADX","16/4/2026 05:19:58"
"com.liantuo.xiaojingling.newsi","小精灵商户通",,,"521","0","ADX","16/4/2026 05:19:58"
"com.lidesheng.editdrawer","com.lidesheng.EditDrawer",,,"6","0","ADX","16/4/2026 05:19:58"
"com.lindsay.joaquinpark","com.lindsay.joaquinpark",,,"249","0","ADX","16/4/2026 05:19:58"
"com.lindsay.joaquinpark","柚子点点94",,,"33","0","ADX","16/4/2026 05:19:58"
"com.lindsay.joaquinpark","锦鲤夺宝",,,"4698","0","ADX","16/4/2026 05:19:58"
"com.linecorp.foodcamcn.android","Foodie",,,"851","0","ADX","16/4/2026 05:19:58"
"com.linecorp.foodcamcn.android","com.linecorp.foodcamcn.android",,,"70","0","ADX","16/4/2026 05:19:58"
"com.link.bottle","com.link.bottle",,,"72870","0","ADX","16/4/2026 05:19:58"
"com.linqi.xxlqjk","林栖健康",,,"24110","0","ADX","16/4/2026 05:19:58"
"com.liquid.poros","进圈","游戏社区",,"8635","0","ADX","16/4/2026 05:19:58"
"com.liubowang.magnifier","放大镜软件",,,"22","0","ADX","16/4/2026 05:19:58"
"com.liubowang.magnifier","放大镜阅读器",,,"70","0","ADX","16/4/2026 05:19:58"
"com.liubowang.photoretouch","PS修图",,,"12","0","ADX","16/4/2026 05:19:58"
"com.liubowang.photoretouch","PS修图软件",,,"42","0","ADX","16/4/2026 05:19:58"
"com.liuhe.xzns","com.liuhe.xzns",,,"90828","0","ADX","16/4/2026 05:19:58"
"com.lixiangdong.lcdwatch.pro","幂宝桌面时钟",,,"34","0","ADX","16/4/2026 05:19:58"
"com.lixiangdong.lcdwatch.pro","桌面全屏时钟",,,"23","0","ADX","16/4/2026 05:19:58"
"com.lixiangdong.lcdwatch.pro","桌面时钟",,,"17","0","ADX","16/4/2026 05:19:58"
"com.lixiangdong.songcutter","音频音乐剪辑",,,"101","0","ADX","16/4/2026 05:19:58"
"com.lixiangdong.songcutter","音频音乐剪辑lab",,,"28","0","ADX","16/4/2026 05:19:58"
"com.lixiangdong.videocutter","视频剪辑工厂","拍摄剪辑",,"11","0","ADX","16/4/2026 05:19:58"
"com.liyf.fumanbox","com.liyf.fumanbox",,,"2121","0","ADX","16/4/2026 05:19:58"
"com.ljgjk.jhgj","com.ljgjk.jhgj",,,"638","0","ADX","16/4/2026 05:19:58"
"com.ljgjk.jhgj","小金牛短剧-25.6.6",,,"646","0","ADX","16/4/2026 05:19:58"
"com.ljh.lingjiehui","com.ljh.lingjiehui","小说漫画",,"8","0","ADX","16/4/2026 05:19:58"
"com.lofa.baq","com.lofa.baq",,,"1122","0","ADX","16/4/2026 05:19:58"
"com.lofa.baq","小金牛故事-26.3.2",,,"6921","0","ADX","16/4/2026 05:19:58"
"com.lsa17see.ali","17see",,,"1662","0","ADX","16/4/2026 05:19:58"
"com.lsa17see.ali","17see-iOS",,,"36","0","ADX","16/4/2026 05:19:58"
"com.lsdt.tezhibaik","com.lsdt.tezhibaik",,,"906","0","ADX","16/4/2026 05:19:58"
"com.lt.lighting","来电闪光","电话/短信",,"3934","0","ADX","16/4/2026 05:19:58"
"com.lty.zuogongjiao.app","坐公交",,,"2437","0","ADX","16/4/2026 05:19:58"
"com.lunarocean.appdesk","com.lunarocean.appdesk",,,"21","0","ADX","16/4/2026 05:19:58"
"com.luweispheqq.splw","com.luweispheqq.splw",,,"53","0","ADX","16/4/2026 05:19:58"
"com.lvka.mars","com.lvka.mars","聊天社交",,"45","0","ADX","16/4/2026 05:19:58"
"com.lvka.mars","火星","聊天社交",,"28808","0","ADX","16/4/2026 05:19:58"
"com.lwdevstudio.game.balatronic.lite","com.lwdevstudio.game.balatronic.lite",,,"5029","0","ADX","16/4/2026 05:19:58"
"com.lwdevstudio.game.balatronic.lite","小丑牌",,,"4498","0","ADX","16/4/2026 05:19:58"
"com.lz.photomanage","com.lz.PhotoManage",,,"1031","0","ADX","16/4/2026 05:19:58"
"com.macrovideo.v380","V380","实用工具",,"41426","0","ADX","16/4/2026 05:19:58"
"com.macrovideo.v380","com.macrovideo.v380","实用工具",,"158","0","ADX","16/4/2026 05:19:58"
"com.maiquanquann.com","CFishingCalculation","购物/电商",,"2","0","ADX","16/4/2026 05:19:58"
"com.maiquanquann.com","DayFragment","购物/电商",,"52","0","ADX","16/4/2026 05:19:58"
"com.maiquanquann.com","JiongYong Digital","购物/电商",,"2","0","ADX","16/4/2026 05:19:58"
"com.maiquanquann.com","Logic Hero","购物/电商",,"39","0","ADX","16/4/2026 05:19:58"
"com.maiquanquann.com","Parkeed","购物/电商",,"300","0","ADX","16/4/2026 05:19:58"
"com.maiquanquann.com","ZueverCar","购物/电商",,"35","0","ADX","16/4/2026 05:19:58"
"com.maiquanquann.com","com.maiquanquann.com","购物/电商",,"336","0","ADX","16/4/2026 05:19:58"
"com.maiquanquann.com","金小马","购物/电商",,"4482","0","ADX","16/4/2026 05:19:58"
"com.mampod.ergedd","com.mampod.ergedd","学习教育",,"411","0","ADX","16/4/2026 05:19:58"
"com.mampod.ergedd","儿歌点点","学习教育",,"102841","0","ADX","16/4/2026 05:19:58"
"com.manmanbuy.trend","历史价格查询",,,"34","0","ADX","16/4/2026 05:19:58"
"com.manniu.super-guard","com.manniu.super-guard",,,"112","0","ADX","16/4/2026 05:19:58"
"com.manniu.zhimanniu","com.manniu.zhimanniu",,,"230","0","ADX","16/4/2026 05:19:58"
"com.manniu.zhimanniu","智蛮牛",,,"26","0","ADX","16/4/2026 05:19:58"
"com.mapgoo.cartools","com.mapgoo.CarTools",,,"278","0","ADX","16/4/2026 05:19:58"
"com.mapgoo.cartools","com.mapgoo.cartools",,,"256","0","ADX","16/4/2026 05:19:58"
"com.mapgoo.cartools","记路者",,,"3160","0","ADX","16/4/2026 05:19:58"
"com.mapo.shortplay","麻婆",,,"2708","0","ADX","16/4/2026 05:19:58"
"com.mapsoft.bustrip_tianjin","com.mapsoft.bustrip_tianjin",,,"395","0","ADX","16/4/2026 05:19:58"
"com.martian.qmbook","全免小说",,,"3657","0","ADX","16/4/2026 05:19:58"
"com.masseffect.near","Lookus","定位追踪",,"432106","0","ADX","16/4/2026 05:19:58"
"com.masseffect.near","Lookus-iOSt","定位追踪",,"30","0","ADX","16/4/2026 05:19:58"
"com.masseffect.near","com.masseffect.near","定位追踪",,"50016","0","ADX","16/4/2026 05:19:58"
"com.masseffect.near","lookus","定位追踪",,"163817","0","ADX","16/4/2026 05:19:58"
"com.masseffect.near","lookus_ios","定位追踪",,"184168","0","ADX","16/4/2026 05:19:58"
"com.masseffect.near","【ios】Lookus","定位追踪",,"261","0","ADX","16/4/2026 05:19:58"
"com.masseffect.suki","Suki","聊天社交",,"134545","0","ADX","16/4/2026 05:19:58"
"com.masseffect.suki","Suki-iOS","聊天社交",,"50","0","ADX","16/4/2026 05:19:58"
"com.masseffect.suki","com.masseffect.suki","聊天社交",,"169634","0","ADX","16/4/2026 05:19:58"
"com.masseffect.suki","suki","聊天社交",,"248933","0","ADX","16/4/2026 05:19:58"
"com.match.wool.crzay","com.match.wool.crzay",,,"2","0","ADX","16/4/2026 05:19:58"
"com.mating.sygj.k2165d7987a184f75959278585c4eaa0f","com.mating.sygj.k2165d7987a184f75959278585c4eaa0f",,,"5","0","ADX","16/4/2026 05:19:58"
"com.mc.calendar.safety","com.mc.calendar.safety",,,"2","0","ADX","16/4/2026 05:19:58"
"com.mc.changshunyisheng","长顺一生",,,"40","0","ADX","16/4/2026 05:19:58"
"com.mental.healthlove","com.mental.healthlove",,,"790","0","ADX","16/4/2026 05:19:58"
"com.mercury.ipc","水星安防",,,"485","0","ADX","16/4/2026 05:19:58"
"com.meta.box","233乐园","游戏盒子/手游平台",,"855409","0","ADX","16/4/2026 05:19:58"
"com.meta.box","com.meta.box","游戏盒子/手游平台",,"1066","0","ADX","16/4/2026 05:19:58"
"com.mfcloudcalculate.123networkdisk","123云盘",,,"32367","0","ADX","16/4/2026 05:19:58"
"com.mfcloudcalculate.123networkdisk","com.mfcloudcalculate.123networkdisk",,,"3323","0","ADX","16/4/2026 05:19:58"
"com.mfyueduqi.book","爱看书极速版",,,"17738","0","ADX","16/4/2026 05:19:58"
"com.mg.mmd","米米答",,,"84","0","ADX","16/4/2026 05:19:58"
"com.mg.tool.p3","com.mg.tool.p3",,,"35","0","ADX","16/4/2026 05:19:58"
"com.miaoqu.cang","com.miaoqu.cang",,,"873","0","ADX","16/4/2026 05:19:58"
"com.miaoqu.cang","妙趣藏",,,"178","0","ADX","16/4/2026 05:19:58"
"com.micknow.edu","com.micknow.edu",,,"11","0","ADX","16/4/2026 05:19:58"
"com.micknow.edu","智能教育",,,"1908","0","ADX","16/4/2026 05:19:58"
"com.miku.tool.p1","com.miku.tool.p1",,,"16","0","ADX","16/4/2026 05:19:58"
"com.milkstudio.rabbitman.meta","com.milkstudio.rabbitman.meta",,,"4","0","ADX","16/4/2026 05:19:58"
"com.milkstudio.undersea.meta","com.milkstudio.undersea.meta",,,"9","0","ADX","16/4/2026 05:19:58"
"com.minitech.miniworld","MiniWorld",,,"413","0","ADX","16/4/2026 05:19:58"
"com.minitech.miniworld","com.minitech.miniworld",,,"493","0","ADX","16/4/2026 05:19:58"
"com.minitech.miniworld","迷你世界",,,"144495","0","ADX","16/4/2026 05:19:58"
"com.minorityculture.minorityculture","com.MinorityCulture.MinorityCulture",,,"460","0","ADX","16/4/2026 05:19:58"
"com.minorityculture.minorityculture","sub-少数派的亚文化圈",,,"113","0","ADX","16/4/2026 05:19:58"
"com.mioxiu.main","喵秀直播",,,"6135","0","ADX","16/4/2026 05:19:58"
"com.missgem.zhcyxhnhl.ke.smoll","com.missgem.zhcyxhnhl.ke.smoll",,,"24","0","ADX","16/4/2026 05:19:58"
"com.mlywe.bsqtj","com.mlywe.bsqtj",,,"23","0","ADX","16/4/2026 05:19:58"
"com.mlywe.bsqtj","萌萌乐园",,,"1136","0","ADX","16/4/2026 05:19:58"
"com.mlywe.bsqtj.last","com.mlywe.bsqtj.last",,,"13","0","ADX","16/4/2026 05:19:58"
"com.mlywe.bsqtj.last","萌萌乐园",,,"937","0","ADX","16/4/2026 05:19:58"
"com.mlywe.bsqtj.maya","com.mlywe.bsqtj.maya",,,"40","0","ADX","16/4/2026 05:19:58"
"com.mlywe.bsqtj.maya","萌萌乐园",,,"3567","0","ADX","16/4/2026 05:19:58"
"com.mlywe.bsqtj.miki","com.mlywe.bsqtj.miki",,,"10","0","ADX","16/4/2026 05:19:58"
"com.mlywe.bsqtj.miki","萌萌乐园",,,"621","0","ADX","16/4/2026 05:19:58"
"com.mm.android.lc","Imou","实用工具",,"1597","0","ADX","16/4/2026 05:19:58"
"com.mm.android.lc","com.mm.android.lc","实用工具",,"436","0","ADX","16/4/2026 05:19:58"
"com.mm.android.lc","乐橙","实用工具",,"1495101","0","ADX","16/4/2026 05:19:58"
"com.mm.android.lc","乐橙-安卓","实用工具",,"3590315","0","ADX","16/4/2026 05:19:58"
"com.mmc.fengshui.pass","com.mmc.fengshui.pass",,,"6","0","ADX","16/4/2026 05:19:58"
"com.mmc.fengshui.pass","通易罗盘指南针",,,"2343","0","ADX","16/4/2026 05:19:58"
"com.mmm.weather.calendar","com.mmm.weather.calendar",,,"936","0","ADX","16/4/2026 05:19:58"
"com.mmm.weather.calendar","开薪天气",,,"102","0","ADX","16/4/2026 05:19:58"
"com.mmwh.manjinian","漫纪念",,,"26209","0","ADX","16/4/2026 05:19:58"
"com.mnfouryunyan.camera","4G云眼",,,"1454","0","ADX","16/4/2026 05:19:58"
"com.mnwl.babyfinger","宝宝金手指",,,"4610","0","ADX","16/4/2026 05:19:58"
"com.mnwl.mylove","com.mnwl.mylove",,,"1809","0","ADX","16/4/2026 05:19:58"
"com.mnwl.mylove","今一爱",,,"104581","0","ADX","16/4/2026 05:19:58"
"com.mobile.draw.lovelove","",,,"32","0","ADX","16/4/2026 05:19:58"
"com.mobile.draw.lovelove","com.mobile.draw.lovelove",,,"464","0","ADX","16/4/2026 05:19:58"
"com.mobivans.decorationaccount","com.mobivans.DecorationAccount",,,"4453","0","ADX","16/4/2026 05:19:58"
"com.mobivans.decorationaccount","装修记账",,,"284","0","ADX","16/4/2026 05:19:58"
"com.mobvoi.yuanchuangdao","元创岛","AI视频处理|其他",,"39","0","ADX","16/4/2026 05:19:58"
"com.modn.gamezhzs.xzlx.xlxz","小猪乐选","阅读/漫画小说",,"33","0","ADX","16/4/2026 05:19:58"
"com.molink.john.itimo","com.molink.john.itimo",,,"93","0","ADX","16/4/2026 05:19:58"
"com.molink.john.itimo","iTiMO",,,"6812","0","ADX","16/4/2026 05:19:58"
"com.money.zjqmm","钱喵喵",,,"13125","0","ADX","16/4/2026 05:19:58"
"com.mostone.life","MO Messager",,,"4","0","ADX","16/4/2026 05:19:58"
"com.mostone.life","com.mostone.life",,,"126","0","ADX","16/4/2026 05:19:58"
"com.mostone.life","默往",,,"14744","0","ADX","16/4/2026 05:19:58"
"com.motong.manhua","com.motong.manhua",,,"104","0","ADX","16/4/2026 05:19:58"
"com.motong.manhua","追读小说",,,"1267","0","ADX","16/4/2026 05:19:58"
"com.moyumhbox.shanghai","魔域魔盒",,,"940","0","ADX","16/4/2026 05:19:58"
"com.mshare.sxsiosapp","com.mshare.sxsiosapp",,,"2412","0","ADX","16/4/2026 05:19:58"
"com.mshare.sxsiosapp","实习僧",,,"7954","0","ADX","16/4/2026 05:19:58"
"com.mtllk","萌探连连看",,,"1353","0","ADX","16/4/2026 05:19:58"
"com.multiple.shope","com.multiple.shope",,,"872","0","ADX","16/4/2026 05:19:58"
"com.mwdongjian.manwei","com.mwdongjian.Manwei",,,"14666","0","ADX","16/4/2026 05:19:58"
"com.mwdongjian.manwei","sdk iOS",,,"3","0","ADX","16/4/2026 05:19:58"
"com.mxm.apps","com.mxm.apps",,,"21674","0","ADX","16/4/2026 05:19:58"
"com.mylikefonts.activity","com.mylikefonts.activity",,,"62","0","ADX","16/4/2026 05:19:58"
"com.mylikefonts.activity","字体美化大师",,,"1419","0","ADX","16/4/2026 05:19:58"
"com.myuanyinli","源引力",,,"35","0","ADX","16/4/2026 05:19:58"
"com.mzk.android","com.mzk.android",,,"9","0","ADX","16/4/2026 05:19:58"
"com.mzy.cola","com.mzy.cola",,,"41","0","ADX","16/4/2026 05:19:58"
"com.naoli.huang","脑力皇",,,"4878","0","ADX","16/4/2026 05:19:58"
"com.nbqtx.cfafs.maya","com.nbqtx.cfafs.maya",,,"14","0","ADX","16/4/2026 05:19:58"
"com.nbqtx.cfafs.maya","全民大乐",,,"689","0","ADX","16/4/2026 05:19:58"
"com.netdemo.myimagefilter","com.NetDemo.MyImageFilter",,,"12654","0","ADX","16/4/2026 05:19:58"
"com.netdemo.recipecard","com.netDemo.RecipeCard",,,"14285","0","ADX","16/4/2026 05:19:58"
"com.netease.a13.avg","com.netease.a13.avg","图书阅读",,"176","0","ADX","16/4/2026 05:19:58"
"com.netease.a13.avg","易次元","图书阅读",,"410467","0","ADX","16/4/2026 05:19:58"
"com.netease.cloudmusic","com.netease.cloudmusic","影音视听",,"2002","0","ADX","16/4/2026 05:19:58"
"com.netease.cloudmusic","网易云音乐","影音视听",,"9199","0","ADX","16/4/2026 05:19:58"
"com.netease.lofterdemo","LOFTER",,,"88","0","ADX","16/4/2026 05:19:58"
"com.netease.lofterdemo","LOFTER_DEBUG",,,"37","0","ADX","16/4/2026 05:19:58"
"com.netease.moyi","心遇",,,"22","0","ADX","16/4/2026 05:19:58"
"com.netease.study901iphone","com.netease.study901iphone",,,"2780","0","ADX","16/4/2026 05:19:58"
"com.news.nexafeed","立刻资讯",,,"41","0","ADX","16/4/2026 05:19:58"
"com.newttl.tuqiang.ecar","com.newttl.tuqiang.ecar",,,"39865","0","ADX","16/4/2026 05:19:58"
"com.newttl.tuqiang.ecar","途强在线",,,"30511","0","ADX","16/4/2026 05:19:58"
"com.nineton.babyshow","com.nineton.babyshow",,,"2","0","ADX","16/4/2026 05:19:58"
"com.ningboparking.intellipark","com.ningboparking.intellipark",,,"99","0","ADX","16/4/2026 05:19:58"
"com.ningboparking.intellipark","甬城泊车",,,"827","0","ADX","16/4/2026 05:19:58"
"com.niurencp.cepingnr","牛人测评",,,"1755","0","ADX","16/4/2026 05:19:58"
"com.njh.biubiu.cn","",,,"4775","0","ADX","16/4/2026 05:19:58"
"com.njh.biubiu.cn","biubiu加速器",,,"630191","0","ADX","16/4/2026 05:19:58"
"com.njh.biubiu.cn","biubiu加速器-国内",,,"3119","0","ADX","16/4/2026 05:19:58"
"com.njh.biubiu.cn","com.njh.biubiu.cn",,,"167852","0","ADX","16/4/2026 05:19:58"
"com.njj.mactivepro","MActivePro",,,"79","0","ADX","16/4/2026 05:19:58"
"com.njj.mactivepro","com.njj.mactivepro",,,"1102","0","ADX","16/4/2026 05:19:58"
"com.nn.accelerator.box","com.nn.accelerator.box","实用工具",,"154","0","ADX","16/4/2026 05:19:58"
"com.nn.accelerator.box","雷神加速器","实用工具",,"42410","0","ADX","16/4/2026 05:19:58"
"com.nnrenqin.qushuashua","趣唰唰",,,"32","0","ADX","16/4/2026 05:19:58"
"com.nnsl.androidacts.petforall","万能宠物翻译器","生活/宠物",,"265","0","ADX","16/4/2026 05:19:58"
"com.noahph.pad_mng","com.noahph.pad_mng","学习教育",,"498","0","ADX","16/4/2026 05:19:58"
"com.noahph.pad_mng","优学派家长管理","学习教育",,"14567","0","ADX","16/4/2026 05:19:58"
"com.nordcurrent.airplanecn","com.nordcurrent.airplanecn","休闲游戏",,"1123","0","ADX","16/4/2026 05:19:58"
"com.nordcurrent.airplanecn","飞机大厨","休闲游戏",,"27515","0","ADX","16/4/2026 05:19:58"
"com.ntmh.travel.qtglly","com.ntmh.travel.qtglly",,,"3","0","ADX","16/4/2026 05:19:58"
"com.oct.octopus","章鱼隐藏",,,"37","0","ADX","16/4/2026 05:19:58"
"com.oifa.wvg","com.oifa.wvg",,,"726","0","ADX","16/4/2026 05:19:58"
"com.oifa.wvg","小金牛故事-26.3.13",,,"5906","0","ADX","16/4/2026 05:19:58"
"com.okcam.ookcam","O-CAM","摄影摄像",,"377","0","ADX","16/4/2026 05:19:58"
"com.okcam.ookcam","O-KAM","摄影摄像",,"4070","0","ADX","16/4/2026 05:19:58"
"com.okcam.ookcam","O-KAM Pro","摄影摄像",,"26139","0","ADX","16/4/2026 05:19:58"
"com.okcam.ookcam","com.okcam.ookcam","摄影摄像",,"151455","0","ADX","16/4/2026 05:19:58"
"com.okcam.ookcam","小鹰看看","摄影摄像",,"7867394","0","ADX","16/4/2026 05:19:58"
"com.okcam.ookcam","小鹰看看-ios","摄影摄像",,"490280","0","ADX","16/4/2026 05:19:58"
"com.okcam.ookcam","小鹰看看-安卓","摄影摄像",,"480334","0","ADX","16/4/2026 05:19:58"
"com.okooo.html5","com.okooo.html5","未知",,"6936","0","ADX","16/4/2026 05:19:58"
"com.okooo.html5","澳客","未知",,"265482","0","ADX","16/4/2026 05:19:58"
"com.oray.sunlogin","com.oray.sunlogin","远程办公/工具",,"700","0","ADX","16/4/2026 05:19:58"
"com.pandabus.android.changzhi","com.pandabus.android.changzhi",,,"11","0","ADX","16/4/2026 05:19:58"
"com.pandabus.android.changzhi","长治公交通",,,"557","0","ADX","16/4/2026 05:19:58"
"com.pandabus.android.liaocheng","水城通E游",,,"360","0","ADX","16/4/2026 05:19:58"
"com.pandabus.android.xingtai","com.pandabus.android.xingtai",,,"17","0","ADX","16/4/2026 05:19:58"
"com.pandabus.android.xingtai","邢台公交",,,"878","0","ADX","16/4/2026 05:19:58"
"com.pandabus.jiangjin","com.pandabus.jiangjin",,,"2","0","ADX","16/4/2026 05:19:58"
"com.pandabus.qdintelligentbus","com.pandabus.qdIntelligentBus",,,"49","0","ADX","16/4/2026 05:19:58"
"com.pandabus.yinchuan","com.pandabus.yinchuan",,,"32","0","ADX","16/4/2026 05:19:58"
"com.pandabus.yinchuan","银川行",,,"1762","0","ADX","16/4/2026 05:19:58"
"com.pansoft.dingdongfm3","叮咚FM电台",,,"24","0","ADX","16/4/2026 05:19:58"
"com.password.maker.photo.edit","证件照制作全能王",,,"231061","0","ADX","16/4/2026 05:19:58"
"com.pcncn.jj","作业精灵",,,"13835","0","ADX","16/4/2026 05:19:58"
"com.pdragon.junqi","军棋",,,"72","0","ADX","16/4/2026 05:19:58"
"com.pear.ilovetimer","com.pear.ilovetimer",,,"1286","0","ADX","16/4/2026 05:19:58"
"com.pedometer.everybody","com.pedometer.everybody",,,"4278","0","ADX","16/4/2026 05:19:58"
"com.pen.recorder","手机录音搜哈",,,"14674","0","ADX","16/4/2026 05:19:58"
"com.pfmtnc.qpc","com.pfmtnc.qpc",,,"13","0","ADX","16/4/2026 05:19:58"
"com.phantom.trace","com.phantom.trace",,,"18","0","ADX","16/4/2026 05:19:58"
"com.phantom.trace","麦客-com.phantom.trace",,,"11","0","ADX","16/4/2026 05:19:58"
"com.pharos.circle","XH",,,"2966","0","ADX","16/4/2026 05:19:58"
"com.pharos.circle","com.pharos.circle",,,"13","0","ADX","16/4/2026 05:19:58"
"com.phoenixtree.decidecat","com.phoenixtree.DecideCat",,,"794","0","ADX","16/4/2026 05:19:58"
"com.phosph.orus","com.phosph.orus",,,"658","0","ADX","16/4/2026 05:19:58"
"com.phosph.orus","易淘生活-250819",,,"113","0","ADX","16/4/2026 05:19:58"
"com.photo.xjxx","com.photo.xjxx",,,"176","0","ADX","16/4/2026 05:19:58"
"com.player.control","河马短剧-android",,,"48818","0","ADX","16/4/2026 05:19:58"
"com.pnd2010.zhihuianfang","com.pnd2010.zhihuianfang",,,"194","0","ADX","16/4/2026 05:19:58"
"com.pnd2010.zhihuianfang","智慧安防",,,"3067","0","ADX","16/4/2026 05:19:58"
"com.ppbp","花小猪",,,"2512","0","ADX","16/4/2026 05:19:58"
"com.ppmm.hebao","com.ppmm.hebao",,,"2576","0","ADX","16/4/2026 05:19:58"
"com.ppmm.hebao","咔比荷包",,,"7","0","ADX","16/4/2026 05:19:58"
"com.pqcqj.nluyd","星空之约",,,"56","0","ADX","16/4/2026 05:19:58"
"com.preview.image","com.preview.image","工具",,"28","0","ADX","16/4/2026 05:19:58"
"com.puwell.ipc360home","IPC360 Home","监控",,"1416","0","ADX","16/4/2026 05:19:58"
"com.puwell.ipc360home","IPC360Home","监控",,"322","0","ADX","16/4/2026 05:19:58"
"com.puwell.ipc360home","IPC360Homeios","监控",,"743","0","ADX","16/4/2026 05:19:58"
"com.puwell.ipc360home","com.puwell.ipc360home","监控",,"5174","0","ADX","16/4/2026 05:19:58"
"com.qdtevc.teld.app","com.qdtevc.teld.app",,,"119","0","ADX","16/4/2026 05:19:58"
"com.qdtevc.teld.app","特来电",,,"1083","0","ADX","16/4/2026 05:19:58"
"com.qeeniao.qeeniao","com.qeeniao.QeeNiao",,,"559","0","ADX","16/4/2026 05:19:58"
"com.qeeniao.qeeniao","口袋记账",,,"5355","0","ADX","16/4/2026 05:19:58"
"com.qh.measure","扫描测量全能王",,,"104","0","ADX","16/4/2026 05:19:58"
"com.qianniao.bhqy","千鸟壁绘",,,"145","0","ADX","16/4/2026 05:19:58"
"com.qianshun.dpgdn","com.qianshun.dpgdn",,,"25","0","ADX","16/4/2026 05:19:58"
"com.qianshun.dpgdn","点炮过大年",,,"6131","0","ADX","16/4/2026 05:19:58"
"com.qianshun.qwllk","com.qianshun.qwllk",,,"22","0","ADX","16/4/2026 05:19:58"
"com.qianshun.qwllk","趣味连连看",,,"11811","0","ADX","16/4/2026 05:19:58"
"com.qianshun.sdgjz","com.qianshun.sdgjz",,,"87","0","ADX","16/4/2026 05:19:58"
"com.qianshun.sdgjz","水滴攻击战",,,"17371","0","ADX","16/4/2026 05:19:58"
"com.qianwan.premium.xr","52-优米短剧premium",,,"400","0","ADX","16/4/2026 05:19:58"
"com.qianwan.premium.xr","com.qianwan.premium.xr",,,"153","0","ADX","16/4/2026 05:19:58"
"com.qianwan.supreme.xr","com.qianwan.supreme.xr","VR/AR体验",,"134","0","ADX","16/4/2026 05:19:58"
"com.qianwan.xr","com.qianwan.xr","VR/AR体验",,"549","0","ADX","16/4/2026 05:19:58"
"com.qianwan.xr","仟玩-251208","VR/AR体验",,"93","0","ADX","16/4/2026 05:19:58"
"com.qiaoju.fang","巧居房",,,"5333","0","ADX","16/4/2026 05:19:58"
"com.qicaikeji.www","com.qicaikeji.www",,,"28","0","ADX","16/4/2026 05:19:58"
"com.qicaikeji.www","上花",,,"16928","0","ADX","16/4/2026 05:19:58"
"com.qihoo.cleandroid_lite","com.qihoo.cleandroid_lite","实用工具",,"8","0","ADX","16/4/2026 05:19:58"
"com.qihoo.magic","com.qihoo.magic",,,"1246","0","ADX","16/4/2026 05:19:58"
"com.qihoo.safetyhome","360智慧生活",,,"946873","0","ADX","16/4/2026 05:19:58"
"com.qihoo.safetyhome","360智慧生活-iOS",,,"2145","0","ADX","16/4/2026 05:19:58"
"com.qihoo.safetyhome","360智慧生活_iOS",,,"12973","0","ADX","16/4/2026 05:19:58"
"com.qihoo.safetyhome","com.qihoo.safetyhome",,,"28621","0","ADX","16/4/2026 05:19:58"
"com.qihoo.safetyhome","智慧生活-ios",,,"356","0","ADX","16/4/2026 05:19:58"
"com.qingheji.home","青禾纪-OPPO",,,"2938","0","ADX","16/4/2026 05:19:58"
"com.qingqi.dianbo","com.qingqi.dianbo","聊天社交",,"14","0","ADX","16/4/2026 05:19:58"
"com.qingqi.dianbo","微光","聊天社交",,"4509","0","ADX","16/4/2026 05:19:58"
"com.qingxi.zxsh","com.qingxi.zxsh",,,"5","0","ADX","16/4/2026 05:19:58"
"com.qingxi.zxsh","质享生活",,,"155","0","ADX","16/4/2026 05:19:58"
"com.qingy.miaoy","晴雨喵言",,,"7207","0","ADX","16/4/2026 05:19:58"
"com.qingyang.zjqyb","轻氧步",,,"6543","0","ADX","16/4/2026 05:19:58"
"com.qingyu.weilan","com.qingyu.weilan",,,"2671","0","ADX","16/4/2026 05:19:58"
"com.qingyu.weilan","清雨微澜",,,"59541","0","ADX","16/4/2026 05:19:58"
"com.qinlinkeji.www.qinlinopendoor","com.qinlinkeji.www.QinLinOpenDoor","智能硬件/门禁",,"63341","0","ADX","16/4/2026 05:19:58"
"com.qinlinkeji.www.qinlinopendoor","亲邻开门","智能硬件/门禁",,"857521","0","ADX","16/4/2026 05:19:58"
"com.qiu.okw.opg","com.qiu.okw.opg",,,"94114","0","ADX","16/4/2026 05:19:58"
"com.qiu.okw.opg","万象工坊",,,"6046","0","ADX","16/4/2026 05:19:58"
"com.qiu.okw.opg","营数记",,,"44262","0","ADX","16/4/2026 05:19:58"
"com.qiu.okw.opg","车途易管",,,"530","0","ADX","16/4/2026 05:19:58"
"com.qiu.okw.opg","陶工宝",,,"383","0","ADX","16/4/2026 05:19:58"
"com.qiuqianlvju.com","com.qiuqianlvju.com",,,"3","0","ADX","16/4/2026 05:19:58"
"com.qp333.car","汽修宝",,,"3397","0","ADX","16/4/2026 05:19:58"
"com.qp333.carep","com.qp333.carep",,,"4462","0","ADX","16/4/2026 05:19:58"
"com.qqcy.qckj","com.qqcy.qckj","学习教育",,"4","0","ADX","16/4/2026 05:19:58"
"com.qsddz.ydhbp","com.qsddz.ydhbp",,,"75","0","ADX","16/4/2026 05:19:58"
"com.qsddz.ydhbp","汽水点点赚",,,"239","0","ADX","16/4/2026 05:19:58"
"com.qsmy.walkmonkey","com.qsmy.walkmonkey",,,"20","0","ADX","16/4/2026 05:19:58"
"com.qsmy.walkmonkey","步多多",,,"1488","0","ADX","16/4/2026 05:19:58"
"com.quanling.zjqlt","券灵通",,,"9941","0","ADX","16/4/2026 05:19:58"
"com.quanneiapp.zshidai","com.quanneiapp.zshidai",,,"2604","0","ADX","16/4/2026 05:19:58"
"com.quanneiapp.zshidai","字母App",,,"6653","0","ADX","16/4/2026 05:19:58"
"com.qulian.apps.android.gi","com.qulian.apps.android.gi",,,"67","0","ADX","16/4/2026 05:19:58"
"com.qunbai.shortplay","裙摆","短视频",,"875","0","ADX","16/4/2026 05:19:58"
"com.qwty.xedtt","尐聱哚图图",,,"20066","0","ADX","16/4/2026 05:19:58"
"com.qycg.qychenguang.enjoy","com.qycg.qychenguang.enjoy",,,"7","0","ADX","16/4/2026 05:19:58"
"com.qz.freader","茄子免费小说",,,"11822","0","ADX","16/4/2026 05:19:58"
"com.rbzvp.vkomq.last","com.rbzvp.vkomq.last",,,"9","0","ADX","16/4/2026 05:19:58"
"com.rbzvp.vkomq.last","果冻跳跃",,,"451","0","ADX","16/4/2026 05:19:58"
"com.rbzvp.vkomq.maya","com.rbzvp.vkomq.maya",,,"26","0","ADX","16/4/2026 05:19:58"
"com.rbzvp.vkomq.maya","果冻跳跃",,,"904","0","ADX","16/4/2026 05:19:58"
"com.readingcircleapp.yueshuo","com.readingcircleapp.yueshuo",,,"28","0","ADX","16/4/2026 05:19:58"
"com.readingcircleapp.yueshuo","阅说圈",,,"5841","0","ADX","16/4/2026 05:19:58"
"com.redfinger.app","com.redfinger.app",,,"425","0","ADX","16/4/2026 05:19:58"
"com.redfinger.app","红手指",,,"134426","0","ADX","16/4/2026 05:19:58"
"com.redfinger.app","红手指云手机",,,"366257","0","ADX","16/4/2026 05:19:58"
"com.rhachi.tomou","com.rhachi.tomou",,,"5437","0","ADX","16/4/2026 05:19:58"
"com.rhachi.tomou","hh-优米短剧-260325",,,"197","0","ADX","16/4/2026 05:19:58"
"com.richengmiao.home","日程喵-小米",,,"713","0","ADX","16/4/2026 05:19:58"
"com.rise.iostjxhz","Sudoku Joy",,,"6739","0","ADX","16/4/2026 05:19:58"
"com.rise.iostjxhz","com.rise.iostjxhz",,,"1077","0","ADX","16/4/2026 05:19:58"
"com.rise.iostjxhz","数独九宫格",,,"3917","0","ADX","16/4/2026 05:19:58"
"com.riskbird2.mobile","com.riskbird2.mobile",,,"838","0","ADX","16/4/2026 05:19:58"
"com.riskbird2.mobile","风鸟-iOS",,,"42","0","ADX","16/4/2026 05:19:58"
"com.robin.photoswift","com.robin.photoswift",,,"2233","0","ADX","16/4/2026 05:19:58"
"com.robin.photoswift","快改图 - 专业图片编辑工具",,,"7920","0","ADX","16/4/2026 05:19:58"
"com.rsfaji.llasfjhz","com.rsfaji.llasfjhz",,,"158","0","ADX","16/4/2026 05:19:58"
"com.rsfaji.llasfjhz","菜包剧场",,,"3745","0","ADX","16/4/2026 05:19:58"
"com.rskj.cmxz","聪明小孓",,,"5098","0","ADX","16/4/2026 05:19:58"
"com.rskj.doublesix","com.rskj.doublesix",,,"907","0","ADX","16/4/2026 05:19:58"
"com.rskj.doublesix","六六郎1",,,"5145","0","ADX","16/4/2026 05:19:58"
"com.rskj.hhjk","垣垣健康",,,"1774","0","ADX","16/4/2026 05:19:58"
"com.rskj.klbz","芲囦壁纸",,,"111669","0","ADX","16/4/2026 05:19:58"
"com.rtk.app","com.rtk.app","游戏盒子/游戏辅助",,"62","0","ADX","16/4/2026 05:19:58"
"com.rtk.app","软天空","游戏盒子/游戏辅助",,"6070","0","ADX","16/4/2026 05:19:58"
"com.ruidonghy.will","com.ruidonghy.will",,,"73","0","ADX","16/4/2026 05:19:58"
"com.ruidonghy.will","趣动willgo",,,"4158","0","ADX","16/4/2026 05:19:58"
"com.safeluck.aaej.life","com.safeluck.aaej.life",,,"1315","0","ADX","16/4/2026 05:19:58"
"com.safeluck.aaej.life","安安车生活-iOS",,,"9040","0","ADX","16/4/2026 05:19:58"
"com.sainti.eduread","出口成章",,,"2250","0","ADX","16/4/2026 05:19:58"
"com.saltchucker","Catches",,,"7","0","ADX","16/4/2026 05:19:58"
"com.saltchucker","com.saltchucker",,,"482","0","ADX","16/4/2026 05:19:58"
"com.saltchucker","渔获",,,"49899","0","ADX","16/4/2026 05:19:58"
"com.saltchucker","漁獲",,,"147","0","ADX","16/4/2026 05:19:58"
"com.sati.story.tidyup","com.sati.story.tidyup",,,"309","0","ADX","16/4/2026 05:19:58"
"com.sdb.shoudanbao","com.sdb.shoudanbao",,,"14","0","ADX","16/4/2026 05:19:58"
"com.sdhs.easy.high.road","com.sdhs.easy.high.road",,,"13","0","ADX","16/4/2026 05:19:58"
"com.sdhs.easy.high.road","e高速",,,"3787","0","ADX","16/4/2026 05:19:58"
"com.sdhy.smartbus","com.sdhy.SmartBus",,,"17488","0","ADX","16/4/2026 05:19:58"
"com.sdhy.smartbus","公交e出行",,,"40921","0","ADX","16/4/2026 05:19:58"
"com.sdhy.tongkasmartbuschenzhous","com.sdhy.TongKaSmartbusChenZhous",,,"12121","0","ADX","16/4/2026 05:19:58"
"com.sdjictec.qdmetro","com.sdjictec.qdmetro","公交地铁",,"2364","0","ADX","16/4/2026 05:19:58"
"com.sdjictec.qdmetro","青岛地铁","公交地铁",,"6117","0","ADX","16/4/2026 05:19:58"
"com.seculink.app","com.seculink.app","摄影摄像",,"6203","0","ADX","16/4/2026 05:19:58"
"com.seculink.app","小眯眼","摄影摄像",,"304545","0","ADX","16/4/2026 05:19:58"
"com.seebaby","com.seebaby",,,"152323","0","ADX","16/4/2026 05:19:58"
"com.seerlah.kapuou","卡普喔",,,"108","0","ADX","16/4/2026 05:19:58"
"com.seetone.yjk","com.seetone.yjk",,,"391","0","ADX","16/4/2026 05:19:58"
"com.seetone.yjk","视通云监控",,,"1460","0","ADX","16/4/2026 05:19:58"
"com.seller.zmxy520.com","瞬镜",,,"43","0","ADX","16/4/2026 05:19:58"
"com.sencent.mm","com.sencent.mm",,,"32","0","ADX","16/4/2026 05:19:58"
"com.sencent.mm","名人朋友圈",,,"16569","0","ADX","16/4/2026 05:19:58"
"com.senting.picture","森町壁纸",,,"5155","0","ADX","16/4/2026 05:19:58"
"com.sevenvideo.app.android","七七影视大全","综合视频",,"737","0","ADX","16/4/2026 05:19:58"
"com.sevenye.picture","柒野壁纸",,,"62973","0","ADX","16/4/2026 05:19:58"
"com.sfic.knight","com.sfic.knight",,,"7819","0","ADX","16/4/2026 05:19:58"
"com.sfic.knight","顺丰同城骑士",,,"28399","0","ADX","16/4/2026 05:19:58"
"com.sgswh.dashen","com.sgswh.dashen","图书阅读",,"13","0","ADX","16/4/2026 05:19:58"
"com.sgswh.dashen","大神小说","图书阅读",,"186","0","ADX","16/4/2026 05:19:58"
"com.sgswh.dashen","大神小说-安卓","图书阅读",,"74","0","ADX","16/4/2026 05:19:58"
"com.sh.believe","com.sh.believe",,,"26","0","ADX","16/4/2026 05:19:58"
"com.shanwan.virtual","com.shanwan.virtual",,,"125","0","ADX","16/4/2026 05:19:58"
"com.shanzhi.rotation","闪指屏幕旋转","屏幕工具",,"16","0","ADX","16/4/2026 05:19:58"
"com.shaomiao.by","白云扫描",,,"31943","0","ADX","16/4/2026 05:19:58"
"com.shaomiao.dj","顶级扫描",,,"10978","0","ADX","16/4/2026 05:19:58"
"com.shengdayiyunzhan.fyb","com.shengdayiyunzhan.fyb",,,"25","0","ADX","16/4/2026 05:19:58"
"com.shenmi.jiuguan","com.shenmi.jiuguan",,,"35","0","ADX","16/4/2026 05:19:58"
"com.shensz.ssz-student","com.shensz.ssz-student",,,"377","0","ADX","16/4/2026 05:19:58"
"com.shensz.ssz-student","一起中学",,,"2230","0","ADX","16/4/2026 05:19:58"
"com.shensz.ssz-student","一起中学学生",,,"731","0","ADX","16/4/2026 05:19:58"
"com.shensz.student","com.shensz.student",,,"1852497","0","ADX","16/4/2026 05:19:58"
"com.shensz.student","一起中学学生",,,"10575","0","ADX","16/4/2026 05:19:58"
"com.shenyangbixikj.bixin","com.shenyangbixikj.bixin",,,"28","0","ADX","16/4/2026 05:19:58"
"com.shiguang.reader","com.shiguang.reader",,,"35","0","ADX","16/4/2026 05:19:58"
"com.shiguang.reader","拾光小说",,,"1529","0","ADX","16/4/2026 05:19:58"
"com.shineyue.sjgjj","com.shineyue.sjgjj",,,"8","0","ADX","16/4/2026 05:19:58"
"com.shineyue.sjgjj","手机公积金",,,"7358","0","ADX","16/4/2026 05:19:58"
"com.shing.ioszhxq","com.shing.ioszhxq",,,"666","0","ADX","16/4/2026 05:19:58"
"com.shing.ioszhxq","中国象棋残局大师",,,"457","0","ADX","16/4/2026 05:19:58"
"com.shiriji.home","拾日纪-OPPO",,,"23894","0","ADX","16/4/2026 05:19:58"
"com.shiriji.home","拾日纪-VIVO",,,"190","0","ADX","16/4/2026 05:19:58"
"com.shoujiduoduo.dj","com.shoujiduoduo.dj",,,"756","0","ADX","16/4/2026 05:19:58"
"com.shuhuang.book","天天看书",,,"53519","0","ADX","16/4/2026 05:19:58"
"com.shulu.ntgf","com.shulu.ntgf","图书阅读/小说阅读",,"10","0","ADX","16/4/2026 05:19:58"
"com.shulu.ntgf","脑图创意工坊","图书阅读/小说阅读",,"1930","0","ADX","16/4/2026 05:19:58"
"com.shulu.ntgf.le64006eb874a44648b43de3632023513","com.shulu.ntgf.le64006eb874a44648b43de3632023513",,,"9","0","ADX","16/4/2026 05:19:58"
"com.shumireader.reader","com.shumiReader.reader",,,"10160","0","ADX","16/4/2026 05:19:58"
"com.shunwan.yuanmeng.sign","com.shunwan.yuanmeng.sign",,,"58","0","ADX","16/4/2026 05:19:58"
"com.shunwan.yuanmeng.sign","圆梦签到",,,"26400","0","ADX","16/4/2026 05:19:58"
"com.shuojie.books","中医古籍",,,"12","0","ADX","16/4/2026 05:19:58"
"com.shuqi.controller","com.shuqi.controller","图书阅读",,"36","0","ADX","16/4/2026 05:19:58"
"com.shuqicenter.reader","com.shuqicenter.reader","阅读",,"51944","0","ADX","16/4/2026 05:19:58"
"com.shuqicenter.reader","书旗IOS","阅读",,"241","0","ADX","16/4/2026 05:19:58"
"com.shuqicenter.reader","书旗小说ios","阅读",,"52996","0","ADX","16/4/2026 05:19:58"
"com.sightcloud.visioncloud","com.sightcloud.visioncloud","实用工具",,"158","0","ADX","16/4/2026 05:19:58"
"com.sightcloud.visioncloud","视云","实用工具",,"18618","0","ADX","16/4/2026 05:19:58"
"com.sina.sinamailcretaceous","新浪邮箱",,,"88","0","ADX","16/4/2026 05:19:58"
"com.sishijian.home","四时笺-OPPO",,,"22108","0","ADX","16/4/2026 05:19:58"
"com.skuiauoa","com.skuiauoa",,,"22","0","ADX","16/4/2026 05:19:58"
"com.skuiauoa","悠闲时光-安卓",,,"276","0","ADX","16/4/2026 05:19:58"
"com.skws.studentapp","com.skws.studentapp",,,"63","0","ADX","16/4/2026 05:19:58"
"com.skws.studentapp","肆科卫士",,,"1671","0","ADX","16/4/2026 05:19:58"
"com.skyworthdigital.picamera","com.skyworthdigital.picamera","实用工具",,"19915","0","ADX","16/4/2026 05:19:58"
"com.skyworthdigital.picamera","创维智慧云","实用工具",,"627564","0","ADX","16/4/2026 05:19:58"
"com.skyworthdigital.picamera","创维智慧云-iOS","实用工具",,"68","0","ADX","16/4/2026 05:19:58"
"com.slippery.fellow","油条视频",,,"47","0","ADX","16/4/2026 05:19:58"
"com.sloth.space","树懒",,,"97","0","ADX","16/4/2026 05:19:58"
"com.slwc.caitv","多多影视大全",,,"15767","0","ADX","16/4/2026 05:19:58"
"com.smartmanage.assistant","com.smartmanage.assistant",,,"14","0","ADX","16/4/2026 05:19:58"
"com.smileflame.babaguo","",,,"202","0","ADX","16/4/2026 05:19:58"
"com.smileflame.babaguo.android","驾考把把过","驾考培训",,"170","0","ADX","16/4/2026 05:19:58"
"com.snail.home","窝牛圈-OPPO",,,"20","0","ADX","16/4/2026 05:19:58"
"com.snail.home","窝牛圈-VIVO",,,"296374","0","ADX","16/4/2026 05:19:58"
"com.sneakergif.secretgallery","com.sneakergif.secretgallery",,,"1650","0","ADX","16/4/2026 05:19:58"
"com.snmi.hourworkrecord","com.snmi.hourworkrecord","日历",,"39","0","ADX","16/4/2026 05:19:58"
"com.so2.iht.ne3","偙咖睡眠助手",,,"10","0","ADX","16/4/2026 05:19:58"
"com.sodalife.sodax","com.sodalife.sodax","实用工具",,"32","0","ADX","16/4/2026 05:19:58"
"com.sodalife.sodax","苏打校园","实用工具",,"313","0","ADX","16/4/2026 05:19:58"
"com.sodalife.sodax","苏打校园INTR","实用工具",,"356","0","ADX","16/4/2026 05:19:58"
"com.sokr.vdru","小金牛游盒",,,"5","0","ADX","16/4/2026 05:19:58"
"com.sougu.mybus","","交通出行",,"32942","0","ADX","16/4/2026 05:19:58"
"com.sougu.mybus","com.sougu.MyBus","交通出行",,"43222","0","ADX","16/4/2026 05:19:58"
"com.sougu.mybus","掌上公交","交通出行",,"1228522","0","ADX","16/4/2026 05:19:58"
"com.sougu.mybus","掌上公交-ios","交通出行",,"112519","0","ADX","16/4/2026 05:19:58"
"com.sougu.mybus","掌上公交-苹果","交通出行",,"49","0","ADX","16/4/2026 05:19:58"
"com.spect.rohel","39-优米短剧rohel",,,"512","0","ADX","16/4/2026 05:19:58"
"com.spect.rohel","com.spect.rohel",,,"6482","0","ADX","16/4/2026 05:19:58"
"com.sqers.csdc.zxc.maitian","com.sqers.csdc.zxc.maitian",,,"4","0","ADX","16/4/2026 05:19:58"
"com.sqers.csdc.zxc.maitian","麦田影院",,,"70","0","ADX","16/4/2026 05:19:58"
"com.ss.android.tuchong","图虫",,,"14212","0","ADX","16/4/2026 05:19:58"
"com.ss.bxbz","白熊壁纸",,,"13100","0","ADX","16/4/2026 05:19:58"
"com.ss.ddgjx","叮当工具箱",,,"762","0","ADX","16/4/2026 05:19:58"
"com.ss.dystp","步迹录",,,"54065","0","ADX","16/4/2026 05:19:58"
"com.ss.elechero","节电侠",,,"260523","0","ADX","16/4/2026 05:19:58"
"com.ss.fruit","com.ss.fruit",,,"1779","0","ADX","16/4/2026 05:19:58"
"com.ss.mytx","眠云听汐",,,"22659","0","ADX","16/4/2026 05:19:58"
"com.ss.stlvl","线准仪",,,"7693","0","ADX","16/4/2026 05:19:58"
"com.ss.wlzs","网螺助手",,,"950","0","ADX","16/4/2026 05:19:58"
"com.ss.xpgdcp","小苹果的菜谱",,,"6157","0","ADX","16/4/2026 05:19:58"
"com.ss.ytgj","压糖管家",,,"24976","0","ADX","16/4/2026 05:19:58"
"com.ss.zybz","帧颜壁纸",,,"736","0","ADX","16/4/2026 05:19:58"
"com.sszcp8.redorder","166体育",,,"3665","0","ADX","16/4/2026 05:19:58"
"com.starspeed.filegem","com.starspeed.filegem",,,"9","0","ADX","16/4/2026 05:19:58"
"com.starspeed.filegem","星速文件宝",,,"239","0","ADX","16/4/2026 05:19:58"
"com.storybox.hub","故事匣",,,"4029","0","ADX","16/4/2026 05:19:58"
"com.stvopen","思特云联",,,"752","0","ADX","16/4/2026 05:19:58"
"com.suishenji.cdscc.hjapp","com.suishenji.cdscc.hjapp","记账/工具",,"221","0","ADX","16/4/2026 05:19:58"
"com.suishenji.cdscc.hjapp","万象工坊","记账/工具",,"32","0","ADX","16/4/2026 05:19:58"
"com.suishenji.cdscc.hjapp","大师兄影视","记账/工具",,"11055","0","ADX","16/4/2026 05:19:58"
"com.suishenji.cdscc.hjapp","随身计","记账/工具",,"40408","0","ADX","16/4/2026 05:19:58"
"com.suizhi.bhndgz","帽子先森奇遇记",,,"731","0","ADX","16/4/2026 05:19:58"
"com.suizhi.bhndgz","我在老城区跑酷",,,"67","0","ADX","16/4/2026 05:19:58"
"com.suizhi.bhndgz","看我奇思妙想",,,"657","0","ADX","16/4/2026 05:19:58"
"com.suizhi.swmjbzw","土豆奇遇记",,,"2061","0","ADX","16/4/2026 05:19:58"
"com.suizhi.swmjbzw","帽子先森奇遇记",,,"2289","0","ADX","16/4/2026 05:19:58"
"com.suizhi.swmjbzw","我在老城区跑酷",,,"242","0","ADX","16/4/2026 05:19:58"
"com.suizhi.swmjbzw","熊猫探险计划",,,"1890","0","ADX","16/4/2026 05:19:58"
"com.suizhi.swmjbzw","狂飙大卡车",,,"2671","0","ADX","16/4/2026 05:19:58"
"com.suizhi.swmjbzw","看我奇思妙想",,,"1973","0","ADX","16/4/2026 05:19:58"
"com.suizhi.wszqdyl","土豆奇遇记",,,"301","0","ADX","16/4/2026 05:19:58"
"com.suizhi.wszqdyl","帽子先森奇遇记",,,"343","0","ADX","16/4/2026 05:19:58"
"com.suizhi.wszqdyl","我在老城区跑酷",,,"332","0","ADX","16/4/2026 05:19:58"
"com.suizhi.wszqdyl","熊猫探险计划",,,"319","0","ADX","16/4/2026 05:19:58"
"com.suizhi.wszqdyl","狂飙大卡车",,,"326","0","ADX","16/4/2026 05:19:58"
"com.suizhi.wszqdyl","看我奇思妙想",,,"326","0","ADX","16/4/2026 05:19:58"
"com.suizhi.zdsrqsg","土豆奇遇记",,,"86","0","ADX","16/4/2026 05:19:58"
"com.suizhi.zdsrqsg","帽子先森奇遇记",,,"71","0","ADX","16/4/2026 05:19:58"
"com.suizhi.zdsrqsg","我在老城区跑酷",,,"86","0","ADX","16/4/2026 05:19:58"
"com.suizhi.zdsrqsg","熊猫探险计划",,,"78","0","ADX","16/4/2026 05:19:58"
"com.suizhi.zdsrqsg","狂飙大卡车",,,"96","0","ADX","16/4/2026 05:19:58"
"com.suizhi.zdsrqsg","看我奇思妙想",,,"79","0","ADX","16/4/2026 05:19:58"
"com.sukon.boxapp","BOX云监控",,,"5131","0","ADX","16/4/2026 05:19:58"
"com.sukon.boxapp","com.sukon.boxapp",,,"2165","0","ADX","16/4/2026 05:19:58"
"com.sulai.chong","速来充",,,"5916","0","ADX","16/4/2026 05:19:58"
"com.sunfs.dxydq","com.sunfs.dxydq",,,"101093","0","ADX","16/4/2026 05:19:58"
"com.sunleaf.hyperbox","com.sunleaf.hyperbox","工具/沙盒",,"113","0","ADX","16/4/2026 05:19:58"
"com.sunnever.calendar.forever","风云万年历",,,"43","0","ADX","16/4/2026 05:19:58"
"com.supermarket.shop","小老板大冒险",,,"81","0","ADX","16/4/2026 05:19:58"
"com.suqian.apps.android.jssqsmy","宿心办",,,"1442","0","ADX","16/4/2026 05:19:58"
"com.suxiao.urgentvanguard","com.suxiao.urgentvanguard",,,"3","0","ADX","16/4/2026 05:19:58"
"com.sweep.mine.game","扫雷",,,"38","0","ADX","16/4/2026 05:19:58"
"com.swkkj.lbbz","绫波壁纸",,,"65378","0","ADX","16/4/2026 05:19:58"
"com.swkkj.lsxs","麓山小说",,,"27906","0","ADX","16/4/2026 05:19:58"
"com.sxm.yiwei","com.sxm.yiwei",,,"812","0","ADX","16/4/2026 05:19:58"
"com.sxwl.huohua","com.sxwl.huohua","影音播放/影视追剧",,"76","0","ADX","16/4/2026 05:19:58"
"com.sxwl.huohua","火花视频","影音播放/影视追剧",,"10636","0","ADX","16/4/2026 05:19:58"
"com.syhzx.qbfree","com.syhzx.qbFree","图书阅读",,"2","0","ADX","16/4/2026 05:19:58"
"com.syhzx.qbfree","郁书坊","图书阅读",,"700","0","ADX","16/4/2026 05:19:58"
"com.sync.data","com.sync.data",,,"19","0","ADX","16/4/2026 05:19:58"
"com.sypx.zsfb","芝士风暴",,,"15043","0","ADX","16/4/2026 05:19:58"
"com.sys.umap","Umap生态系统",,,"2790","0","ADX","16/4/2026 05:19:58"
"com.sz.xingyc","书舟行",,,"125484","0","ADX","16/4/2026 05:19:58"
"com.szaishiwn.vaccines","com.szaishiwn.vaccines",,,"8","0","ADX","16/4/2026 05:19:58"
"com.szaishiwn.vaccines","体检宝",,,"666","0","ADX","16/4/2026 05:19:58"
"com.szshcykj.yunshi","AI云视","深圳市宏驰远科技有限公司",,"277","0","ADX","16/4/2026 05:19:58"
"com.talicai.billstool","Timi记账",,,"944","0","ADX","16/4/2026 05:19:58"
"com.talicai.billstool","com.talicai.billstool",,,"11593","0","ADX","16/4/2026 05:19:58"
"com.tange365.qmsy","","实用工具",,"1830","0","ADX","16/4/2026 05:19:58"
"com.tange365.qmsy","QMSY","实用工具",,"54749","0","ADX","16/4/2026 05:19:58"
"com.tange365.qmsy","com.tange365.qmsy","实用工具",,"5457","0","ADX","16/4/2026 05:19:58"
"com.tange365.qmsy","千米神眼","实用工具",,"562940","0","ADX","16/4/2026 05:19:58"
"com.tange365.qmsy","千米神眼-苹果","实用工具",,"7","0","ADX","16/4/2026 05:19:58"
"com.tangle.rope.knots.3d","com.tangle.rope.knots.3D",,,"73","0","ADX","16/4/2026 05:19:58"
"com.tangle.rope.knots.3d","解绳子",,,"201","0","ADX","16/4/2026 05:19:58"
"com.taobao.trip","com.taobao.trip","旅行交通",,"1411","0","ADX","16/4/2026 05:19:58"
"com.taobao.trip","飞猪旅行","旅行交通",,"77730","0","ADX","16/4/2026 05:19:58"
"com.taotie.chi","饕餮集",,,"2199","0","ADX","16/4/2026 05:19:58"
"com.taoxiaoshuo.shucheng","淘小说iOS",,,"108","0","ADX","16/4/2026 05:19:58"
"com.teamnet.radiogdfm","com.teamnet.RadioGDFM",,,"20","0","ADX","16/4/2026 05:19:58"
"com.teamnet.radiogdfm","粤听",,,"399","0","ADX","16/4/2026 05:19:58"
"com.tech.koufu","com.tech.koufu",,,"4","0","ADX","16/4/2026 05:19:58"
"com.tech.koufu","叩富简投",,,"257","0","ADX","16/4/2026 05:19:58"
"com.tenac.ulum","35-优米短剧ulum",,,"251","0","ADX","16/4/2026 05:19:58"
"com.tenac.ulum","com.tenac.ulum",,,"5825","0","ADX","16/4/2026 05:19:58"
"com.thclouds.driver","com.thclouds.driver",,,"13170","0","ADX","16/4/2026 05:19:58"
"com.thclouds.driver","千云司机端",,,"28134","0","ADX","16/4/2026 05:19:58"
"com.tiangongwang.pocketuni","com.tiangongwang.PocketUni",,,"28239","0","ADX","16/4/2026 05:19:58"
"com.tiangongwang.pocketuni","口袋校园",,,"24609","0","ADX","16/4/2026 05:19:58"
"com.tianxin.xiangrou2","漫蛙",,,"2","0","ADX","16/4/2026 05:19:58"
"com.tic.tec.oo.xx","com.tic.tec.oo.xx",,,"5699","0","ADX","16/4/2026 05:19:58"
"com.tiguikuaigong.cn","蓝猫乐园",,,"8","0","ADX","16/4/2026 05:19:58"
"com.timeaforce.tea","com.timeaforce.tea",,,"52","0","ADX","16/4/2026 05:19:58"
"com.timeshuiyincamera","com.timeShuiyinCamera",,,"1008","0","ADX","16/4/2026 05:19:58"
"com.tingfeng.tool","com.tingfeng.tool","视频播放/动漫",,"192","0","ADX","16/4/2026 05:19:58"
"com.tingfeng.tool","听风工具箱","视频播放/动漫",,"72374","0","ADX","16/4/2026 05:19:58"
"com.tisncssd.tksnd","com.tisncssd.tksnd",,,"74","0","ADX","16/4/2026 05:19:58"
"com.tjawy.aozhixs","奥智小说园",,,"60","0","ADX","16/4/2026 05:19:58"
"com.tjawy.ruiyatq","com.tjawy.ruiyatq",,,"6227","0","ADX","16/4/2026 05:19:58"
"com.tjawy.weizhism","com.tjawy.weizhism",,,"936","0","ADX","16/4/2026 05:19:58"
"com.tjd.lelife","乐动健康生活",,,"2638","0","ADX","16/4/2026 05:19:58"
"com.tjhwc.chengqi","com.tjhwc.chengqi",,,"1858","0","ADX","16/4/2026 05:19:58"
"com.tjhwc.chengqi","诚启天气",,,"14643","0","ADX","16/4/2026 05:19:58"
"com.tjhwc.haoxing","com.tjhwc.haoxing",,,"7771","0","ADX","16/4/2026 05:19:58"
"com.tjhwc.haoxing","浩行计步",,,"11924","0","ADX","16/4/2026 05:19:58"
"com.tjhwc.weishang","com.tjhwc.weishang","办公商务",,"17402","0","ADX","16/4/2026 05:19:58"
"com.tjhwc.weishang","威尚诚购","办公商务",,"440114","0","ADX","16/4/2026 05:19:58"
"com.tjhwc.yuncheng","com.tjhwc.yuncheng",,,"397","0","ADX","16/4/2026 05:19:58"
"com.tjhwc.yuncheng","韵诚天气",,,"10558","0","ADX","16/4/2026 05:19:58"
"com.tjzf.lechaodjt","com.tjzf.lechaodjt",,,"77","0","ADX","16/4/2026 05:19:58"
"com.tjzf.lechaodjt","乐朝短剧厅",,,"22497","0","ADX","16/4/2026 05:19:58"
"com.tjzf.windlight","com.tjzf.windlight","工具/灯光",,"12776","0","ADX","16/4/2026 05:19:58"
"com.tkbaby.home","com.tkbaby.home","其他",,"1800","0","ADX","16/4/2026 05:19:58"
"com.tkbaby.home","途刻宝-OPPO","其他",,"2156","0","ADX","16/4/2026 05:19:58"
"com.tocoding.pupilsee","com.tocoding.pupilsee",,,"28","0","ADX","16/4/2026 05:19:58"
"com.tocoding.tcclairvoyant","com.tocoding.TCClairvoyant",,,"3629","0","ADX","16/4/2026 05:19:58"
"com.tool.colorpicker","com.tool.colorpicker",,,"116","0","ADX","16/4/2026 05:19:58"
"com.toursforfun.app","途风旅游",,,"191","0","ADX","16/4/2026 05:19:58"
"com.tphp.philips.iot","Home Camera",,,"1595","0","ADX","16/4/2026 05:19:58"
"com.tphp.philips.iot","Philips Home Camera",,,"389","0","ADX","16/4/2026 05:19:58"
"com.tphp.philips.iot","com.tphp.philips.iot",,,"6442","0","ADX","16/4/2026 05:19:58"
"com.tphp.philips.iot","家庭摄像机",,,"334649","0","ADX","16/4/2026 05:19:58"
"com.tphp.philips.iot","飞利浦家庭摄像机",,,"203069","0","ADX","16/4/2026 05:19:58"
"com.tphp.philips.iot","飞利浦家庭摄像机-iOS",,,"158","0","ADX","16/4/2026 05:19:58"
"com.translate.aitranslate","com.translate.aitranslate",,,"558923","0","ADX","16/4/2026 05:19:58"
"com.trustway.nbjk","com.trustway.nbjk",,,"7280","0","ADX","16/4/2026 05:19:58"
"com.tshield.ykq","万能遥控器",,,"10","0","ADX","16/4/2026 05:19:58"
"com.tt.read","TT小说阅读器",,,"396","0","ADX","16/4/2026 05:19:58"
"com.tt.wukongbrowser","com.tt.WukongBrowser",,,"3665","0","ADX","16/4/2026 05:19:58"
"com.tt.wukongbrowser","悟空浏览器",,,"319","0","ADX","16/4/2026 05:19:58"
"com.ttjb.tzqx","com.ttjb.tzqx",,,"86","0","ADX","16/4/2026 05:19:58"
"com.ttjb.tzqx","天天集宝",,,"791","0","ADX","16/4/2026 05:19:58"
"com.ttjz","记账小账",,,"25655","0","ADX","16/4/2026 05:19:58"
"com.tts.rider","com.tts.rider",,,"2","0","ADX","16/4/2026 05:19:58"
"com.twofools.averagegraph.zh.free","com.twofools.AverageGraph.zh.free",,,"381","0","ADX","16/4/2026 05:19:58"
"com.txzc.txzc","com.txzc.txzc",,,"24","0","ADX","16/4/2026 05:19:58"
"com.tyg.tygsmart","com.tyg.tygsmart","居家生活",,"5","0","ADX","16/4/2026 05:19:58"
"com.tyg.tygsmart","桃园谷","居家生活",,"1351","0","ADX","16/4/2026 05:19:58"
"com.uguess.livewallpapers","com.uguess.LiveWallpapers",,,"2030","0","ADX","16/4/2026 05:19:58"
"com.ultrafast.scanassist","com.ultrafast.scanassist",,,"5","0","ADX","16/4/2026 05:19:58"
"com.ume.browser.hs","com.ume.browser.hs",,,"124","0","ADX","16/4/2026 05:19:58"
"com.ume.browser.hs","黑鲨浏览器",,,"3872","0","ADX","16/4/2026 05:19:58"
"com.uncpx.mhncw","com.uncpx.mhncw",,,"258","0","ADX","16/4/2026 05:19:58"
"com.uncpx.mhncw","梦幻奶茶屋",,,"2244","0","ADX","16/4/2026 05:19:58"
"com.uni.leting","乐町音乐盒",,,"433","0","ADX","16/4/2026 05:19:58"
"com.unique.ioscyxxcg","com.unique.ioscyxxcg",,,"1079","0","ADX","16/4/2026 05:19:58"
"com.unique.ioscyxxcg","成语消消闯关",,,"4993","0","ADX","16/4/2026 05:19:58"
"com.utopia.android","com.utopia.android",,,"7","0","ADX","16/4/2026 05:19:58"
"com.utopia.android","乌托邦",,,"2","0","ADX","16/4/2026 05:19:58"
"com.verna.cular","com.verna.cular",,,"478","0","ADX","16/4/2026 05:19:58"
"com.verna.cular","轻萌10",,,"28","0","ADX","16/4/2026 05:19:58"
"com.veryzhun.ex","com.veryzhun.ex",,,"1751","0","ADX","16/4/2026 05:19:58"
"com.veryzhun.ex","飞常准业内版",,,"24002","0","ADX","16/4/2026 05:19:58"
"com.vgjump.jump","Jump","聊天社交",,"152","0","ADX","16/4/2026 05:19:58"
"com.vgjump.jump","com.vgjump.jump","聊天社交",,"405","0","ADX","16/4/2026 05:19:58"
"com.vgjump.jump","jump","聊天社交",,"5412","0","ADX","16/4/2026 05:19:58"
"com.visualworld.ecology","360云智连","居家生活",,"6959","0","ADX","16/4/2026 05:19:58"
"com.visualworld.ecology","Ecology","居家生活",,"723","0","ADX","16/4/2026 05:19:58"
"com.visualworld.ecology","com.visualworld.ecology","居家生活",,"3136","0","ADX","16/4/2026 05:19:58"
"com.vitec.easelife","com.vitec.easelife","实用工具",,"173","0","ADX","16/4/2026 05:19:58"
"com.vitec.easelife","安欣看","实用工具",,"10591","0","ADX","16/4/2026 05:19:58"
"com.vstar.stroke","溏心视频",,,"116","0","ADX","16/4/2026 05:19:58"
"com.vstar.stroke","糖心视频",,,"9342","0","ADX","16/4/2026 05:19:58"
"com.vstudio.mix","MIX","多媒体工具",,"40387","0","ADX","16/4/2026 05:19:58"
"com.vstudio.mix","MIX滤镜大师","多媒体工具",,"6762","0","ADX","16/4/2026 05:19:58"
"com.vstudio.mix","com.vstudio.MIX","多媒体工具",,"4574","0","ADX","16/4/2026 05:19:58"
"com.vtrump.accuway","品麦云康",,,"184","0","ADX","16/4/2026 05:19:58"
"com.wahyao.relaxbox","com.wahyao.relaxbox","休闲游戏/解压",,"10","0","ADX","16/4/2026 05:19:58"
"com.wakeup.howear","Wearfit Pro",,,"42224","0","ADX","16/4/2026 05:19:58"
"com.wakeup.howear","Wearfit pro",,,"6019","0","ADX","16/4/2026 05:19:58"
"com.wakeup.howear","com.wakeup.howear",,,"576","0","ADX","16/4/2026 05:19:58"
"com.wanwei.hicode","com.wanwei.hicode",,,"32","0","ADX","16/4/2026 05:19:58"
"com.water.puzzles.sort.games","com.water.puzzles.sort.games",,,"7","0","ADX","16/4/2026 05:19:58"
"com.water.sort.puzzle","com.water.sort.puzzle","游戏-休闲益智",,"996","0","ADX","16/4/2026 05:19:58"
"com.water.sort.puzzle","水排序解谜","游戏-休闲益智",,"3258","0","ADX","16/4/2026 05:19:58"
"com.water.sort.puzzle.games","SortPuz 3D",,,"487","0","ADX","16/4/2026 05:19:58"
"com.water.sort.puzzle.games","com.water.sort.puzzle.games",,,"224","0","ADX","16/4/2026 05:19:58"
"com.water.sort.puzzle.games","彩虹拼图",,,"185","0","ADX","16/4/2026 05:19:58"
"com.watret.qicheng","com.watret.qicheng",,,"749","0","ADX","16/4/2026 05:19:58"
"com.wawavenet.walang","com.wawavenet.walang",,,"13","0","ADX","16/4/2026 05:19:58"
"com.wawavenet.walang","康讯",,,"1286","0","ADX","16/4/2026 05:19:58"
"com.wdff.hhzycb","com.wdff.hhzycb",,,"3","0","ADX","16/4/2026 05:19:58"
"com.wdff.hhzycb","云财宝",,,"2538","0","ADX","16/4/2026 05:19:58"
"com.weahunter.kantian","com.weahunter.kantian",,,"11985","0","ADX","16/4/2026 05:19:58"
"com.weathercyhl","com.weathercyhl",,,"65","0","ADX","16/4/2026 05:19:58"
"com.weathercyhl","天气预报准时报",,,"6055","0","ADX","16/4/2026 05:19:58"
"com.weatherfz2345","com.weatherfz2345","工具/天气",,"291","0","ADX","16/4/2026 05:19:58"
"com.weatherfz2345","天气预报","工具/天气",,"154","0","ADX","16/4/2026 05:19:58"
"com.weatherfz2345","天气预报准点报","工具/天气",,"22303","0","ADX","16/4/2026 05:19:58"
"com.wedobest.gochess","com.wedobest.gochess","棋类游戏",,"370","0","ADX","16/4/2026 05:19:58"
"com.wedobest.gochess","围棋","棋类游戏",,"1997","0","ADX","16/4/2026 05:19:58"
"com.wedobest.pintu","com.wedobest.pintu",,,"118","0","ADX","16/4/2026 05:19:58"
"com.wedobest.pintu","拼来拼趣",,,"363","0","ADX","16/4/2026 05:19:58"
"com.wedobest.xiangqi","com.wedobest.xiangqi",,,"3984","0","ADX","16/4/2026 05:19:58"
"com.wedobest.xiangqi","象棋",,,"37163","0","ADX","16/4/2026 05:19:58"
"com.weflyai.qimiao","com.weflyai.qimiao",,,"16","0","ADX","16/4/2026 05:19:58"
"com.wehqt.tiku.jianzhuj","com.wehqt.tiku.jianzhuj",,,"27","0","ADX","16/4/2026 05:19:58"
"com.wehqt.tiku.shegong","com.wehqt.tiku.shegong",,,"52","0","ADX","16/4/2026 05:19:58"
"com.weifx.wfx","com.weifx.wfx",,,"92","0","ADX","16/4/2026 05:19:58"
"com.weifx.wfx","微分身",,,"2982","0","ADX","16/4/2026 05:19:58"
"com.weitdy.client","com.weitdy.client",,,"3271","0","ADX","16/4/2026 05:19:58"
"com.weitdy.client","监控管家",,,"19703","0","ADX","16/4/2026 05:19:58"
"com.wemomo.momoappdemo1","com.wemomo.momoappdemo1",,,"98","0","ADX","16/4/2026 05:19:58"
"com.wendaku.asouti","问答库","作业题库",,"5211","0","ADX","16/4/2026 05:19:58"
"com.wenhai.reading","com.wenhai.reading",,,"41593","0","ADX","16/4/2026 05:19:58"
"com.wensandao.dzjmnq","弹珠机模拟器",,,"1246","0","ADX","16/4/2026 05:19:58"
"com.wenxin.jiayuan","com.wenxin.jiayuan",,,"63","0","ADX","16/4/2026 05:19:58"
"com.wenxin.jiayuan","温馨家园",,,"193","0","ADX","16/4/2026 05:19:58"
"com.weplaybubble.wannianli","老黄万年历",,,"94","0","ADX","16/4/2026 05:19:58"
"com.westingware.jzjx.student","com.westingware.jzjx.student","其他",,"9","0","ADX","16/4/2026 05:19:58"
"com.westingware.jzjx.student","拾光视频","其他",,"2448","0","ADX","16/4/2026 05:19:58"
"com.wevision.hxq","com.wevision.hxq",,,"179","0","ADX","16/4/2026 05:19:58"
"com.wevision.hxq","韩站",,,"1849","0","ADX","16/4/2026 05:19:58"
"com.when.coco","com.when.coco",,,"318","0","ADX","16/4/2026 05:19:58"
"com.whxinna.userplatform","com.whxinna.userplatform","实用工具",,"11848","0","ADX","16/4/2026 05:19:58"
"com.whxinna.userplatform","住理生活","实用工具",,"186231","0","ADX","16/4/2026 05:19:58"
"com.widget.androidacts.widgethd","WidgetHD",,,"2261","0","ADX","16/4/2026 05:19:58"
"com.widget.androidacts.xscreendash","xScreenDash",,,"6881","0","ADX","16/4/2026 05:19:58"
"com.witgo.etc","com.witgo.etc",,,"6983","0","ADX","16/4/2026 05:19:58"
"com.witgo.etc","安徽ETC",,,"2344","0","ADX","16/4/2026 05:19:58"
"com.wliuda.www","com.wliuda.www",,,"61","0","ADX","16/4/2026 05:19:58"
"com.wliuda.www","图星跳",,,"1107","0","ADX","16/4/2026 05:19:58"
"com.wliuda.www","块块消",,,"525","0","ADX","16/4/2026 05:19:58"
"com.wliuda.www","极速拼",,,"434","0","ADX","16/4/2026 05:19:58"
"com.wliuda.www","泡泡碰",,,"4870","0","ADX","16/4/2026 05:19:58"
"com.wliuda.www","点点连",,,"3505","0","ADX","16/4/2026 05:19:58"
"com.wliuda.www","糖果冲",,,"4160","0","ADX","16/4/2026 05:19:58"
"com.wliuda.www","萌宠跑",,,"2539","0","ADX","16/4/2026 05:19:58"
"com.wliuda.www","趣消消",,,"2060","0","ADX","16/4/2026 05:19:58"
"com.word.sort.match","com.word.sort.match",,,"1839","0","ADX","16/4/2026 05:19:58"
"com.worth.housekeeper.yyf","邮易付管家",,,"5","0","ADX","16/4/2026 05:19:58"
"com.wscreativity.yanju","com.wscreativity.yanju",,,"194386","0","ADX","16/4/2026 05:19:58"
"com.wshifu.app.jiedanyi","com.wshifu.app.jiedanyi",,,"1829","0","ADX","16/4/2026 05:19:58"
"com.wshifu.app.jiedanyi","万师傅师傅版",,,"18178","0","ADX","16/4/2026 05:19:58"
"com.wswlvp.app.wswl","",,,"736","0","ADX","16/4/2026 05:19:58"
"com.wuxibus.app","无锡智慧公交",,,"3282","0","ADX","16/4/2026 05:19:58"
"com.wwcy.yjcc","com.wwcy.yjcc",,,"16","0","ADX","16/4/2026 05:19:58"
"com.wwhd.cyxz","com.wwhd.cyxz",,,"21","0","ADX","16/4/2026 05:19:58"
"com.wwwscn.yuexingtong","com.wwwscn.yuexingtong",,,"28604","0","ADX","16/4/2026 05:19:58"
"com.wwwscn.yuexingtong","悦通行",,,"338018","0","ADX","16/4/2026 05:19:58"
"com.wxbus.app","com.wxbus.app",,,"324","0","ADX","16/4/2026 05:19:58"
"com.wxbus.app","无锡智慧公交",,,"15347","0","ADX","16/4/2026 05:19:58"
"com.wy.bilin.draw","笔临画画-简笔画",,,"2340","0","ADX","16/4/2026 05:19:58"
"com.wyj.guadong","com.wyj.guadong",,,"196","0","ADX","16/4/2026 05:19:58"
"com.wyj.guadong","锦鲤夺宝",,,"5210","0","ADX","16/4/2026 05:19:58"
"com.xbxxhz.box","","实用工具",,"11348","0","ADX","16/4/2026 05:19:58"
"com.xbxxhz.box","com.xbxxhz.box","实用工具",,"104395","0","ADX","16/4/2026 05:19:58"
"com.xbxxhz.box","小白学习打印","实用工具",,"2734112","0","ADX","16/4/2026 05:19:58"
"com.xbxxhz.box","小白学习打印-jg","实用工具",,"9","0","ADX","16/4/2026 05:19:58"
"com.xcthings.fchan","com.xcthings.fchan","居家生活",,"774","0","ADX","16/4/2026 05:19:58"
"com.xcthings.fchan","联了么","居家生活",,"3380","0","ADX","16/4/2026 05:19:58"
"com.xguang.tysh","com.xguang.tysh",,,"6","0","ADX","16/4/2026 05:19:58"
"com.xhjzzz.www","小黑记账",,,"8","0","ADX","16/4/2026 05:19:58"
"com.xiachufang","com.xiachufang","居家生活",,"177","0","ADX","16/4/2026 05:19:58"
"com.xiachufang","下厨房","居家生活",,"19537","0","ADX","16/4/2026 05:19:58"
"com.xiachufang","下厨房-安卓","居家生活",,"92472","0","ADX","16/4/2026 05:19:58"
"com.xiangcai.ji","湘菜记",,,"42708","0","ADX","16/4/2026 05:19:58"
"com.xiangguo.excelword","com.xiangguo.ExcelWord",,,"1185","0","ADX","16/4/2026 05:19:58"
"com.xiangyue.ting","com.xiangyue.ting",,,"915","0","ADX","16/4/2026 05:19:58"
"com.xiangyue.ting","汀享阅",,,"68","0","ADX","16/4/2026 05:19:58"
"com.xianpeng.ji","鲜烹记",,,"131404","0","ADX","16/4/2026 05:19:58"
"com.xianwei.znqy","鲜味指南",,,"329","0","ADX","16/4/2026 05:19:58"
"com.xiaoguaipro.yuanying","com.xiaoguaipro.yuanying",,,"611","0","ADX","16/4/2026 05:19:58"
"com.xiaoguaipro.yuanying","小乖记账",,,"8892","0","ADX","16/4/2026 05:19:58"
"com.xiaoji.emulator","com.xiaoji.emulator","游戏工具",,"21","0","ADX","16/4/2026 05:19:58"
"com.xiaoji.emulator","小鸡模拟器","游戏工具",,"1494","0","ADX","16/4/2026 05:19:58"
"com.xiaojia.yi","com.xiaojia.yi",,,"2741","0","ADX","16/4/2026 05:19:58"
"com.xiaojiecyu.cyxiaoj","小接成语",,,"15","0","ADX","16/4/2026 05:19:58"
"com.xiaolai.jzqy","䒕艾记账",,,"4293","0","ADX","16/4/2026 05:19:58"
"com.xiaoquzhushou.yilinyijia","1号社区","生活服务/物业",,"6679","0","ADX","16/4/2026 05:19:58"
"com.xiaoquzhushou.yilinyijia","com.xiaoquzhushou.yilinyijia","生活服务/物业",,"1543","0","ADX","16/4/2026 05:19:58"
"com.xiaotuxia.avatar","com.xiaotuxia.avatar",,,"239274","0","ADX","16/4/2026 05:19:58"
"com.xiaowancaipu.caipu","小碗菜谱",,,"974","0","ADX","16/4/2026 05:19:58"
"com.xiaowojc.app","小蜗剧场",,,"63","0","ADX","16/4/2026 05:19:58"
"com.xiaoyu.xiaoxue.huawei","小学课程名师辅导",,,"53","0","ADX","16/4/2026 05:19:58"
"com.xiaoyun.tu","晓运途",,,"5625","0","ADX","16/4/2026 05:19:58"
"com.xinchao.xinchaobrainwave","com.xinchao.XinChaoBrainWave",,,"3217","0","ADX","16/4/2026 05:19:58"
"com.xinchao.xinchaobrainwave","小睡眠",,,"20011","0","ADX","16/4/2026 05:19:58"
"com.xingge.miao","喵星阁",,,"3762","0","ADX","16/4/2026 05:19:58"
"com.xingjiqd.shiqs.asd.llq","com.xingjiqd.shiqs.asd.llq",,,"6","0","ADX","16/4/2026 05:19:58"
"com.xingtian.jian","行天健",,,"15531","0","ADX","16/4/2026 05:19:58"
"com.xingyu.star","com.xingyu.star",,,"56778","0","ADX","16/4/2026 05:19:58"
"com.xingyu.star","星遇漂流瓶",,,"40298","0","ADX","16/4/2026 05:19:58"
"com.xinmang.unzip","万能解压缩专家",,,"39","0","ADX","16/4/2026 05:19:58"
"com.xinmang.unzip","解压缩zip",,,"69","0","ADX","16/4/2026 05:19:58"
"com.xinxiu.pintu","拼图秀秀","拼图/美化",,"39","0","ADX","16/4/2026 05:19:58"
"com.xinyaoting.home","心钥亭-OPPO",,,"81","0","ADX","16/4/2026 05:19:58"
"com.xinyaoting.home","心钥亭-小米",,,"10175","0","ADX","16/4/2026 05:19:58"
"com.xiongman.wu","com.xiongman.wu",,,"2681","0","ADX","16/4/2026 05:19:58"
"com.xiongman.wu","熊漫屋",,,"65642","0","ADX","16/4/2026 05:19:58"
"com.xiwei.logistics.consignor","运满满货主",,,"1507","0","ADX","16/4/2026 05:19:58"
"com.xiyao.inshow","inshow",,,"2055","0","ADX","16/4/2026 05:19:58"
"com.xiyao.inshowapp","com.xiyao.inshowApp","社交聊天/时尚娱乐",,"3909","0","ADX","16/4/2026 05:19:58"
"com.xiyao.inshowapp","inshow","社交聊天/时尚娱乐",,"16535","0","ADX","16/4/2026 05:19:58"
"com.xiyou.english","xiyou英语",,,"422","0","ADX","16/4/2026 05:19:58"
"com.xjkj.alhelper","com.xjkj.alhelper",,,"890","0","ADX","16/4/2026 05:19:58"
"com.xjkj.alhelper","艾力帮手",,,"9711","0","ADX","16/4/2026 05:19:58"
"com.xjkj.happydict","com.xjkj.happydict",,,"909","0","ADX","16/4/2026 05:19:58"
"com.xjkj.happydict","乐心宝典",,,"10709","0","ADX","16/4/2026 05:19:58"
"com.xlkj.international.sunri","Sunri",,,"21549","0","ADX","16/4/2026 05:19:58"
"com.xlkj.international.sunri","com.xlkj.international.sunri",,,"44","0","ADX","16/4/2026 05:19:58"
"com.xm.xmcsee","com.xm.xmcsee","系统工具/监控",,"19","0","ADX","16/4/2026 05:19:58"
"com.xm.xmcsee","雄迈看看","系统工具/监控",,"1830","0","ADX","16/4/2026 05:19:58"
"com.xm.xmsmarthome","com.XM.XMSmartHome",,,"1983","0","ADX","16/4/2026 05:19:58"
"com.xm.xmsmarthome","雄迈智能家居",,,"3545","0","ADX","16/4/2026 05:19:58"
"com.xmei.xcalendar","中华日历",,,"207","0","ADX","16/4/2026 05:19:58"
"com.xmei.xdays","com.xmei.xdays",,,"8","0","ADX","16/4/2026 05:19:58"
"com.xmei.xdays","喵喵倒数日",,,"1077","0","ADX","16/4/2026 05:19:58"
"com.xmsq.tdsj","调鼎食集",,,"5128","0","ADX","16/4/2026 05:19:58"
"com.xmsq.xcm","com.xmsq.xcm",,,"870","0","ADX","16/4/2026 05:19:58"
"com.xmsq.xcm","息尘梦",,,"1777","0","ADX","16/4/2026 05:19:58"
"com.xmtb.ptzh","com.xmtb.ptzh",,,"11","0","ADX","16/4/2026 05:19:58"
"com.xplaygame.fengkuangkuaicheshou.vivo","com.xplaygame.fengkuangkuaicheshou.vivo",,,"2","0","ADX","16/4/2026 05:19:58"
"com.xqcy.qckj","com.xqcy.qckj","学习教育",,"3","0","ADX","16/4/2026 05:19:58"
"com.xqcy.xiquechuanying","com.xqcy.xiquechuanying",,,"16","0","ADX","16/4/2026 05:19:58"
"com.xs.memory","备忘录Cat","备忘录/笔记",,"241","0","ADX","16/4/2026 05:19:58"
"com.xsb.jbzhh","com.xsb.jbzhh",,,"21","0","ADX","16/4/2026 05:19:58"
"com.xsb.jbzhh","聚宝智慧",,,"8544","0","ADX","16/4/2026 05:19:58"
"com.xtfanxing.www","com.xtfanxing.www",,,"21","0","ADX","16/4/2026 05:19:58"
"com.xtfanxing.www","星图繁星",,,"12751","0","ADX","16/4/2026 05:19:58"
"com.xtuone.android.syllabus","com.xtuone.android.syllabus","学习教育",,"4833","0","ADX","16/4/2026 05:19:58"
"com.xtuone.android.syllabus","超级课程表","学习教育",,"228243","0","ADX","16/4/2026 05:19:58"
"com.xunlei.downloadprovider","com.xunlei.downloadprovider","实用工具",,"25322","0","ADX","16/4/2026 05:19:58"
"com.xunlei.downloadprovider","迅雷","实用工具",,"811631","0","ADX","16/4/2026 05:19:58"
"com.xunxin.majiang","com.xunxin.majiang",,,"4","0","ADX","16/4/2026 05:19:58"
"com.xuying.qianxunpicturepuzzle","com.xuying.qianxunPicturePuzzle",,,"21906","0","ADX","16/4/2026 05:19:58"
"com.xuying.qianxunpicturepuzzle","千寻拼图软件",,,"1008","0","ADX","16/4/2026 05:19:58"
"com.xxwolo.cc","com.xxwolo.cc","星座命理/心理测试",,"182881","0","ADX","16/4/2026 05:19:58"
"com.xxwolo.cc","测测","星座命理/心理测试",,"1023376","0","ADX","16/4/2026 05:19:58"
"com.xxwolo.cc","测测_iOS","星座命理/心理测试",,"81534","0","ADX","16/4/2026 05:19:58"
"com.xy51.xygamebox","小y游戏盒",,,"802","0","ADX","16/4/2026 05:19:58"
"com.xyhj.hanju","com.xyhj.hanju","影音视听",,"180","0","ADX","16/4/2026 05:19:58"
"com.xyhj.hanju","韩剧TV","影音视听",,"16817","0","ADX","16/4/2026 05:19:58"
"com.xyhj.hanju","韩剧TV-安卓","影音视听",,"1614","0","ADX","16/4/2026 05:19:58"
"com.xyhj.hanju","韩剧TV极简版","影音视听",,"36539","0","ADX","16/4/2026 05:19:58"
"com.xyj.ios.muwawidgets","com.xyj.ios.MuWaWidgets",,,"14231","0","ADX","16/4/2026 05:19:58"
"com.xykj.hmmhw","花猫漫画窝1",,,"3226","0","ADX","16/4/2026 05:19:58"
"com.xykj.llqz","璁珑罄竹",,,"23800","0","ADX","16/4/2026 05:19:58"
"com.xyuex.cyyx.mmwd","com.xyuex.cyyx.mmwd",,,"5","0","ADX","16/4/2026 05:19:58"
"com.xyuex.cyyx.xmwd","com.xyuex.cyyx.xmwd",,,"3","0","ADX","16/4/2026 05:19:58"
"com.xyy.quwa","com.xyy.quwa","时尚购物",,"487","0","ADX","16/4/2026 05:19:58"
"com.xyy.quwa","匠心忠华","时尚购物",,"38464","0","ADX","16/4/2026 05:19:58"
"com.xyy.quwa","趣蛙优选","时尚购物",,"5","0","ADX","16/4/2026 05:19:58"
"com.yang.iosuvbd","跳跳达人",,,"55","0","ADX","16/4/2026 05:19:58"
"com.yao.guang","摇光",,,"17735","0","ADX","16/4/2026 05:19:58"
"com.yaoling.qx","曜灵气象",,,"28","0","ADX","16/4/2026 05:19:58"
"com.yaoqi.zhiyuweather","com.yaoqi.zhiyuweather",,,"4831","0","ADX","16/4/2026 05:19:58"
"com.ycc365closeli.ali","YCC365",,,"21","0","ADX","16/4/2026 05:19:58"
"com.ycmengfan.ji","萌番集",,,"7026","0","ADX","16/4/2026 05:19:58"
"com.ycnet.kxss","开心刷刷",,,"2831","0","ADX","16/4/2026 05:19:58"
"com.ydtx.camera","com.ydtx.camera",,,"842","0","ADX","16/4/2026 05:19:58"
"com.ydtx.camera","元道经纬相机",,,"124363","0","ADX","16/4/2026 05:19:58"
"com.ydx.home","意定行-OPPO",,,"19","0","ADX","16/4/2026 05:19:58"
"com.yefiot.xyxwapp","",,,"177","0","ADX","16/4/2026 05:19:58"
"com.yefiot.xyxwapp","星云小卫",,,"201","0","ADX","16/4/2026 05:19:58"
"com.yelizi.biaogemakerios","com.yelizi.BiaogeMakeriOS",,,"998","0","ADX","16/4/2026 05:19:58"
"com.yelizi.biaogemakerios","表格制作器-手机表格制作软件",,,"1612","0","ADX","16/4/2026 05:19:58"
"com.yfdrive.student","com.yfdrive.student","驾考培训",,"581","0","ADX","16/4/2026 05:19:58"
"com.yfdrive.student","远方学车","驾考培训",,"5411","0","ADX","16/4/2026 05:19:58"
"com.ygkj.chelaile.standard","com.ygkj.chelaile.standard",,,"34","0","ADX","16/4/2026 05:19:58"
"com.ygkj.chelaile.standard","车来了",,,"7814","0","ADX","16/4/2026 05:19:58"
"com.yhxc.yunchaotu","云潮图",,,"398","0","ADX","16/4/2026 05:19:58"
"com.yicongtourism.antbush","com.yicongtourism.antbush",,,"1903","0","ADX","16/4/2026 05:19:58"
"com.yicongtourism.antbush","蚁丛",,,"27730","0","ADX","16/4/2026 05:19:58"
"com.yicongtourism.antbush","蚁丛旅游",,,"1236","0","ADX","16/4/2026 05:19:58"
"com.yifanfree.reader","com.yifanfree.reader",,,"95","0","ADX","16/4/2026 05:19:58"
"com.yifanfree.reader","格子小说",,,"7136","0","ADX","16/4/2026 05:19:58"
"com.yijian.auvilink.jjhome","com.yijian.auvilink.jjhome",,,"93","0","ADX","16/4/2026 05:19:58"
"com.yijian.auvilink.jjhome","家家智联",,,"18677","0","ADX","16/4/2026 05:19:58"
"com.yinxiang.scannable","扫描宝","扫描识别",,"45","0","ADX","16/4/2026 05:19:58"
"com.yiruike.sodacn","com.yiruike.sodacn",,,"66","0","ADX","16/4/2026 05:19:58"
"com.yiruike.sodacn","甜盐相机",,,"284","0","ADX","16/4/2026 05:19:58"
"com.yitong.pandabus.hengfengbus","com.yitong.pandabus.HengFengBus",,,"9","0","ADX","16/4/2026 05:19:58"
"com.yixi.fssport","com.yixi.fssport",,,"7","0","ADX","16/4/2026 05:19:58"
"com.yixiangjia.app","蚁享+",,,"436","0","ADX","16/4/2026 05:19:58"
"com.yixing.ta","逸兴踏",,,"43119","0","ADX","16/4/2026 05:19:58"
"com.yiyanxj.yy","com.yiyanxj.yy",,,"1465","0","ADX","16/4/2026 05:19:58"
"com.yiyou.ceping","com.yiyou.ceping","实用工具",,"667","0","ADX","16/4/2026 05:19:58"
"com.yiyou.ceping","快乐速算","实用工具",,"73977","0","ADX","16/4/2026 05:19:58"
"com.yiyou.ceping","快乐速算-安卓","实用工具",,"1285","0","ADX","16/4/2026 05:19:58"
"com.yiyou.ga","TT语音","聊天社交",,"796431","0","ADX","16/4/2026 05:19:58"
"com.yiyou.ga","TT语音(IR)","聊天社交",,"7","0","ADX","16/4/2026 05:19:58"
"com.yiyou.ga","TT语音Pro","聊天社交",,"27","0","ADX","16/4/2026 05:19:58"
"com.yiyou.ga","com.yiyou.ga","聊天社交",,"1431","0","ADX","16/4/2026 05:19:58"
"com.yiyou.ga","新TT语音普通","聊天社交",,"61","0","ADX","16/4/2026 05:19:58"
"com.yjkj.everydayapp","com.yjkj.EveryDayApp",,,"28","0","ADX","16/4/2026 05:19:58"
"com.yk.wifi.dynamic","com.yk.wifi.dynamic",,,"3","0","ADX","16/4/2026 05:19:58"
"com.yl.lovestudy","眯幼",,,"479","0","ADX","16/4/2026 05:19:58"
"com.ylq.guangju","广聚",,,"6","0","ADX","16/4/2026 05:19:58"
"com.ylt.slge","书鹿阁1",,,"763","0","ADX","16/4/2026 05:19:58"
"com.ylws.qsk.pqa","com.ylws.qsk.pqa","视频直播/影视",,"20","0","ADX","16/4/2026 05:19:58"
"com.ylws.qsk.pqa","佩奇影视","视频直播/影视",,"734","0","ADX","16/4/2026 05:19:58"
"com.ymhh.app","com.ymhh.app",,,"2","0","ADX","16/4/2026 05:19:58"
"com.ymhh.app","聚宝客极速版",,,"205","0","ADX","16/4/2026 05:19:58"
"com.ymxapp.ymxapp","","手机辅助",,"27","0","ADX","16/4/2026 05:19:58"
"com.ymxapp.ymxapp","com.ymxapp.ymxapp","手机辅助",,"29","0","ADX","16/4/2026 05:19:58"
"com.ymxapp.ymxapp","明星管家","手机辅助",,"3476","0","ADX","16/4/2026 05:19:58"
"com.yoloho.dayima","com.yoloho.Dayima","医疗健康",,"7535","0","ADX","16/4/2026 05:19:58"
"com.yoloho.dayima","com.yoloho.dayima","医疗健康",,"18","0","ADX","16/4/2026 05:19:58"
"com.yoloho.dayima","大姨妈","医疗健康",,"252936","0","ADX","16/4/2026 05:19:58"
"com.yoloho.dayima","大姨妈_iOS","医疗健康",,"91","0","ADX","16/4/2026 05:19:58"
"com.yoloho.dayima","大姨媽","医疗健康",,"2661","0","ADX","16/4/2026 05:19:58"
"com.yoosee","com.yoosee","实用工具",,"6228","0","ADX","16/4/2026 05:19:58"
"com.yoosee","有看头","实用工具",,"237841","0","ADX","16/4/2026 05:19:58"
"com.yoosee","有看頭","实用工具",,"114","0","ADX","16/4/2026 05:19:58"
"com.yotin.xiaowa.ksj","com.yotin.xiaowa.ksj",,,"5","0","ADX","16/4/2026 05:19:58"
"com.yotin.xiaowa.ksj","ksj",,,"971","0","ADX","16/4/2026 05:19:58"
"com.youban.xiaobanlong","com.youban.xiaobanlong","儿童/教育",,"360","0","ADX","16/4/2026 05:19:58"
"com.youban.xiaobanlong","小伴龙","儿童/教育",,"40464","0","ADX","16/4/2026 05:19:58"
"com.youban.xiaobanlong","小伴龙iOS","儿童/教育",,"147","0","ADX","16/4/2026 05:19:58"
"com.youle.ylapp","com.youle.ylapp",,,"3","0","ADX","16/4/2026 05:19:58"
"com.youmi.hui","com.youmi.hui","广告/工具",,"970","0","ADX","16/4/2026 05:19:58"
"com.youmi.hui","优觅惠","广告/工具",,"77191","0","ADX","16/4/2026 05:19:58"
"com.youpin.iosdanfx","H飞行棋",,,"45","0","ADX","16/4/2026 05:19:58"
"com.youpin.iosdanfx","飞行棋",,,"181","0","ADX","16/4/2026 05:19:58"
"com.youqi.fjjf","com.youqi.fjjf","减脂瘦身",,"2","0","ADX","16/4/2026 05:19:58"
"com.youquan.ge","品券阁",,,"4941","0","ADX","16/4/2026 05:19:58"
"com.youshunshang.app","有顺赏",,,"1520","0","ADX","16/4/2026 05:19:58"
"com.youyou.shuiyue","com.youyou.shuiyue",,,"99","0","ADX","16/4/2026 05:19:58"
"com.youyou.shuiyue","悠游岁月",,,"5615","0","ADX","16/4/2026 05:19:58"
"com.yq.dspgx.vivo","com.yq.dspgx.vivo",,,"2289","0","ADX","16/4/2026 05:19:58"
"com.yrd.scan","com.yrd.scan",,,"1561","0","ADX","16/4/2026 05:19:58"
"com.ysg.cad","CAD专业看图师",,,"21","0","ADX","16/4/2026 05:19:58"
"com.ythl.zlwdbs","帽子先森奇遇记",,,"519","0","ADX","16/4/2026 05:19:58"
"com.yuanmeng.s22","VX",,,"1037","0","ADX","16/4/2026 05:19:58"
"com.yuedance.fengshou","com.yuedance.fengshou",,,"64","0","ADX","16/4/2026 05:19:58"
"com.yuedong.sport","com.yuedong.sport","医疗健康",,"746","0","ADX","16/4/2026 05:19:58"
"com.yuedong.sport","悦动圈","医疗健康",,"72265","0","ADX","16/4/2026 05:19:58"
"com.yuejianyjsp.spyjawo","com.yuejianyjsp.spyjawo",,,"43","0","ADX","16/4/2026 05:19:58"
"com.yueme.itv","小翼管家",,,"2491","0","ADX","16/4/2026 05:19:58"
"com.yueshunquanapppro.app","com.yueshunquanapppro.app","生活服务/资讯社交",,"29","0","ADX","16/4/2026 05:19:58"
"com.yueshunquanapppro.app","阅瞬圈","生活服务/资讯社交",,"4547","0","ADX","16/4/2026 05:19:58"
"com.yuewen.dreamer","com.yuewen.dreamer","聊天社交",,"2624","0","ADX","16/4/2026 05:19:58"
"com.yuewen.dreamer","筑梦岛","聊天社交",,"140306","0","ADX","16/4/2026 05:19:58"
"com.yuewen.dreamer","筑梦岛-iOS","聊天社交",,"10713","0","ADX","16/4/2026 05:19:58"
"com.yuewen.dreamer","筑梦岛iOS","聊天社交",,"3","0","ADX","16/4/2026 05:19:58"
"com.yueyou.adreader","com.yueyou.adreader",,,"73","0","ADX","16/4/2026 05:19:58"
"com.yueyou.adreader","阅友免费小说",,,"12532","0","ADX","16/4/2026 05:19:58"
"com.yueyou.adreader","阅友小说",,,"2928","0","ADX","16/4/2026 05:19:58"
"com.yueyuenow.dushusheng","学语者-安卓",,,"12","0","ADX","16/4/2026 05:19:58"
"com.yujianniyqh.app","遇柬你邀请函",,,"89","0","ADX","16/4/2026 05:19:58"
"com.yulong.android.coolmart","酷派",,,"72","0","ADX","16/4/2026 05:19:58"
"com.yunding.loock","鹿客智能",,,"716","0","ADX","16/4/2026 05:19:58"
"com.yunduangou.home","云端购-VIVO",,,"3199","0","ADX","16/4/2026 05:19:58"
"com.yunji.xxyjsm","云迹扫描",,,"1499","0","ADX","16/4/2026 05:19:58"
"com.yunjv.xxtq.yfa8789c4a1134976b2a9f3b47d50ad9d","com.yunjv.xxtq.yfa8789c4a1134976b2a9f3b47d50ad9d",,,"13","0","ADX","16/4/2026 05:19:58"
"com.yunlian.meditationmode","禅定空间",,,"1105","0","ADX","16/4/2026 05:19:58"
"com.yunqihui.profitlife.mmsc","com.yunqihui.ProfitLife.mmsc",,,"7","0","ADX","16/4/2026 05:19:58"
"com.yunqihui.profitlife.mmsc","i妈妈",,,"2291","0","ADX","16/4/2026 05:19:58"
"com.yunquereader.reader","com.yunqueReader.reader",,,"435","0","ADX","16/4/2026 05:19:58"
"com.yunquereader.reader","云雀小说",,,"785","0","ADX","16/4/2026 05:19:58"
"com.yunshi.szshcykj","AI云视",,,"914","0","ADX","16/4/2026 05:19:58"
"com.yunshi.szshcykj","com.yunshi.szshcykj",,,"26","0","ADX","16/4/2026 05:19:58"
"com.yunxiao.haofenshu","com.yunxiao.HaoFenShu",,,"26211","0","ADX","16/4/2026 05:19:58"
"com.yunxiao.haofenshu","com.yunxiao.haofenshu",,,"401","0","ADX","16/4/2026 05:19:58"
"com.yunxiao.haofenshu","好分数",,,"17984","0","ADX","16/4/2026 05:19:58"
"com.yunxiao.haofenshu","好分数学生",,,"5231","0","ADX","16/4/2026 05:19:58"
"com.yunz.fsds","com.yunz.fsds",,,"166","0","ADX","16/4/2026 05:19:58"
"com.yunz.fsds","微双开分身",,,"12319","0","ADX","16/4/2026 05:19:58"
"com.yxsh.youguanshang","优观赏",,,"22177","0","ADX","16/4/2026 05:19:58"
"com.yxsh.youyueguan","优悦馆",,,"10716","0","ADX","16/4/2026 05:19:58"
"com.yxwl.hjld","红卷乐读",,,"114807","0","ADX","16/4/2026 05:19:58"
"com.yxwl.hjsk","好剧旪刻",,,"27432","0","ADX","16/4/2026 05:19:58"
"com.yxwl.mqxq","漫趣星球",,,"58181","0","ADX","16/4/2026 05:19:58"
"com.yyfgj.ios","邮易付管家",,,"12","0","ADX","16/4/2026 05:19:58"
"com.yyth.slideshort","com.yyth.SlideShort","短剧/视频",,"188116","0","ADX","16/4/2026 05:19:58"
"com.yyth.slideshort","韩剧TV","短剧/视频",,"869843","0","ADX","16/4/2026 05:19:58"
"com.yyth.slideshort","韩剧TV-iOS","短剧/视频",,"42","0","ADX","16/4/2026 05:19:58"
"com.yyth.slideshort","韩剧TV-热门高清韩剧短剧视频","短剧/视频",,"36288","0","ADX","16/4/2026 05:19:58"
"com.yyxg.mdzdldq","com.yyxg.mdzdldq",,,"29","0","ADX","16/4/2026 05:19:58"
"com.yyyx.hidehelper","应用隐藏助手",,,"3","0","ADX","16/4/2026 05:19:58"
"com.yyz.bbeenglish","",,,"57","0","ADX","16/4/2026 05:19:58"
"com.yz.mall","com.yz.mall",,,"279","0","ADX","16/4/2026 05:19:58"
"com.yz.mall","原子世界",,,"212","0","ADX","16/4/2026 05:19:58"
"com.zaoya.app","com.zaoya.app",,,"3027","0","ADX","16/4/2026 05:19:58"
"com.zaoya.app","早呀早知",,,"15029","0","ADX","16/4/2026 05:19:58"
"com.zcgps.iot.gps.app.manager","com.zcgps.iot.gps.app.manager","工具",,"3353","0","ADX","16/4/2026 05:19:58"
"com.zcgps.iot.gps.app.manager","欧克物联","工具",,"275103","0","ADX","16/4/2026 05:19:58"
"com.zdevision.mingshiapplication","明视",,,"203","0","ADX","16/4/2026 05:19:58"
"com.zenmen.palmchat","com.zenmen.palmchat","聊天社交",,"45261","0","ADX","16/4/2026 05:19:58"
"com.zenmen.palmchat","连信","聊天社交",,"789216","0","ADX","16/4/2026 05:19:58"
"com.zerone.hidesktop","com.zerone.hidesktop","工具",,"529609","0","ADX","16/4/2026 05:19:58"
"com.zerone.hidesktop","iScreen - Widgets & Themes","工具",,"130","0","ADX","16/4/2026 05:19:58"
"com.zerone.hidesktop","我的桌面 · iScreen","工具",,"701763","0","ADX","16/4/2026 05:19:58"
"com.zeyankuaixuxuanze.cn","com.zeyankuaixuxuanze.cn",,,"433","0","ADX","16/4/2026 05:19:58"
"com.zeyankuaixuxuanze.cn","择颜快序",,,"765","0","ADX","16/4/2026 05:19:58"
"com.zeyankuaixuxuanze.cn","蓝猫乐园",,,"3137","0","ADX","16/4/2026 05:19:58"
"com.zhaisheng.zjzsb","宅省宝",,,"1259","0","ADX","16/4/2026 05:19:58"
"com.zhang.anxing","com.zhang.anxing",,,"2262","0","ADX","16/4/2026 05:19:58"
"com.zhang.anxing","账安行",,,"51654","0","ADX","16/4/2026 05:19:58"
"com.zhangyue.zyireader.dejianfast","com.zhangyue.zyiReader.dejianFast",,,"2730","0","ADX","16/4/2026 05:19:58"
"com.zhangyue.zyireader.dejianfast","得间极速版",,,"5128","0","ADX","16/4/2026 05:19:58"
"com.zhcw.client","com.zhcw.client","彩票/资讯",,"1404","0","ADX","16/4/2026 05:19:58"
"com.zhcx.realtimebus","com.zhcx.realtimebus","旅行交通",,"22","0","ADX","16/4/2026 05:19:58"
"com.zhcx.realtimebus","益阳行","旅行交通",,"2315","0","ADX","16/4/2026 05:19:58"
"com.zhezheko.www","com.zhezheko.www",,,"59","0","ADX","16/4/2026 05:19:58"
"com.zhezheko.www","折折扣",,,"4964","0","ADX","16/4/2026 05:19:58"
"com.zhifoujun.home","知否君-OPPO",,,"362","0","ADX","16/4/2026 05:19:58"
"com.zhihu.vip.android","盐言故事",,,"1309","0","ADX","16/4/2026 05:19:58"
"com.zhihuicx.realtimebus","",,,"1726","0","ADX","16/4/2026 05:19:58"
"com.zhihuicx.realtimebus","com.ZhiHuiCX.RealTimeBus",,,"54","0","ADX","16/4/2026 05:19:58"
"com.zhijiao361.fisher","com.zhijiao361.fisher",,,"256","0","ADX","16/4/2026 05:19:58"
"com.zhijiao361.fisher","职教未来校园",,,"1876","0","ADX","16/4/2026 05:19:58"
"com.zhijun.bookstore","知珺书斋",,,"1880","0","ADX","16/4/2026 05:19:58"
"com.zhiledao.home","知乐岛-小米",,,"2071","0","ADX","16/4/2026 05:19:58"
"com.zhipai.spider.card","com.zhipai.spider.card",,,"11","0","ADX","16/4/2026 05:19:58"
"com.zhipai.spider.card","蜘蛛纸牌接龙",,,"125","0","ADX","16/4/2026 05:19:58"
"com.zhisao.zjzsx","智扫侠",,,"10132","0","ADX","16/4/2026 05:19:58"
"com.zhishang.yxwasher","com.zhishang.yxwasher",,,"2163","0","ADX","16/4/2026 05:19:58"
"com.zhishang.yxwasher","悠洗",,,"28793","0","ADX","16/4/2026 05:19:58"
"com.zhiyou.gou","至优购",,,"11919","0","ADX","16/4/2026 05:19:58"
"com.zhiyu.lin","知语林",,,"35958","0","ADX","16/4/2026 05:19:58"
"com.zhiyu.zjstory","知语故事",,,"208956","0","ADX","16/4/2026 05:19:58"
"com.zhkj.chengywx","诚语万象",,,"366","0","ADX","16/4/2026 05:19:58"
"com.zhkj.hanshif","瀚食坊",,,"6641","0","ADX","16/4/2026 05:19:58"
"com.zhkj.yhbs","优惠捕手",,,"14","0","ADX","16/4/2026 05:19:58"
"com.zidongdianji","com.zidongdianji","实用工具",,"124","0","ADX","16/4/2026 05:19:58"
"com.zidongdianji","自动点击器","实用工具",,"83361","0","ADX","16/4/2026 05:19:58"
"com.ziguhonglan.daodao","com.ziguhonglan.daodao",,,"33","0","ADX","16/4/2026 05:19:58"
"com.ziguhonglan.daodao","叨叨",,,"2343","0","ADX","16/4/2026 05:19:58"
"com.zixi.dsddyt","土豆奇遇记",,,"243","0","ADX","16/4/2026 05:19:58"
"com.zixi.dsddyt","帽子先森奇遇记",,,"216","0","ADX","16/4/2026 05:19:58"
"com.zixi.dsddyt","我在老城区跑酷",,,"247","0","ADX","16/4/2026 05:19:58"
"com.zixi.dsddyt","熊猫探险计划",,,"260","0","ADX","16/4/2026 05:19:58"
"com.zixi.dsddyt","狂飙大卡车",,,"254","0","ADX","16/4/2026 05:19:58"
"com.zixi.dsddyt","看我奇思妙想",,,"245","0","ADX","16/4/2026 05:19:58"
"com.zixi.hdtsly","我在老城区跑酷",,,"5","0","ADX","16/4/2026 05:19:58"
"com.zixi.sstxdzz","土豆奇遇记",,,"393","0","ADX","16/4/2026 05:19:58"
"com.zixi.sstxdzz","帽子先森奇遇记",,,"347","0","ADX","16/4/2026 05:19:58"
"com.zj.zjsg","com.zj.zjsg",,,"46","0","ADX","16/4/2026 05:19:58"
"com.zjmmt.ypt","买卖提",,,"18","0","ADX","16/4/2026 05:19:58"
"com.zjwh.android_wh_physicalfitness","com.zjwh.android_wh_physicalfitness",,,"153","0","ADX","16/4/2026 05:19:58"
"com.zjwh.android_wh_physicalfitness","运动世界",,,"61540","0","ADX","16/4/2026 05:19:58"
"com.zkxtcloud","com.zkxtcloud",,,"17683","0","ADX","16/4/2026 05:19:58"
"com.zkxtcloud","云账本",,,"40487","0","ADX","16/4/2026 05:19:58"
"com.zlfcapp.batterymanager","电池容量检测管理",,,"190","0","ADX","16/4/2026 05:19:58"
"com.zongrui.zongrui","com.zongrui.zongrui",,,"112","0","ADX","16/4/2026 05:19:58"
"com.zongrui.zongrui","纵瑞",,,"89","0","ADX","16/4/2026 05:19:58"
"com.zq.live","撕歌",,,"278","0","ADX","16/4/2026 05:19:58"
"com.zqd.home","智趣岛-OPPO",,,"3","0","ADX","16/4/2026 05:19:58"
"com.zqty.football","com.zqty.football",,,"55","0","ADX","16/4/2026 05:19:58"
"com.zqty.football","掌球体育",,,"1875","0","ADX","16/4/2026 05:19:58"
"com.zswx.app.ft08mn","42-掌上多多8",,,"4769","0","ADX","16/4/2026 05:19:58"
"com.zswx.app.ft08mn","com.zswx.app.ft08mn",,,"175","0","ADX","16/4/2026 05:19:58"
"com.zswx.app.ft09rz","42-掌上多多9",,,"3296","0","ADX","16/4/2026 05:19:58"
"com.zswx.app.ft09rz","com.zswx.app.ft09rz",,,"628","0","ADX","16/4/2026 05:19:58"
"com.zswx.app.ft10ts","42-掌上多多10",,,"39","0","ADX","16/4/2026 05:19:58"
"com.zswx.app.ft10ts","com.zswx.app.ft10ts",,,"814","0","ADX","16/4/2026 05:19:58"
"com.zswx.app.ft12dv","42-掌上多多12",,,"64","0","ADX","16/4/2026 05:19:58"
"com.zswx.app.ft12dv","com.zswx.app.ft12dv",,,"10","0","ADX","16/4/2026 05:19:58"
"com.zswx.app.ft13dv","com.zswx.app.ft13dv",,,"36","0","ADX","16/4/2026 05:19:58"
"com.zswx.app.ft14lg","42-掌上多多14",,,"30","0","ADX","16/4/2026 05:19:58"
"com.zswx.app.ft14lg","com.zswx.app.ft14lg",,,"1915","0","ADX","16/4/2026 05:19:58"
"com.zswx.app.ftsub1","com.zswx.app.ftsub1",,,"29","0","ADX","16/4/2026 05:19:58"
"com.zswx.app.ftsub4","com.zswx.app.ftsub4",,,"49","0","ADX","16/4/2026 05:19:58"
"com.zswx.app.ftsub4","掌上多多新春版",,,"7","0","ADX","16/4/2026 05:19:58"
"com.ztjhuyu.wdgysj.bc","com.ztjhuyu.wdgysj.bc",,,"15","0","ADX","16/4/2026 05:19:58"
"com.zwang.clouds","com.zwang.clouds",,,"153","0","ADX","16/4/2026 05:19:58"
"com.zwang.clouds","微分身术",,,"15638","0","ADX","16/4/2026 05:19:58"
"com.zwsl.home","珍味食录-OPPO",,,"183","0","ADX","16/4/2026 05:19:58"
"com.zwzn.ienjoy","com.zwzn.ienjoy",,,"194","0","ADX","16/4/2026 05:19:58"
"com.zwzn.ienjoy","zwsvibe",,,"25","0","ADX","16/4/2026 05:19:58"
"com.zx.slm","掌上莲峰",,,"809","0","ADX","16/4/2026 05:19:58"
"com.zxl.home","知行录-OPPO",,,"621","0","ADX","16/4/2026 05:19:58"
"com.zy.shuying.shortplay","舒映",,,"712","0","ADX","16/4/2026 05:19:58"
"com.zykj.zhengyouwan","峥游玩",,,"309","0","ADX","16/4/2026 05:19:58"
"com.zzkj.zhizukeji","智慧换电",,,"6098","0","ADX","16/4/2026 05:19:58"
"com.zzw.october","com.zzw.october",,,"2103","0","ADX","16/4/2026 05:19:58"
"com.zzw.october","志愿汇",,,"218449","0","ADX","16/4/2026 05:19:58"
"com.zzw.october","志愿汇新",,,"25636","0","ADX","16/4/2026 05:19:58"
"cow.shiguangjiyuan.com","临界者","模拟经营游戏",,"1041","0","ADX","16/4/2026 05:19:58"
"cow.shiguangjiyuan.com","时光纪元","模拟经营游戏",,"219","0","ADX","16/4/2026 05:19:58"
"danale-com.casin.wucasineye","Danale IoT","智能监控/物联网",,"25647","0","ADX","16/4/2026 05:19:58"
"danale-com.casin.wucasineye","Danale-com.casin.wucasineye","智能监控/物联网",,"1642","0","ADX","16/4/2026 05:19:58"
"danale-com.casin.wucasineye","大拿物联","智能监控/物联网",,"7328","0","ADX","16/4/2026 05:19:58"
"drama.dachuangnanningltd.home","短剧之家",,,"555","0","ADX","16/4/2026 05:19:58"
"emoji.brawl.app","",,,"44","0","ADX","16/4/2026 05:19:58"
"eseenetproj.juanvision.com","EseeCloud","安防监控/物联网",,"120523","0","ADX","16/4/2026 05:19:58"
"eseenetproj.juanvision.com","EseeNetProj.juanvision.com","安防监控/物联网",,"19943","0","ADX","16/4/2026 05:19:58"
"eseenetproj.juanvision.com","易視雲","安防监控/物联网",,"12442","0","ADX","16/4/2026 05:19:58"
"eseenetproj.juanvision.com","易视云","安防监控/物联网",,"1120770","0","ADX","16/4/2026 05:19:58"
"fcw","FcW",,,"3030","0","ADX","16/4/2026 05:19:58"
"findlinked.com.wisdomhealthinter","FindLinked.com.WisdomHealthInter",,,"114546","0","ADX","16/4/2026 05:19:58"
"findlinked.com.wisdomhealthinter","Sunri",,,"422750","0","ADX","16/4/2026 05:19:58"
"gjk.elaike.cc","19-e来客-260122","教育",,"232","0","ADX","16/4/2026 05:19:58"
"gov.pianzong.androidnga","NGA玩家社区","聊天社交",,"336046","0","ADX","16/4/2026 05:19:58"
"gov.pianzong.androidnga","gov.pianzong.androidnga","聊天社交",,"880","0","ADX","16/4/2026 05:19:58"
"greedy.encyclopedia.app","贪想百科",,,"90","0","ADX","16/4/2026 05:19:58"
"heartlat.camera.hsd","heartlat.camera.hsd",,,"32","0","ADX","16/4/2026 05:19:58"
"heartlat.camera.hsd","好视多",,,"962","0","ADX","16/4/2026 05:19:58"
"io.jagat.lite","Jagat","社交通讯/定位",,"6453","0","ADX","16/4/2026 05:19:58"
"io.jagat.lite","Jagat-即时位置共享","社交通讯/定位",,"20254","0","ADX","16/4/2026 05:19:58"
"io.jagat.lite","Jagat果汁","社交通讯/定位",,"91508","0","ADX","16/4/2026 05:19:58"
"io.jagat.lite","io.jagat.lite","社交通讯/定位",,"10442","0","ADX","16/4/2026 05:19:58"
"io.jijian.app","阅读",,,"312","0","ADX","16/4/2026 05:19:58"
"io.kuaicheng.ktjk","",,,"86","0","ADX","16/4/2026 05:19:58"
"io.kuaicheng.ktjk","io.kuaicheng.ktjk",,,"2028","0","ADX","16/4/2026 05:19:58"
"io.kuaicheng.ktjk","快通驾考",,,"22452","0","ADX","16/4/2026 05:19:58"
"io.topspeed.scanmanager","io.topspeed.scanmanager",,,"20","0","ADX","16/4/2026 05:19:58"
"io.xiaoya.app","",,,"138","0","ADX","16/4/2026 05:19:58"
"kuaiwen.jyhc.js","kuaiwen.jyhc.js",,,"86","0","ADX","16/4/2026 05:19:58"
"kuaiwen.jyhc.js","快闻极速版",,,"17797","0","ADX","16/4/2026 05:19:58"
"l427.zhaorui.com","CONRING",,,"67946","0","ADX","16/4/2026 05:19:58"
"l427.zhaorui.com","CareViewerProInternational",,,"2916","0","ADX","16/4/2026 05:19:58"
"l427.zhaorui.com","L427.zhaorui.com",,,"5396","0","ADX","16/4/2026 05:19:58"
"letarrow.qtimes","Letarrow.QTimes",,,"61257","0","ADX","16/4/2026 05:19:58"
"letarrow.qtimes","新球体育",,,"250141","0","ADX","16/4/2026 05:19:58"
"letarrow.qtimes","新球体育iOS.",,,"60","0","ADX","16/4/2026 05:19:58"
"letarrow.qtimes","篮箭体育",,,"4","0","ADX","16/4/2026 05:19:58"
"lock.open.com.openlock","lock.open.com.openlock","居家生活",,"317","0","ADX","16/4/2026 05:19:58"
"master.lb-dj.com","master.lb-dj.com",,,"154","0","ADX","16/4/2026 05:19:58"
"master.lb-dj.com","鲁班到家师傅版-接单赚钱",,,"29","0","ADX","16/4/2026 05:19:58"
"mazegong.waters","mazegong.Waters",,,"4334","0","ADX","16/4/2026 05:19:58"
"me.iweek.calendar","me.iweek.calendar",,,"972","0","ADX","16/4/2026 05:19:58"
"meicheng.kingcastscreenapp.com","meicheng.kingcastscreenapp.com",,,"656","0","ADX","16/4/2026 05:19:58"
"meicheng.kingcastscreenapp.com","爱投屏",,,"5219","0","ADX","16/4/2026 05:19:58"
"metropoles.com","Metropoles.com",,,"3956","0","ADX","16/4/2026 05:19:58"
"metropoles.com","Metro大都会",,,"2768","0","ADX","16/4/2026 05:19:58"
"net.ajcloud.tscloud","TSCloud","视频监控|定位追踪",,"1090","0","ADX","16/4/2026 05:19:58"
"net.ajcloud.tscloud","net.ajcloud.tscloud","视频监控|定位追踪",,"59","0","ADX","16/4/2026 05:19:58"
"net.ali213.yx","net.ali213.YX",,,"37","0","ADX","16/4/2026 05:19:58"
"net.alioth.appdl","net.alioth.appDL",,,"271","0","ADX","16/4/2026 05:19:58"
"net.alioth.appdl","学起Plus",,,"8767","0","ADX","16/4/2026 05:19:58"
"net.cnmrh.mrhsh","",,,"35","0","ADX","16/4/2026 05:19:58"
"net.colorfulclouds.app.pro","net.colorfulclouds.app.pro",,,"598","0","ADX","16/4/2026 05:19:58"
"net.csdn.csdnplus","CSDN","聊天社交",,"11300","0","ADX","16/4/2026 05:19:58"
"net.csdn.csdnplus","net.csdn.CsdnPlus","聊天社交",,"1299","0","ADX","16/4/2026 05:19:58"
"net.csdn.csdnplus","net.csdn.csdnplus","聊天社交",,"394","0","ADX","16/4/2026 05:19:58"
"net.duohuo.magapp.loveshang","张家港爱上网",,,"11267","0","ADX","16/4/2026 05:19:58"
"net.hpoi","net.hpoi",,,"77","0","ADX","16/4/2026 05:19:58"
"net.huanci.hsjpro","net.huanci.hsjpro","实用工具",,"516","0","ADX","16/4/2026 05:19:58"
"net.huanci.hsjpro","画世界-Pro","实用工具",,"167638","0","ADX","16/4/2026 05:19:58"
"net.huanci.hsjpro","画世界Pro","实用工具",,"310675","0","ADX","16/4/2026 05:19:58"
"net.huanci.huashijie","","小说/阅读",,"11338","0","ADX","16/4/2026 05:19:58"
"net.huanci.huashijie","net.huanci.huashijie","小说/阅读",,"15580","0","ADX","16/4/2026 05:19:58"
"net.huanci.huashijie","画世界","小说/阅读",,"358031","0","ADX","16/4/2026 05:19:58"
"net.huanci.huashijie","画世界-ios","小说/阅读",,"70","0","ADX","16/4/2026 05:19:58"
"net.ishare20.emojisticker","Emoji表情贴图","摄影摄像",,"149","0","ADX","16/4/2026 05:19:58"
"net.kfw.kfwknight","快服务骑士版",,,"504","0","ADX","16/4/2026 05:19:58"
"net.pandapaint.draw","net.pandapaint.draw",,,"103","0","ADX","16/4/2026 05:19:58"
"net.pandapaint.draw","熊猫绘画",,,"1430","0","ADX","16/4/2026 05:19:58"
"org.binguo.gifalbum","org.binguo.GifAlbum",,,"109","0","ADX","16/4/2026 05:19:58"
"org.binguo.gifmaker","org.binguo.GifMaker",,,"546","0","ADX","16/4/2026 05:19:58"
"org.binguo.pcbrowser","org.binguo.PCBrowser",,,"9105","0","ADX","16/4/2026 05:19:58"
"org.binguo.xiazaibrowser","org.binguo.XiazaiBrowser",,,"549","0","ADX","16/4/2026 05:19:58"
"org.qingzhou.cn.sportshow","org.qingzhou.cn.sportshow",,,"134","0","ADX","16/4/2026 05:19:58"
"org.qingzhou.cn.sportshow","运动高手秀",,,"12652","0","ADX","16/4/2026 05:19:58"
"pinkdiary.xiaoxiaotu.com","粉粉日记",,,"1447","0","ADX","16/4/2026 05:19:58"
"predictor.calendar","predictor.calendar",,,"19","0","ADX","16/4/2026 05:19:58"
"predictor.calendar","吉历万年历",,,"106","0","ADX","16/4/2026 05:19:58"
"predictor.namer","宝宝起名取名",,,"21","0","ADX","16/4/2026 05:19:58"
"predictor.ui","predictor.ui",,,"52","0","ADX","16/4/2026 05:19:58"
"predictor.ui","灵占星座解梦",,,"521","0","ADX","16/4/2026 05:19:58"
"predictor.xcomplexfate","灵占星座",,,"5979","0","ADX","16/4/2026 05:19:58"
"quwen.lfeng.app","quwen.lfeng.app","新闻资讯",,"77","0","ADX","16/4/2026 05:19:58"
"quwen.lfeng.app","趣闻极速版","新闻资讯",,"4032","0","ADX","16/4/2026 05:19:58"
"raki.lifelog","raki.lifelog",,,"4","0","ADX","16/4/2026 05:19:58"
"readingsound.reading","学语者-IOS",,,"27","0","ADX","16/4/2026 05:19:58"
"sanmiao.dtkj.kuaixun","sanmiao.dtkj.kuaixun",,,"50","0","ADX","16/4/2026 05:19:58"
"sanmiao.dtkj.kuaixun","三秒快讯极速版",,,"2381","0","ADX","16/4/2026 05:19:58"
"skin.happyshow.gxqh","哈皮秀",,,"62811","0","ADX","16/4/2026 05:19:58"
"tech.abean.wardrobe","tech.abean.wardrobe",,,"18187","0","ADX","16/4/2026 05:19:58"
"tech.chuangmeng.bottle","tech.chuangmeng.bottle",,,"641","0","ADX","16/4/2026 05:19:58"
"tech.chuangmeng.bottle","寻梦漂流瓶",,,"20968","0","ADX","16/4/2026 05:19:58"
"tech.chuangmeng.bottle","寻梦漂流瓶-成人社交聊天软件文聊",,,"211","0","ADX","16/4/2026 05:19:58"
"tian.tian.cai.ge","tian.tian.cai.ge",,,"93332","0","ADX","16/4/2026 05:19:58"
"tiger.ringtonesdiy","Tiger.RingTonesDIY",,,"1495","0","ADX","16/4/2026 05:19:58"
"today.jyhcapp.news","today.jyhcapp.news",,,"34","0","ADX","16/4/2026 05:19:58"
"today.jyhcapp.news","每日快讯极速版",,,"1019","0","ADX","16/4/2026 05:19:58"
"top.codeffect.mua","Mua","情侣互动",,"60","0","ADX","16/4/2026 05:19:58"
"top.codeffect.mua","top.codeffect.mua","情侣互动",,"3960","0","ADX","16/4/2026 05:19:58"
"top.lezhongyl.lzjx","top.lezhongyl.lzjx",,,"5","0","ADX","16/4/2026 05:19:58"
"top.lezhongyl.lzjx","乐众精选",,,"1921","0","ADX","16/4/2026 05:19:58"
"top.myhj.jhym","top.myhj.jhym",,,"58","0","ADX","16/4/2026 05:19:58"
"top.pixeldance.blehelper","BLE蓝牙助手",,,"82","0","ADX","16/4/2026 05:19:58"
"top.pixeldance.spptool","SPP蓝牙串口",,,"17","0","ADX","16/4/2026 05:19:58"
"top.szhsbwc.app","top.szhsbwc.app","其他",,"556","0","ADX","16/4/2026 05:19:58"
"top.szhsbwc.app","灰太狼霸王餐","其他",,"9990","0","ADX","16/4/2026 05:19:58"
"top.szhsbwc.app","鸿食灰太狼","其他",,"772","0","ADX","16/4/2026 05:19:58"
"top.ydpt.tpdy","top.ydpt.tpdy",,,"9","0","ADX","16/4/2026 05:19:58"
"top.zwhd.zwq","top.zwhd.zwq","影音娱乐/工具",,"91","0","ADX","16/4/2026 05:19:58"
"top.zwhd.zwq","智玩秋","影音娱乐/工具",,"246","0","ADX","16/4/2026 05:19:58"
"tuoyan.com.xinghuo_daying","tuoyan.com.xinghuo_daying",,,"3","0","ADX","16/4/2026 05:19:58"
"tuoyan.com.xinghuo_daying","星火英语",,,"1537","0","ADX","16/4/2026 05:19:58"
"uni.app.uni9833208","每日跑步记录GO","社交",,"250","0","ADX","16/4/2026 05:19:58"
"uni.app.uniafb817d","悠品汇",,,"136","0","ADX","16/4/2026 05:19:58"
"uni.app.unib751008","uni.app.UNIB751008",,,"7","0","ADX","16/4/2026 05:19:58"
"uni.app.unib751008","海鱼生活",,,"3124","0","ADX","16/4/2026 05:19:58"
"uni.uni01692ae","剧在",,,"1097","0","ADX","16/4/2026 05:19:58"
"uni.uni1bb907b","快鸭驾考","驾考培训",,"473","0","ADX","16/4/2026 05:19:58"
"uni.uni25a9d80","PiCat",,,"60","0","ADX","16/4/2026 05:19:58"
"uni.uni25a9d80","派猫商城",,,"15","0","ADX","16/4/2026 05:19:58"
"uni.uni3791014","uni.UNI3791014","实用工具",,"6","0","ADX","16/4/2026 05:19:58"
"uni.uni3791014","楚盒","实用工具",,"1240","0","ADX","16/4/2026 05:19:58"
"uni.uni6bc5540","先锋营地",,,"475","0","ADX","16/4/2026 05:19:58"
"uni.uni7279802","车载宝库自撸版",,,"2","0","ADX","16/4/2026 05:19:58"
"uni.uni9809ab0","天天有分红",,,"139","0","ADX","16/4/2026 05:19:58"
"uni.unia6e0499","爬宠圈Pro",,,"1717","0","ADX","16/4/2026 05:19:58"
"uni.uniac7abd3","caffapp",,,"9","0","ADX","16/4/2026 05:19:58"
"uni.unieb2bc5b","艾兴优选",,,"27","0","ADX","16/4/2026 05:19:58"
"uni.uniec8cc44","众邦",,,"8","0","ADX","16/4/2026 05:19:58"
"uni.yiwan.miaoxinhao","uni.yiwan.miaoxinhao","社交",,"19","0","ADX","16/4/2026 05:19:58"
"uni.yiwan.miaoxinhao","喵信号","社交",,"16337","0","ADX","16/4/2026 05:19:58"
"uni.yiwan.miaoxinhao","喵信号-安卓","社交",,"266","0","ADX","16/4/2026 05:19:58"
"uni.zzshop","正转仓",,,"94","0","ADX","16/4/2026 05:19:58"
"uni.zzshop","正转仓-安卓",,,"130","0","ADX","16/4/2026 05:19:58"
"vip.hicool.app","hi酷",,,"166","0","ADX","16/4/2026 05:19:58"
"vip.qingdou.qingdou","vip.qingdou.qingdou",,,"3487","0","ADX","16/4/2026 05:19:58"
"vip.qingdou.qingdou","轻抖",,,"68515","0","ADX","16/4/2026 05:19:58"
"vstc.szyzx.client","NetIPC",,,"67","0","ADX","16/4/2026 05:19:58"
"waquyouxuan.com","waquyouxuan.com",,,"38","0","ADX","16/4/2026 05:19:58"
"waquyouxuan.com","匠心忠华",,,"804","0","ADX","16/4/2026 05:19:58"
"wuyuxuechestudent.com","wuyuxuecheStudent.com",,,"46384","0","ADX","16/4/2026 05:19:58"
"wuyuxuechestudent.com","远方学车",,,"994","0","ADX","16/4/2026 05:19:58"
"xixiwenda.com","xixiwenda.com",,,"74","0","ADX","16/4/2026 05:19:58"
"xixiwenda.com","汐汐问答",,,"35839","0","ADX","16/4/2026 05:19:58"
"xyz.mercs.guzhengtuner","xyz.mercs.guzhengtuner",,,"7","0","ADX","16/4/2026 05:19:58"
"yihb.nursingcareproject","陪护管理端",,,"8","0","ADX","16/4/2026 05:19:58"
"yx.c520.xyz","健行校园",,,"1446","0","ADX","16/4/2026 05:19:58"
"zoobii.neu.zoobiionline","物联查询",,,"2","0","ADX","16/4/2026 05:19:58"
"android.zhibo8","android.zhibo8",,,"8","0","ADX","16/4/2026 05:20:02"
"animal.flies.has.face.c","animal.flies.has.face.c",,,"1","0","ADX","16/4/2026 05:20:02"
"app.cqxscyk","创业库",,,"1","0","ADX","16/4/2026 05:20:02"
"cc.kinva.smartqa","cc.kinva.smartqa",,,"5","0","ADX","16/4/2026 05:20:02"
"cn.wangxiao.jjsyoutiku","cn.wangxiao.jjsyoutiku",,,"1","0","ADX","16/4/2026 05:20:02"
"cn.zepeto.main","cn.zepeto.main",,,"1","0","ADX","16/4/2026 05:20:02"
"cn.zjbbx.xbbjz","cn.zjbbx.xbbjz",,,"2","0","ADX","16/4/2026 05:20:02"
"com.2345.kingweather","2345天气王",,,"6","0","ADX","16/4/2026 05:20:02"
"com.agtk.ehjb","小金牛游盒",,,"3","0","ADX","16/4/2026 05:20:02"
"com.asdf.life","com.asdf.life",,,"1","0","ADX","16/4/2026 05:20:02"
"com.bating.bfsgb","土豆奇遇记",,,"1","0","ADX","16/4/2026 05:20:02"
"com.bating.bfsgb","狂飙大卡车",,,"2","0","ADX","16/4/2026 05:20:02"
"com.bestrie.aa","com.bestrie.aa",,,"8","0","ADX","16/4/2026 05:20:02"
"com.bet007.mobile.new007","%E7%90%83%E6%8E%A2%E8%B6%B3%E7%90%83",,,"1","0","ADX","16/4/2026 05:20:02"
"com.bz.jzapp","com.bz.jzapp",,,"1","0","ADX","16/4/2026 05:20:02"
"com.cdxzy.gjssdw","com.cdxzy.gjssdw",,,"1","0","ADX","16/4/2026 05:20:02"
"com.changchong.bao","com.changchong.bao",,,"1","0","ADX","16/4/2026 05:20:02"
"com.com.asd","com.com.asd",,,"1","0","ADX","16/4/2026 05:20:02"
"com.cxywl.zwanswer","追文答题",,,"3","0","ADX","16/4/2026 05:20:02"
"com.czbys.gfb9","com.czbys.gfb9",,,"1","0","ADX","16/4/2026 05:20:02"
"com.ddwx.family","com.ddwx.family",,,"1","0","ADX","16/4/2026 05:20:02"
"com.dongyu.movies","com.dongyu.movies","影音播放",,"4","0","ADX","16/4/2026 05:20:02"
"com.duoduo.xxxmao.woxf","com.duoduo.xxxmao.woxf",,,"1","0","ADX","16/4/2026 05:20:02"
"com.fjxm.tlhxx","莛麓好学习",,,"6","0","ADX","16/4/2026 05:20:02"
"com.fjxm.wnl","萭年梨",,,"2476","0","ADX","16/4/2026 05:20:02"
"com.fread.interestingnovel","com.fread.interestingnovel",,,"1","0","ADX","16/4/2026 05:20:02"
"com.freeme.secureguard",,,,"5","0","ADX","16/4/2026 05:20:02"
"com.futurefleet.pandahaining","com.futurefleet.PandaHaiNing",,,"1","0","ADX","16/4/2026 05:20:02"
"com.fzfunplaytec.lovestrugglefinancialwin","com.fzfunplaytec.lovestrugglefinancialwin",,,"1","0","ADX","16/4/2026 05:20:02"
"com.gp.car1.ios","com.gp.car1.ios",,,"2","0","ADX","16/4/2026 05:20:02"
"com.gp.tankbrawl.ios","com.gp.TankBrawl.ios",,,"2","0","ADX","16/4/2026 05:20:02"
"com.groundsoft.puzzle",,,,"93","0","ADX","16/4/2026 05:20:02"
"com.gzbnn.vv.zyjzs.ht","com.gzbnn.vv.zyjzs.ht",,,"1","0","ADX","16/4/2026 05:20:02"
"com.hankaya.mika","com.hankaya.mika",,,"1","0","ADX","16/4/2026 05:20:02"
"com.haokanya.kalumi","com.haokanya.kalumi","信息查询",,"1","0","ADX","16/4/2026 05:20:02"
"com.happyelements.androidanimal.qq","com.happyelements.AndroidAnimal.qq",,,"1","0","ADX","16/4/2026 05:20:02"
"com.henankexin","com.henankexin",,,"3","0","ADX","16/4/2026 05:20:02"
"com.hihonor.hiboard","Android-荣耀联盟",,,"13","0","ADX","16/4/2026 05:20:02"
"com.hm.hmysct","com.hm.hmysct",,,"1","0","ADX","16/4/2026 05:20:02"
"com.horse.browser","com.horse.browser",,,"1","0","ADX","16/4/2026 05:20:02"
"com.huiyun.care.viewerpro","com.huiyun.care.viewerpro",,,"4","0","ADX","16/4/2026 05:20:02"
"com.inq.zzw.wnxb","com.inq.zzw.wnxb",,,"2","0","ADX","16/4/2026 05:20:02"
"com.ioslgm.64488","创悠社区",,,"1","0","ADX","16/4/2026 05:20:02"
"com.ipc360","com.ipc360",,,"1","0","ADX","16/4/2026 05:20:02"
"com.ipcom.ims.zjdr","com.ipcom.ims.zjdr",,,"1","0","ADX","16/4/2026 05:20:02"
"com.ispeed.mobileirdc","布卡云电脑",,,"1","0","ADX","16/4/2026 05:20:02"
"com.iwawoo.shootingstrikercn","com.iwawoo.shootingstrikercn",,,"1","0","ADX","16/4/2026 05:20:02"
"com.jhyan.yan","com.jhyan.yan",,,"4","0","ADX","16/4/2026 05:20:02"
"com.jiewang.ztbz.b6538e74aba904f24bee7e4113f32c374","com.jiewang.ztbz.b6538e74aba904f24bee7e4113f32c374",,,"3","0","ADX","16/4/2026 05:20:02"
"com.jiewang.ztbz.b65daea3b6cc44c388c0c1a8f9b14a806","com.jiewang.ztbz.b65daea3b6cc44c388c0c1a8f9b14a806",,,"1","0","ADX","16/4/2026 05:20:02"
"com.jiewang.ztbz.d4e8360099e51492995e17bc5e56701c6","com.jiewang.ztbz.d4e8360099e51492995e17bc5e56701c6",,,"2","0","ADX","16/4/2026 05:20:02"
"com.jiewang.ztbz.d9ce7478d3d0a48359bb5641ccf49c2a6","com.jiewang.ztbz.d9ce7478d3d0a48359bb5641ccf49c2a6",,,"3","0","ADX","16/4/2026 05:20:02"
"com.jiewang.ztbz.db975de9ad6634bff9745da1df8173bb8","com.jiewang.ztbz.db975de9ad6634bff9745da1df8173bb8",,,"1","0","ADX","16/4/2026 05:20:02"
"com.jiewang.ztbz.e0cbaa79c5905467f8f58aaa5350607ae","com.jiewang.ztbz.e0cbaa79c5905467f8f58aaa5350607ae",,,"2","0","ADX","16/4/2026 05:20:02"
"com.jiewang.ztbz.eb29d4a09ac6f45a3baf62579684d46f1","com.jiewang.ztbz.eb29d4a09ac6f45a3baf62579684d46f1",,,"1","0","ADX","16/4/2026 05:20:02"
"com.jiewang.ztbz.ed4527cc98a8842a3a3ff5ad9d70d0a25","com.jiewang.ztbz.ed4527cc98a8842a3a3ff5ad9d70d0a25",,,"1","0","ADX","16/4/2026 05:20:02"
"com.jiewang.ztbz.h71064bec9d0c4e3d8c6549c18778ac52","com.jiewang.ztbz.h71064bec9d0c4e3d8c6549c18778ac52",,,"1","0","ADX","16/4/2026 05:20:02"
"com.jiewang.ztbz.i1adae64b690a499ca9e2a8ac4993e1ce","com.jiewang.ztbz.i1adae64b690a499ca9e2a8ac4993e1ce",,,"3","0","ADX","16/4/2026 05:20:02"
"com.jiewang.ztbz.lb66d694bd6d7410da47f759dae1dd353","com.jiewang.ztbz.lb66d694bd6d7410da47f759dae1dd353",,,"1","0","ADX","16/4/2026 05:20:02"
"com.jiewang.ztbz.m26477e1a295f486ca0ad742ab530c78c","com.jiewang.ztbz.m26477e1a295f486ca0ad742ab530c78c",,,"1","0","ADX","16/4/2026 05:20:02"
"com.jiewang.ztbz.oc58d0516a7c642dba7273bdab1fabe5b","com.jiewang.ztbz.oc58d0516a7c642dba7273bdab1fabe5b",,,"3","0","ADX","16/4/2026 05:20:02"
"com.jiewang.ztbz.p40750c6321ee4916b753322e282effb9","com.jiewang.ztbz.p40750c6321ee4916b753322e282effb9",,,"1","0","ADX","16/4/2026 05:20:02"
"com.jiewang.ztbz.rcce9b77fc5a148e0bcdc87d3d4f1b670","com.jiewang.ztbz.rcce9b77fc5a148e0bcdc87d3d4f1b670",,,"1","0","ADX","16/4/2026 05:20:02"
"com.jiewang.ztbz.s22753b72b5c844538a6d7c11e831d570","com.jiewang.ztbz.s22753b72b5c844538a6d7c11e831d570",,,"1","0","ADX","16/4/2026 05:20:02"
"com.jiewang.ztbz.s9aeeb5cdfca74ddea233e13236f6609e","com.jiewang.ztbz.s9aeeb5cdfca74ddea233e13236f6609e",,,"1","0","ADX","16/4/2026 05:20:02"
"com.jiewang.ztbz.t9d99b96f35854dc99ffc303c199d0c21","com.jiewang.ztbz.t9d99b96f35854dc99ffc303c199d0c21",,,"1","0","ADX","16/4/2026 05:20:02"
"com.jiewang.ztbz.u2a6296c0bf2640f9a0e4adcf338d24e5","com.jiewang.ztbz.u2a6296c0bf2640f9a0e4adcf338d24e5",,,"1","0","ADX","16/4/2026 05:20:02"
"com.jiewang.ztbz.u8b9bc24d02fe4079b49c5818b6f64763","com.jiewang.ztbz.u8b9bc24d02fe4079b49c5818b6f64763",,,"1","0","ADX","16/4/2026 05:20:02"
"com.jiewang.ztbz.ve7f973549edf46ec9a7b6c34d3c5f227","com.jiewang.ztbz.ve7f973549edf46ec9a7b6c34d3c5f227",,,"1","0","ADX","16/4/2026 05:20:02"
"com.jiewang.ztbz.w04e0d962844c4d42856d5e191bfda99e","com.jiewang.ztbz.w04e0d962844c4d42856d5e191bfda99e",,,"1","0","ADX","16/4/2026 05:20:02"
"com.jiewang.ztbz.yb16671f6a0e3498caab61ff9673c6d79","com.jiewang.ztbz.yb16671f6a0e3498caab61ff9673c6d79",,,"1","0","ADX","16/4/2026 05:20:02"
"com.jiewang.ztbz.yc9353286c9224b4ea2f860f14356b789","com.jiewang.ztbz.yc9353286c9224b4ea2f860f14356b789",,,"1","0","ADX","16/4/2026 05:20:02"
"com.jiewang.ztbz.z3eea514bcb364544bcdce4cac0bfbbfe","com.jiewang.ztbz.z3eea514bcb364544bcdce4cac0bfbbfe",,,"1","0","ADX","16/4/2026 05:20:02"
"com.jiewang.ztbz.zca8092324a044b17ae6ecb006e280267","com.jiewang.ztbz.zca8092324a044b17ae6ecb006e280267",,,"2","0","ADX","16/4/2026 05:20:02"
"com.jingyouyoujyy.mjyx","景游游",,,"1","0","ADX","16/4/2026 05:20:02"
"com.jingzhixing.fj.b42da7588951a4bbeb4d55375743b832e","com.jingzhixing.fj.b42da7588951a4bbeb4d55375743b832e",,,"2","0","ADX","16/4/2026 05:20:02"
"com.jingzhixing.fj.g77eea1d0a4644c1c855768deb34f4cbc","com.jingzhixing.fj.g77eea1d0a4644c1c855768deb34f4cbc",,,"1","0","ADX","16/4/2026 05:20:02"
"com.jingzhixing.fj.n5f6e084c62a44dcca8186c1d3d71d9fc","com.jingzhixing.fj.n5f6e084c62a44dcca8186c1d3d71d9fc",,,"1","0","ADX","16/4/2026 05:20:02"
"com.jkwl.image.conversion","com.jkwl.image.conversion",,,"1","0","ADX","16/4/2026 05:20:02"
"com.kaiyu.guangying","com.kaiyu.guangying",,,"1","0","ADX","16/4/2026 05:20:02"
"com.kjvdavdg.cvahhz","com.kjvdavdg.cvahhz",,,"5","0","ADX","16/4/2026 05:20:02"
"com.kmxs.readet","七猫免费小说",,,"1","0","ADX","16/4/2026 05:20:02"
"com.laicam.cloud","com.laicam.cloud","其他",,"2","0","ADX","16/4/2026 05:20:02"
"com.lanlanys.app","com.lanlanys.app","社交/语音聊天",,"10","0","ADX","16/4/2026 05:20:02"
"com.lbrc.periodcalendar","com.lbrc.PeriodCalendar",,,"1","0","ADX","16/4/2026 05:20:02"
"com.leisu.sports恒恒恒恒","恒",,,"1","0","ADX","16/4/2026 05:20:02"
"com.lenchi.cykp","帽子先森奇遇记",,,"1","0","ADX","16/4/2026 05:20:02"
"com.lenchi.cykp","狂飙大卡车",,,"2","0","ADX","16/4/2026 05:20:02"
"com.lenchi.cykp","看我奇思妙想",,,"2","0","ADX","16/4/2026 05:20:02"
"com.letaotao.home","com.letaotao.home",,,"1","0","ADX","16/4/2026 05:20:02"
"com.lg.youbao.two","com.lg.youbao.two","游戏工具",,"2","0","ADX","16/4/2026 05:20:02"
"com.liantuo.xiaojingling.newsi","com.liantuo.xiaojingling.newsi",,,"2","0","ADX","16/4/2026 05:20:02"
"com.life.alarm","com.life.alarm",,,"3","0","ADX","16/4/2026 05:20:02"
"com.mapo.shortplay","com.mapo.shortplay",,,"6","0","ADX","16/4/2026 05:20:02"
"com.mating.jztq.j664a35624da543e2b8d413d8cad511b3","com.mating.jztq.j664a35624da543e2b8d413d8cad511b3",,,"1","0","ADX","16/4/2026 05:20:02"
"com.mating.jztq.n458983b2510d492286b889a712e34c41","com.mating.jztq.n458983b2510d492286b889a712e34c41",,,"1","0","ADX","16/4/2026 05:20:02"
"com.mating.jztq.o95563ead9010440aa1bfb46886f03b94","com.mating.jztq.o95563ead9010440aa1bfb46886f03b94",,,"3","0","ADX","16/4/2026 05:20:02"
"com.mating.jztq.rda7a5c4f7ef64260a91aad6a532faa2b","com.mating.jztq.rda7a5c4f7ef64260a91aad6a532faa2b",,,"2","0","ADX","16/4/2026 05:20:02"
"com.mating.jztq.vded46cdb9c7c4cef8f1173b39486d8bd","com.mating.jztq.vded46cdb9c7c4cef8f1173b39486d8bd",,,"1","0","ADX","16/4/2026 05:20:02"
"com.mating.jztq.wef5e855d80794c2c8b2a3562818266ff","com.mating.jztq.wef5e855d80794c2c8b2a3562818266ff",,,"1","0","ADX","16/4/2026 05:20:02"
"com.mating.sygj.b73864ce72c1c4035a906abf6475e4962","com.mating.sygj.b73864ce72c1c4035a906abf6475e4962",,,"1","0","ADX","16/4/2026 05:20:02"
"com.mating.sygj.d246f220d27d44e99a92d63fe22c32ac3","com.mating.sygj.d246f220d27d44e99a92d63fe22c32ac3",,,"1","0","ADX","16/4/2026 05:20:02"
"com.mating.sygj.e44cf3cd6f5ad4d7bbdc29c8db127e217","com.mating.sygj.e44cf3cd6f5ad4d7bbdc29c8db127e217",,,"1","0","ADX","16/4/2026 05:20:02"
"com.mating.sygj.md8484661d957413aa087a96824c39207","com.mating.sygj.md8484661d957413aa087a96824c39207",,,"1","0","ADX","16/4/2026 05:20:02"
"com.mating.sygj.o1ad59e6fd1084bd8ba88417a902f382a","com.mating.sygj.o1ad59e6fd1084bd8ba88417a902f382a",,,"1","0","ADX","16/4/2026 05:20:02"
"com.mating.sygj.seafb158146e042a1b5349223c929d188","com.mating.sygj.seafb158146e042a1b5349223c929d188",,,"1","0","ADX","16/4/2026 05:20:02"
"com.mating.sygj.tfc2e90ab97ea4e9faab05b1c49a65bee","com.mating.sygj.tfc2e90ab97ea4e9faab05b1c49a65bee",,,"1","0","ADX","16/4/2026 05:20:02"
"com.mating.sygj.webb175f9acea4d058ad3bfcee3080e01","com.mating.sygj.webb175f9acea4d058ad3bfcee3080e01",,,"1","0","ADX","16/4/2026 05:20:02"
"com.meirili.momeiqing1","com.meirili.momeiqing1",,,"81","0","ADX","16/4/2026 05:20:02"
"com.mnfouryunyan.camera","com.mnfouryunyan.camera",,,"20","0","ADX","16/4/2026 05:20:02"
"com.mnwl.babyfinger","com.mnwl.babyfinger",,,"1","0","ADX","16/4/2026 05:20:02"
"com.mtllk","com.mtllk",,,"4","0","ADX","16/4/2026 05:20:02"
"com.navovo.mockmap","模拟定位地图",,,"1","0","ADX","16/4/2026 05:20:02"
"com.net.alarmclock","玩闹","实用工具",,"2","0","ADX","16/4/2026 05:20:02"
"com.ntyy.clear.kyushu","com.ntyy.clear.kyushu",,,"1","0","ADX","16/4/2026 05:20:02"
"com.ntyy.wifi.dingdong","com.ntyy.wifi.dingdong",,,"1","0","ADX","16/4/2026 05:20:02"
"com.pdragon.junqi","com.pdragon.junqi",,,"2","0","ADX","16/4/2026 05:20:02"
"com.pggcn.pggvideo","拍呱呱",,,"1","0","ADX","16/4/2026 05:20:02"
"com.pointercn.smarthouse","智之屋",,,"1","0","ADX","16/4/2026 05:20:02"
"com.ppbp","com.ppbp",,,"1","0","ADX","16/4/2026 05:20:02"
"com.pr.scuritycenter","com.pr.scuritycenter","安全",,"1","0","ADX","16/4/2026 05:20:02"
"com.qg","com.qg",,,"1","0","ADX","16/4/2026 05:20:02"
"com.qianshun.sdgjz","快上车",,,"1","0","ADX","16/4/2026 05:20:02"
"com.qunbai.shortplay","com.qunbai.shortplay","短视频",,"2","0","ADX","16/4/2026 05:20:02"
"com.qw.catsgame","com.qw.catsgame",,,"1","0","ADX","16/4/2026 05:20:02"
"com.redenvelope.zunniu","com.redenvelope.zunniu",,,"2","0","ADX","16/4/2026 05:20:02"
"com.rhachi.tomou","",,,"1","0","ADX","16/4/2026 05:20:02"
"com.ry.mfqlk","com.ry.mfqlk",,,"1","0","ADX","16/4/2026 05:20:02"
"com.sainti.eduread","com.sainti.eduread",,,"1","0","ADX","16/4/2026 05:20:02"
"com.sevenvideo.app.android","com.sevenVideo.app.android","综合视频",,"1","0","ADX","16/4/2026 05:20:02"
"com.sguard.camera","com.sguard.camera","其他",,"8","0","ADX","16/4/2026 05:20:02"
"com.shqhy.hywf","com.shqhy.hywf",,,"1","0","ADX","16/4/2026 05:20:02"
"com.shtj.quwan.one","com.shtj.quwan.one","游戏",,"1","0","ADX","16/4/2026 05:20:02"
"com.shtj.xiuqu.three","com.shtj.xiuqu.three","游戏",,"3","0","ADX","16/4/2026 05:20:02"
"com.shuhai.asdlkjfnkasd","com.shuhai.asdlkjfnkasd",,,"2","0","ADX","16/4/2026 05:20:02"
"com.shulu.ntgf.d4ed4ddffd7a844ff8a47f80580e0135a","com.shulu.ntgf.d4ed4ddffd7a844ff8a47f80580e0135a",,,"1","0","ADX","16/4/2026 05:20:02"
"com.shulu.ntgf.e2ffb8956afc745c7bdf5770b040be6ca","com.shulu.ntgf.e2ffb8956afc745c7bdf5770b040be6ca",,,"1","0","ADX","16/4/2026 05:20:02"
"com.shulu.ntgf.ib6b818d1d411418fb26f215055f9a092","com.shulu.ntgf.ib6b818d1d411418fb26f215055f9a092",,,"2","0","ADX","16/4/2026 05:20:02"
"com.shulu.ntgf.j2d1f3ecd67714a3bac10c6e90ba52368","com.shulu.ntgf.j2d1f3ecd67714a3bac10c6e90ba52368",,,"1","0","ADX","16/4/2026 05:20:02"
"com.shulu.ntgf.n35021f65c42f47258f97bb04f93c0a2c","com.shulu.ntgf.n35021f65c42f47258f97bb04f93c0a2c",,,"2","0","ADX","16/4/2026 05:20:02"
"com.shulu.ntgf.s7cf60b0180c240209ac645a5572ad04d","com.shulu.ntgf.s7cf60b0180c240209ac645a5572ad04d",,,"1","0","ADX","16/4/2026 05:20:02"
"com.shulu.ntgf.sc5ec292a51a14f75900990ca3fca2aba","com.shulu.ntgf.sc5ec292a51a14f75900990ca3fca2aba",,,"1","0","ADX","16/4/2026 05:20:02"
"com.shulu.ntgf.y113f01aeaba64f5086ffde2c315dfa7f","com.shulu.ntgf.y113f01aeaba64f5086ffde2c315dfa7f",,,"1","0","ADX","16/4/2026 05:20:02"
"com.shulu.ntgf.z912023b6f06b4c519a35d92b86fdcbe4","com.shulu.ntgf.z912023b6f06b4c519a35d92b86fdcbe4",,,"1","0","ADX","16/4/2026 05:20:02"
"com.shumireader.reader","飞雨天气",,,"5","0","ADX","16/4/2026 05:20:02"
"com.sokr.vdru","com.sokr.vdru",,,"4","0","ADX","16/4/2026 05:20:02"
"com.soulmanga.app","com.soulmanga.app",,,"3","0","ADX","16/4/2026 05:20:02"
"com.ssydance.tianyuan","田园管家",,,"1","0","ADX","16/4/2026 05:20:02"
"com.ssydance.yard","com.ssydance.yard",,,"1","0","ADX","16/4/2026 05:20:02"
"com.stargame.rovercraft.ios","com.stargame.rovercraft.ios",,,"4","0","ADX","16/4/2026 05:20:02"
"com.sz.xingyc","com.sz.xingyc",,,"2","0","ADX","16/4/2026 05:20:02"
"com.szshcykj.yunshi","com.szshcykj.yunshi","深圳市宏驰远科技有限公司",,"3","0","ADX","16/4/2026 05:20:02"
"com.teredy.audioeditor","com.teredy.audioeditor",,,"1","0","ADX","16/4/2026 05:20:02"
"com.tiantiandouzaiji","com.tiantiandouzaiji",,,"2","0","ADX","16/4/2026 05:20:02"
"com.timeaforce.shaokaodaheng","com.timeaforce.shaokaodaheng",,,"1","0","ADX","16/4/2026 05:20:02"
"com.tjd.lelife","com.tjd.lelife",,,"2","0","ADX","16/4/2026 05:20:02"
"com.tools.supercalculator","com.tools.superCalculator",,,"3","0","ADX","16/4/2026 05:20:02"
"com.visualworld.ecology","360云智连-iOS","居家生活",,"4","0","ADX","16/4/2026 05:20:02"
"com.vjyid.mzzwp.koda","com.vjyid.mzzwp.koda",,,"1","0","ADX","16/4/2026 05:20:02"
"com.vstudio.mix","MIX滤镜大师iOS","多媒体工具",,"2","0","ADX","16/4/2026 05:20:02"
"com.vtrump.accuway","com.vtrump.accuway",,,"2","0","ADX","16/4/2026 05:20:02"
"com.wakeup.howear","wearfit pro 安卓",,,"1","0","ADX","16/4/2026 05:20:02"
"com.wbjhd.elpaa.koda","com.wbjhd.elpaa.koda",,,"1","0","ADX","16/4/2026 05:20:02"
"com.wfxy.kklxx","com.wfxy.kklxx",,,"2","0","ADX","16/4/2026 05:20:02"
"com.widget.androidacts.widgethd","com.widget.androidacts.widgethd",,,"1","0","ADX","16/4/2026 05:20:02"
"com.ws.jkzzy.pro.app","com.ws.jkzzy.pro.app",,,"3","0","ADX","16/4/2026 05:20:02"
"com.ws.jkzzy.pro.app","健康追踪仪",,,"3","0","ADX","16/4/2026 05:20:02"
"com.wyfc.booknovel","com.wyfc.booknovel",,,"1","0","ADX","16/4/2026 05:20:02"
"com.xck.knqz","com.xck.knqz",,,"1","0","ADX","16/4/2026 05:20:02"
"com.xhjzzz.www","com.xhjzzz.www",,,"1","0","ADX","16/4/2026 05:20:02"
"com.xiyou.english","com.xiyou.english",,,"1","0","ADX","16/4/2026 05:20:02"
"com.xw.wifi.functional","com.xw.wifi.functional",,,"1","0","ADX","16/4/2026 05:20:02"
"com.yang.iosuvbd","com.yang.iosuvbd",,,"1","0","ADX","16/4/2026 05:20:02"
"com.ydtx.camera","元道经纬相机-拍照打卡水印相机",,,"1","0","ADX","16/4/2026 05:20:02"
"com.yin.tongs","com.yin.tongs",,,"1","0","ADX","16/4/2026 05:20:02"
"com.yqwx.clbbdmhhzxz.mi","com.yqwx.clbbdmhhzxz.mi",,,"1","0","ADX","16/4/2026 05:20:02"
"com.yqwx.tkhcmncg.mi","com.yqwx.tkhcmncg.mi",,,"1","0","ADX","16/4/2026 05:20:02"
"com.yqwx.xzdmwjbdc.mi","com.yqwx.xzdmwjbdc.mi",,,"1","0","ADX","16/4/2026 05:20:02"
"com.yuanmeng.s22","com.yuanmeng.s22",,,"11","0","ADX","16/4/2026 05:20:02"
"com.yunjiwuweiqiyue","com.yunjiwuweiqiyue",,,"1","0","ADX","16/4/2026 05:20:02"
"com.yunjv.xxtq.fc7c0a15f8df94fd081502205a5c7593f","com.yunjv.xxtq.fc7c0a15f8df94fd081502205a5c7593f",,,"1","0","ADX","16/4/2026 05:20:02"
"com.yunshang.shuge.test","com.yunshang.shuge.test",,,"2","0","ADX","16/4/2026 05:20:02"
"com.yyds","com.yyds",,,"1","0","ADX","16/4/2026 05:20:02"
"com.zixi.hdtsly","帽子先森奇遇记",,,"4","0","ADX","16/4/2026 05:20:02"
"com.zjwh.android_wh_physicalfitness","sdk安卓",,,"13","0","ADX","16/4/2026 05:20:02"
"com.zswx.app.ft","com.zswx.app.ft",,,"3","0","ADX","16/4/2026 05:20:02"
"com.zysl.tkasxd","土豆奇遇记",,,"1","0","ADX","16/4/2026 05:20:02"
"com.zysl.tkasxd","帽子先森奇遇记",,,"5","0","ADX","16/4/2026 05:20:02"
"com.zysl.tkasxd","我在老城区跑酷",,,"7","0","ADX","16/4/2026 05:20:02"
"com.zysl.tkasxd","熊猫探险计划",,,"2","0","ADX","16/4/2026 05:20:02"
"com.zysl.tkasxd","狂飙大卡车",,,"1","0","ADX","16/4/2026 05:20:02"
"com.zysl.tkasxd","看我奇思妙想",,,"1","0","ADX","16/4/2026 05:20:02"
"h5e8f0143","H5E8F0143",,,"1","0","ADX","16/4/2026 05:20:02"
"io.jijian.app","io.jijian.app",,,"1","0","ADX","16/4/2026 05:20:02"
"lock.open.com.openlock","到家啦-内网","居家生活",,"1","0","ADX","16/4/2026 05:20:02"
"me.suhe.mr","me.suhe.mr",,,"1","0","ADX","16/4/2026 05:20:02"
"net.kfw.kfwknight","net.kfw.kfwknight",,,"2","0","ADX","16/4/2026 05:20:02"
"pl.solidexplorer2","pl.solidexplorer2",,,"2","0","ADX","16/4/2026 05:20:02"
"readingsound.reading","ReadingSound.Reading",,,"1","0","ADX","16/4/2026 05:20:02"
"uni.app.unie583890","云享生活",,,"1","0","ADX","16/4/2026 05:20:02"
"uni.zzshop","uni.zzshop",,,"1","0","ADX","16/4/2026 05:20:02"
"yx.c520.xyz","yx.c520.xyz",,,"1","0","ADX","16/4/2026 05:20:02"
"--debug-bundle-id-","--debug-bundle-id-",,,"2","0","ADX","16/4/2026 05:19:11"
"10com.baidu.map","10百度地图",,,"2","0","ADX","16/4/2026 05:18:32"
"18.4.6.2839","18.4.6.2839",,,"28","0","ADX","16/4/2026 05:18:31"
"5585785com.baidu.map.89","5575558百度地图 89",,,"1","0","ADX","16/4/2026 05:19:40"
"68586565898com.baidu.map.4","68586455百度地图 4",,,"1","0","ADX","16/4/2026 05:18:41"
"6com.baidu.map","6百度地图",,,"1","0","ADX","16/4/2026 05:18:41"
"999308991","999308991",,,"2","0","ADX","16/4/2026 05:19:32"
"999308991","启明",,,"1","0","ADX","16/4/2026 05:18:52"
"andreas-maier.freemetrical","Andreas-Maier.FreeMetrical",,,"2458","0","ADX","16/4/2026 05:19:19"
"ans.xianshn.xt","ans.xianshn.xt",,,"2","0","ADX","16/4/2026 05:18:46"
"app.woaigomoapp.com","克拉TV",,,"57","0","ADX","16/4/2026 05:19:53"
"applnn.com","Applnn",,,"45","0","ADX","16/4/2026 05:19:53"
"badminton.sportsgame.smash.king","",,,"26","0","ADX","16/4/2026 05:18:49"
"bxm.app.com","百姓梦",,,"1","0","ADX","16/4/2026 05:19:47"
"cbjii","cbjii",,,"3","0","ADX","16/4/2026 05:19:30"
"cc.canstudio.cannotes.cannotes","cc.canstudio.cannotes.cannotes",,,"3","0","ADX","16/4/2026 05:19:19"
"cc.canstudio.cannotes.cannotes","手帐罐头",,,"510","0","ADX","16/4/2026 05:19:19"
"cc.fenzi.xiaoqin","",,,"1","0","ADX","16/4/2026 05:18:48"
"cc.qcomic.lighterclan.8uwqgsuk5f","cc.qcomic.LighterClan.8UWQGSUK5F",,,"1","0","ADX","16/4/2026 05:18:59"
"cc.septnet.student","",,,"1","0","ADX","16/4/2026 05:18:48"
"cc.septnet.student","七天学堂IOS",,,"1","0","ADX","16/4/2026 05:18:52"
"cc.stargo.xingxinggo","星星Go",,,"3","0","ADX","16/4/2026 05:18:41"
"chenxingyuan.gourmetcam","",,,"2","0","ADX","16/4/2026 05:18:42"
"chenxingyuan.gourmetcam","IOS",,,"3","0","ADX","16/4/2026 05:18:52"
"chenxingyuan.gourmetcam","黄油相机- iOS",,,"2","0","ADX","16/4/2026 05:19:00"
"cmc.xxr.app","创米程",,,"1","0","ADX","16/4/2026 05:18:39"
"cn.a-eye.mylaolai","cn.a-eye.MyLaoLai",,,"397","0","ADX","16/4/2026 05:19:28"
"cn.buding.apple.astonmartin2013","cn.buding.apple.astonmartin2013",,,"6","0","ADX","16/4/2026 05:19:56"
"cn.buding.apple.astonmartin2013","微车",,,"289","0","ADX","16/4/2026 05:19:28"
"cn.com.digitalgx.zgt","",,,"31","0","ADX","16/4/2026 05:19:53"
"cn.com.digitalgx.zgt","智桂通",,,"14","0","ADX","16/4/2026 05:19:53"
"cn.com.drivedu.chexuetang","cn.com.drivedu.chexuetang",,,"9","0","ADX","16/4/2026 05:19:53"
"cn.com.drivedu.chexuetang","车学堂",,,"15","0","ADX","16/4/2026 05:19:43"
"cn.com.higgs.tilemaster3d","","游戏-休闲益智",,"2","0","ADX","16/4/2026 05:18:41"
"cn.com.higgs.tilemaster3d","Tile Master 3D","游戏-休闲益智",,"1","0","ADX","16/4/2026 05:19:40"
"cn.com.higgs.tilemaster3d","cn.com.higgs.tilemaster3d","游戏-休闲益智",,"3","0","ADX","16/4/2026 05:19:53"
"cn.com.wanbu.iwanbuapp","万步-苹果",,,"779","0","ADX","16/4/2026 05:18:49"
"cn.com.yunma.company.app","","效率办公",,"20","0","ADX","16/4/2026 05:18:41"
"cn.com.yunma.yischool.app","易校园-jz","教育/校园",,"11","0","ADX","16/4/2026 05:19:53"
"cn.com.yunma.yischool.app","易校园IOS","教育/校园",,"79413","0","ADX","16/4/2026 05:19:53"
"cn.cwm.creamtop","奶盖-每一个喜欢都值得认真对待",,,"3","0","ADX","16/4/2026 05:19:28"
"cn.cy.ym.cps.zxmobile","友梦联盟",,,"5","0","ADX","16/4/2026 05:19:53"
"cn.ehanghai.hex","SDK聚合-iOS",,,"327","0","ADX","16/4/2026 05:18:46"
"cn.etouch.ecalendar.ipad.001","中华万年历",,,"1","0","ADX","16/4/2026 05:18:52"
"cn.juzai.app","cn.juzai.app",,,"2","0","ADX","16/4/2026 05:18:52"
"cn.jxhb123.jxhb123","惊喜红包",,,"1","0","ADX","16/4/2026 05:18:52"
"cn.jxhb123.jxhb123ios","惊喜红包-赚钱返利",,,"2","0","ADX","16/4/2026 05:18:52"
"cn.kaiheila","","聊天社交",,"10","0","ADX","16/4/2026 05:18:46"
"cn.kaiheila","KOOK 2","聊天社交",,"2","0","ADX","16/4/2026 05:19:28"
"cn.kaiheila","KOOK-安卓","聊天社交",,"11480","0","ADX","16/4/2026 05:19:53"
"cn.kaiheila","安卓","聊天社交",,"4","0","ADX","16/4/2026 05:18:52"
"cn.ledongli.ldl","#N3 乐动力","体育运动",,"1","0","ADX","16/4/2026 05:19:16"
"cn.ledongli.ldl","乐动力测试版","体育运动",,"2","0","ADX","16/4/2026 05:19:22"
"cn.lrapps.highcall","高清网络电话",,,"1","0","ADX","16/4/2026 05:19:25"
"cn.mjtm.mtjm","cn.mjtm.mtjm",,,"1","0","ADX","16/4/2026 05:19:56"
"cn.mjtm.mtjm","谜境探秘",,,"1","0","ADX","16/4/2026 05:19:16"
"cn.mymzt.pay","cn.mymzt.pay","综合服务",,"1","0","ADX","16/4/2026 05:18:32"
"cn.mymzt.pay","绵州通","综合服务",,"40","0","ADX","16/4/2026 05:18:46"
"cn.nlkc.ckin","洋洋成语",,,"1586","0","ADX","16/4/2026 05:18:46"
"cn.nps.app.lzshow","灵狐",,,"6","0","ADX","16/4/2026 05:18:52"
"cn.pall.saola.skypond","",,,"1","0","ADX","16/4/2026 05:18:52"
"cn.perfect.clockinl","打卡定位",,,"1","0","ADX","16/4/2026 05:19:47"
"cn.pifa168.bohaotong","拨号通",,,"1","0","ADX","16/4/2026 05:19:25"
"cn.qsmh.hmsp","巧思谜盒",,,"2","0","ADX","16/4/2026 05:19:22"
"cn.shijihaiwaitech.zip","文件管理管家",,,"16","0","ADX","16/4/2026 05:19:53"
"cn.shmc.cmhs","洋洋成语","教育",,"1541","0","ADX","16/4/2026 05:18:49"
"cn.shmc.cmhs","生活妙策","教育",,"186","0","ADX","16/4/2026 05:19:22"
"cn.shutu.novelread.app","cn.shutu.novelread.app",,,"1","0","ADX","16/4/2026 05:18:35"
"cn.tpapp.vv","",,,"2","0","ADX","16/4/2026 05:18:46"
"cn.tpapp.vv","cn.tpapp.vv",,,"2","0","ADX","16/4/2026 05:19:53"
"cn.tv.youkan","万师傅师傅版",,,"2","0","ADX","16/4/2026 05:19:32"
"cn.wandersnail.universaldebugging","调试全能王",,,"1","0","ADX","16/4/2026 05:18:48"
"cn.xinqi.dall","答案来了",,,"38","0","ADX","16/4/2026 05:18:49"
"cn.yiyou.peace","",,,"48","0","ADX","16/4/2026 05:18:49"
"cn.zengfs.netdebugger","网络调试精灵",,,"1","0","ADX","16/4/2026 05:18:41"
"cn.zfs.bledebugger","BLE调试宝",,,"9","0","ADX","16/4/2026 05:18:49"
"com.17zuoye.homework","一起作业-tobid","教育",,"1","0","ADX","16/4/2026 05:18:52"
"com.17zuoye.homework","一起小学学生","教育",,"1","0","ADX","16/4/2026 05:18:41"
"com.2017.eja","com.2017.eja",,,"1","0","ADX","16/4/2026 05:19:36"
"com.360ants.yihome","YI ホームカメラ","智能硬件",,"36","0","ADX","16/4/2026 05:19:53"
"com.360ants.yihome","小蚁摄像机-IOS","智能硬件",,"1","0","ADX","16/4/2026 05:18:48"
"com.720yun.yun-ios","com.720yun.Yun-ios",,,"1","0","ADX","16/4/2026 05:18:52"
"com.a3xh1.phoenix.fn","云朵视频",,,"11","0","ADX","16/4/2026 05:19:19"
"com.abdak.sncz","com.abdak.sncz",,,"5","0","ADX","16/4/2026 05:19:28"
"com.abdak.sncz","海马窝宠物",,,"13","0","ADX","16/4/2026 05:19:28"
"com.abdak.sncz","豌豆欢乐",,,"7","0","ADX","16/4/2026 05:19:49"
"com.ace.yimei.camera","艺美相机",,,"1","0","ADX","16/4/2026 05:18:59"
"com.admulx.demo","",,,"1","0","ADX","16/4/2026 05:19:20"
"com.admulx.demo","章鱼SDK",,,"1","0","ADX","16/4/2026 05:19:40"
"com.adventure.maxsworld.cn","com.adventure.maxsworld.cn",,,"2","0","ADX","16/4/2026 05:19:30"
"com.ai.marki","SDK聚合-iOS","摄影摄像",,"5024","0","ADX","16/4/2026 05:18:46"
"com.ai.marki","安卓","摄影摄像",,"3","0","ADX","16/4/2026 05:18:52"
"com.ai.marki","良将相机","摄影摄像",,"3","0","ADX","16/4/2026 05:19:22"
"com.aihairstyling.cn","com.AIHairStyling.cn",,,"2","0","ADX","16/4/2026 05:19:38"
"com.ailove.keyapp","com.ailove.keyapp",,,"11040","0","ADX","16/4/2026 05:19:19"
"com.ailove.keyapp","会聊键盘",,,"185","0","ADX","16/4/2026 05:19:19"
"com.aimiaozai.app.mtq","",,,"1","0","ADX","16/4/2026 05:18:41"
"com.aipainting","com.AIPainting",,,"1","0","ADX","16/4/2026 05:18:52"
"com.air.airlook","安卓",,,"3","0","ADX","16/4/2026 05:18:52"
"com.ancda.app.parents","SDK聚合-iOS","实用工具",,"1928","0","ADX","16/4/2026 05:18:46"
"com.ancda.app.parents","掌心智校_android","实用工具",,"16530","0","ADX","16/4/2026 05:18:49"
"com.ancda.app.parents","掌心智校家长版","实用工具",,"1","0","ADX","16/4/2026 05:19:36"
"com.ancda.palmbabyparentts","SDK聚合-iOS","教育/家校",,"1174","0","ADX","16/4/2026 05:18:46"
"com.ancda.parents.debug","掌心宝贝内测",,,"2","0","ADX","16/4/2026 05:19:36"
"com.android.ykyf","越看越富",,,"417","0","ADX","16/4/2026 05:19:53"
"com.anjucloud.opendoor","小兔开门",,,"2","0","ADX","16/4/2026 05:18:48"
"com.anmez.greentest","Greentest_Android",,,"1","0","ADX","16/4/2026 05:18:52"
"com.anythink.anythinksdkdemo","com.anythink.AnyThinkSDKDemo",,,"1","0","ADX","16/4/2026 05:19:20"
"com.aolafu.leishen","雷神加速器-ios",,,"90","0","ADX","16/4/2026 05:18:49"
"com.app.juhaowan","聚好玩",,,"7","0","ADX","16/4/2026 05:19:22"
"com.app.yikeshi","SDK聚合-iOS",,,"1","0","ADX","16/4/2026 05:18:44"
"com.app.yikeshi","易可视 - 智能视讯",,,"7","0","ADX","16/4/2026 05:19:49"
"com.app.yikeshi","易可视APP",,,"1","0","ADX","16/4/2026 05:18:44"
"com.app.zczp","中诚蓝领直聘",,,"1","0","ADX","16/4/2026 05:18:41"
"com.appheader.zhxf.pro.sml","世梅國際版",,,"8","0","ADX","16/4/2026 05:19:38"
"com.appheader.zhxf.pro.sml","世梅链",,,"1","0","ADX","16/4/2026 05:18:39"
"com.arkline.system","黑金熊卡",,,"1","0","ADX","16/4/2026 05:18:44"
"com.asg.themagicfingerzh","原力指指",,,"1","0","ADX","16/4/2026 05:19:51"
"com.atjws.klxjg","短剧线",,,"4","0","ADX","16/4/2026 05:18:44"
"com.auvi.jsxcam","JJhome","智能监控",,"10","0","ADX","16/4/2026 05:19:38"
"com.awfgwfd.sagawdiohuibanj","微积生活",,,"253","0","ADX","16/4/2026 05:19:32"
"com.awfgwfd.wfajipoahufibeh","叠浪生活",,,"210","0","ADX","16/4/2026 05:19:43"
"com.awvg.cfrt","小金牛短剧",,,"2","0","ADX","16/4/2026 05:18:41"
"com.ay.fairyxx","乐欢宝",,,"1","0","ADX","16/4/2026 05:18:52"
"com.baehug.watch","西萌守护",,,"18","0","ADX","16/4/2026 05:19:49"
"com.baidu.lbs.map","",,,"2","0","ADX","16/4/2026 05:19:53"
"com.baidu.lbs.map","com.baidu.LBS.map",,,"4","0","ADX","16/4/2026 05:19:47"
"com.baidu.lbs.map","地图",,,"2","0","ADX","16/4/2026 05:19:19"
"com.baidu.map","SDK聚合-iOS",,,"18","0","ADX","16/4/2026 05:18:42"
"com.baidu.map","千度地图",,,"1","0","ADX","16/4/2026 05:19:25"
"com.baidu.map","百度地图2",,,"1","0","ADX","16/4/2026 05:19:36"
"com.baidu.map.b2","百度地图2",,,"1","0","ADX","16/4/2026 05:19:36"
"com.baidu.map0402","百度地图",,,"1","0","ADX","16/4/2026 05:18:52"
"com.baidu.netdisk-dev","com.baidu.netdisk-dev",,,"1","0","ADX","16/4/2026 05:18:48"
"com.baidu.netdisk.1","com.baidu.netdisk.1",,,"1","0","ADX","16/4/2026 05:19:40"
"com.baidu.netdisk.1","百度网盘 1",,,"2","0","ADX","16/4/2026 05:19:53"
"com.baidu.netdisk.1","百度网盘. 1",,,"22","0","ADX","16/4/2026 05:19:53"
"com.baidu.netdisk.1","百度网盘1",,,"1","0","ADX","16/4/2026 05:19:51"
"com.baidu.netdisk.1","网盘 1",,,"1","0","ADX","16/4/2026 05:19:40"
"com.baidu.netdisk.11","百度网盘",,,"1","0","ADX","16/4/2026 05:19:20"
"com.baidu.netdisk.yike-hjp","一刻相册-dev",,,"3","0","ADX","16/4/2026 05:19:56"
"com.baidu.netdisk1559","百度网盘9",,,"1","0","ADX","16/4/2026 05:19:30"
"com.baidu.netdisk17","百度网盘17",,,"1","0","ADX","16/4/2026 05:19:40"
"com.baidu.netdisk2","netdisk_iPhone2",,,"1","0","ADX","16/4/2026 05:19:40"
"com.baidu.netdiskcc","百度网盘",,,"1","0","ADX","16/4/2026 05:18:59"
"com.baidu.netdiske","签约07",,,"1","0","ADX","16/4/2026 05:19:11"
"com.baidu.netdisktest","13.20-88",,,"1","0","ADX","16/4/2026 05:19:16"
"com.baidu.netdisktest","13.23-178",,,"1","0","ADX","16/4/2026 05:18:59"
"com.baidu.netdisktestipad","13.22-143",,,"2","0","ADX","16/4/2026 05:18:52"
"com.baidu.netdisktestipad","13.22-234",,,"1","0","ADX","16/4/2026 05:18:32"
"com.baidu.netdiskzp","com.baidu.netdiskZP",,,"1","0","ADX","16/4/2026 05:19:30"
"com.baidu.searchbox.tomas","",,,"1","0","ADX","16/4/2026 05:18:44"
"com.baidu.video","安卓","影音视听",,"43","0","ADX","16/4/2026 05:18:52"
"com.baidu.videoiphone","BaiduIphoneVideo","影音娱乐",,"3","0","ADX","16/4/2026 05:18:41"
"com.baidu.videoiphone","IOS","影音娱乐",,"3","0","ADX","16/4/2026 05:18:52"
"com.baidu.youavideo.2","一刻相册2",,,"4","0","ADX","16/4/2026 05:18:33"
"com.baisui.wuyouzd","SDK聚合-iOS","时尚购物",,"5401","0","ADX","16/4/2026 05:18:46"
"com.bakerystory.hdcn","com.bakerystory.hdcn",,,"1","0","ADX","16/4/2026 05:19:51"
"com.baletoo.landlord","com.Baletoo.landlord",,,"1","0","ADX","16/4/2026 05:18:52"
"com.balloon.idiomfullpeople.one","com.balloon.idiomfullpeople.one",,,"1","0","ADX","16/4/2026 05:18:41"
"com.baoyun.hanjuhk-m6.pending","韩小台",,,"1","0","ADX","16/4/2026 05:18:44"
"com.baoyun.hxqm8-pend","韩剧大全",,,"1","0","ADX","16/4/2026 05:19:30"
"com.baoyun.sunflower","韩剧TV",,,"10","0","ADX","16/4/2026 05:19:32"
"com.bbl.jyshortvideo.jj","蓝猫视频",,,"1","0","ADX","16/4/2026 05:19:25"
"com.bbmmxianqudao","com.bbmmXianqudao",,,"3","0","ADX","16/4/2026 05:18:36"
"com.beauty.nail.master.games","com.beauty.nail.master.games",,,"3","0","ADX","16/4/2026 05:19:43"
"com.beauty.nail.master.games","美甲游戏",,,"5","0","ADX","16/4/2026 05:19:38"
"com.beeapp.mapweather","Com.BeeApp.MapWeather",,,"1","0","ADX","16/4/2026 05:19:30"
"com.beijinghuagan.yinghuadongman","com.beijinghuagan.YinghuaDongman",,,"45","0","ADX","16/4/2026 05:18:32"
"com.benqu.wuta","无他","摄影摄像",,"15","0","ADX","16/4/2026 05:18:46"
"com.benqu.wuta","无他相机-Android","摄影摄像",,"33","0","ADX","16/4/2026 05:18:49"
"com.benqu.wuta","趣盟-安卓","摄影摄像",,"1","0","ADX","16/4/2026 05:18:52"
"com.bet007.mobile.score","","体育",,"7","0","ADX","16/4/2026 05:18:46"
"com.bfengtech.diange.diangeapp","",,,"20","0","ADX","16/4/2026 05:18:46"
"com.bfengtech.diange.diangeapp","安卓",,,"1","0","ADX","16/4/2026 05:18:52"
"com.bfengtech.diange.diangeapp","电鸽iOS",,,"2","0","ADX","16/4/2026 05:19:49"
"com.bide.haoyoukan","勇闯迷城",,,"1","0","ADX","16/4/2026 05:18:52"
"com.bigfeet.photomeasure","com.bigfeet.photomeasure",,,"1","0","ADX","16/4/2026 05:18:48"
"com.biggerlens.handwriting","写字板fonts",,,"3","0","ADX","16/4/2026 05:19:43"
"com.bishang.bsread","com.bishang.bsread",,,"8","0","ADX","16/4/2026 05:19:49"
"com.bishen.zuowen","笔神作文",,,"7","0","ADX","16/4/2026 05:18:56"
"com.bjzjf.buzhongxing","跃动步中星",,,"212","0","ADX","16/4/2026 05:19:38"
"com.bjzjf.juxidashi","巨析评测大师","系统工具",,"3","0","ADX","16/4/2026 05:19:22"
"com.black.coslove","com.black.coslove","聊天社交",,"1","0","ADX","16/4/2026 05:18:48"
"com.block.sort.sandblast","层叠点点消",,,"3","0","ADX","16/4/2026 05:19:22"
"com.bokecc.dance","com.bokecc.dance.app.GlobalApplication",,,"1","0","ADX","16/4/2026 05:18:59"
"com.bome.bush","com.bome.bush",,,"3","0","ADX","16/4/2026 05:19:28"
"com.bongmi.fasting","com.bongmi.fasting",,,"47","0","ADX","16/4/2026 05:19:43"
"com.bongmi.fasting","轻轻断食",,,"4","0","ADX","16/4/2026 05:18:56"
"com.boohee.foodlibrary","薄荷宝箱iOS",,,"316","0","ADX","16/4/2026 05:19:28"
"com.boyaa.chinesechess.iphone","com.boyaa.chineseChess.iPhone",,,"1","0","ADX","16/4/2026 05:18:52"
"com.boyaa.enginedandong.main","com.boyaa.enginedandong.main",,,"15","0","ADX","16/4/2026 05:18:46"
"com.bplus.youshikoudai","com.bplus.youshikoudai",,,"1","0","ADX","16/4/2026 05:18:41"
"com.brach.ydiag","枫叶剧场",,,"173","0","ADX","16/4/2026 05:18:49"
"com.braindump.braindump","com.braindump.Braindump",,,"25437","0","ADX","16/4/2026 05:18:40"
"com.browser2345","2345浏览器 2",,,"3","0","ADX","16/4/2026 05:18:36"
"com.browser2345","2345浏览器 5",,,"2","0","ADX","16/4/2026 05:18:32"
"com.btjws.csxjf","短剧线",,,"3","0","ADX","16/4/2026 05:18:46"
"com.btjws.csxjk","短剧线",,,"1","0","ADX","16/4/2026 05:18:48"
"com.buybal.buybalpay.nxy","","效率办公",,"3","0","ADX","16/4/2026 05:18:46"
"com.bwton.szfreego","苏e行-安卓",,,"44","0","ADX","16/4/2026 05:18:52"
"com.bwton.szmetro","SDK聚合-iOS",,,"3021","0","ADX","16/4/2026 05:18:46"
"com.bwton.tjmetro","天津地铁-安卓",,,"240","0","ADX","16/4/2026 05:18:52"
"com.byfc.mm","AI微秘书",,,"6","0","ADX","16/4/2026 05:18:46"
"com.bytrd.gwx","小金牛故事",,,"3899","0","ADX","16/4/2026 05:18:49"
"com.bz.shanghai","沪二手房交易统计",,,"1","0","ADX","16/4/2026 05:18:44"
"com.bzzw.dgmh.tg","搬砖之王","社交通讯",,"61","0","ADX","16/4/2026 05:19:53"
"com.cainiao.cnwireless","菜鸟裹裹",,,"1","0","ADX","16/4/2026 05:18:41"
"com.cainiao.cnwireless.3","com.cainiao.cnwireless.3",,,"1","0","ADX","16/4/2026 05:19:51"
"com.cainiao.wireless","菜鸟 1",,,"4","0","ADX","16/4/2026 05:19:53"
"com.cainiao.wireless","菜鸟 2",,,"2","0","ADX","16/4/2026 05:19:47"
"com.cainiao.wireless","菜鸟 3",,,"1","0","ADX","16/4/2026 05:19:56"
"com.cainiao.wireless","菜鸟 4",,,"1","0","ADX","16/4/2026 05:19:47"
"com.cainiao.wireless","菜鸟 b131",,,"1","0","ADX","16/4/2026 05:19:30"
"com.cainiao.wireless","菜鸟 刘3",,,"1","0","ADX","16/4/2026 05:19:51"
"com.cainiao.wireless","菜鸟 汉棠1",,,"1","0","ADX","16/4/2026 05:19:56"
"com.cainiao.wireless","菜鸟APP-Android",,,"54","0","ADX","16/4/2026 05:18:49"
"com.caitun.draw","指尖画画",,,"3","0","ADX","16/4/2026 05:19:53"
"com.campmobile.snowcameraent","com.campmobile.snowcameraent",,,"3","0","ADX","16/4/2026 05:19:28"
"com.candybook.chatduck","com.candybook.chatduck",,,"2","0","ADX","16/4/2026 05:19:14"
"com.catarina.catullapack","120-时光短剧","实用工具",,"4","0","ADX","16/4/2026 05:18:46"
"com.catarina.catullapack","河马夺宝","实用工具",,"10","0","ADX","16/4/2026 05:19:53"
"com.cbn.hmjc","河马剧场IOS","短视频/影音播放",,"7","0","ADX","16/4/2026 05:18:56"
"com.cdastudio.reinforcingbarandroid.aqy","aqy",,,"458","0","ADX","16/4/2026 05:18:46"
"com.cdbwsoft.weimiquan","微密圈",,,"1","0","ADX","16/4/2026 05:18:59"
"com.cdhd.attendance","工天",,,"219","0","ADX","16/4/2026 05:18:46"
"com.cecurs.bdt","SDK聚合-iOS",,,"348","0","ADX","16/4/2026 05:18:46"
"com.cecurs.bdt","保定通",,,"2","0","ADX","16/4/2026 05:19:49"
"com.cecurs.cityt","SDK聚合-iOS",,,"54","0","ADX","16/4/2026 05:18:46"
"com.cecurs.tongrengj","com.cecurs.tongrengj",,,"4","0","ADX","16/4/2026 05:19:28"
"com.chang.historycalculator","com.chang.historycalculator",,,"1415","0","ADX","16/4/2026 05:19:49"
"com.changshuo.ui","SDK聚合-iOS","聊天社交",,"67975","0","ADX","16/4/2026 05:18:46"
"com.chengyu.tang","成课堂",,,"40","0","ADX","16/4/2026 05:19:38"
"com.chenyi.facepackage","斗图表情包",,,"15","0","ADX","16/4/2026 05:18:56"
"com.chenying.huawei.dialogwidget","com.chenying.huawei.dialogwidget",,,"1","0","ADX","16/4/2026 05:19:56"
"com.chinaath.digi","com.chinaath.digi",,,"93","0","ADX","16/4/2026 05:19:28"
"com.chinaath.szxd","数字心动",,,"7161","0","ADX","16/4/2026 05:19:53"
"com.chipsea.btcontrol","OKOK 安卓","医疗健康",,"1","0","ADX","16/4/2026 05:19:51"
"com.chipsea.btcontrol","OKOK-安卓","医疗健康",,"8","0","ADX","16/4/2026 05:18:49"
"com.chipsea.btcontrol","安卓","医疗健康",,"1","0","ADX","16/4/2026 05:18:52"
"com.chmadj.snscvb","63-馋河马",,,"29","0","ADX","16/4/2026 05:19:49"
"com.chong.zs","掌上充",,,"3409","0","ADX","16/4/2026 05:18:56"
"com.chun.shuod","简玩",,,"1","0","ADX","16/4/2026 05:18:48"
"com.chun.shuoj","简玩",,,"1","0","ADX","16/4/2026 05:18:41"
"com.chun.shuok","简玩短视频",,,"4","0","ADX","16/4/2026 05:18:46"
"com.chun.shuok","绘画大作战5-安卓-24.11.25",,,"1","0","ADX","16/4/2026 05:18:48"
"com.chun.shuot","淳硕简玩-3.26",,,"3","0","ADX","16/4/2026 05:18:48"
"com.chun.shuot","简玩剧场",,,"1","0","ADX","16/4/2026 05:18:44"
"com.chun.shuot","简玩剧场夏日版",,,"2","0","ADX","16/4/2026 05:18:42"
"com.chun.shuot","绘画大作战5",,,"1","0","ADX","16/4/2026 05:18:44"
"com.chuxin.czgc","禾雅智游",,,"107","0","ADX","16/4/2026 05:19:43"
"com.cijianlink.cjlk","安卓","兴趣社区",,"1","0","ADX","16/4/2026 05:18:52"
"com.ciluoshuqiao.cn","com.ciluoshuqiao.cn",,,"2","0","ADX","16/4/2026 05:19:32"
"com.ciluoshuqiao.cn","词逻数巧",,,"1","0","ADX","16/4/2026 05:19:40"
"com.cjctiwang.sxzbedkj","好运来",,,"3","0","ADX","16/4/2026 05:18:42"
"com.cloud.zhijianlf","com.cloud.zhijianlf",,,"1","0","ADX","16/4/2026 05:19:25"
"com.cloudwallet","com.cloudwallet",,,"3","0","ADX","16/4/2026 05:19:28"
"com.cloudwallet","账本极速版",,,"13","0","ADX","16/4/2026 05:19:53"
"com.clsoft.gardener","8花生教师端",,,"4","0","ADX","16/4/2026 05:19:43"
"com.cltx.enterprise","差旅企业行",,,"1","0","ADX","16/4/2026 05:19:16"
"com.cmi.yl","com.cmi.yl",,,"48463","0","ADX","16/4/2026 05:18:40"
"com.co.yoosee","FalconAd_Demo",,,"8","0","ADX","16/4/2026 05:19:32"
"com.codoon.gps1","咕咚",,,"1","0","ADX","16/4/2026 05:18:32"
"com.com.bgzd.tianxie.biaoge.zd","com.com.bgzd.tianxie.biaoge.zd",,,"1","0","ADX","16/4/2026 05:19:56"
"com.couplower.chuan","川剧迷",,,"4","0","ADX","16/4/2026 05:19:53"
"com.cpkbu.yqdkxgl","com.cpkbu.yqdkxgl",,,"1","0","ADX","16/4/2026 05:19:56"
"com.cpplyx.ppdzz","泡泡大作战3",,,"4","0","ADX","16/4/2026 05:19:32"
"com.cqooc.app","com.cqooc.App",,,"3","0","ADX","16/4/2026 05:19:38"
"com.cqwx.hcrksxj","com.cqwx.hcrksxj",,,"1","0","ADX","16/4/2026 05:19:16"
"com.credamo.credamoapp2","Credamo见数",,,"2","0","ADX","16/4/2026 05:18:52"
"com.credamo.credamoapp2","见数2",,,"2","0","ADX","16/4/2026 05:19:38"
"com.cshl.ddsg","com.cshl.ddsg",,,"1","0","ADX","16/4/2026 05:19:56"
"com.ctjws.fxjj","短剧线",,,"1","0","ADX","16/4/2026 05:18:44"
"com.ctjws.fxjk","短剧线",,,"3","0","ADX","16/4/2026 05:18:46"
"com.ctwzbang.sxzbedkj","开心麻瓜",,,"49","0","ADX","16/4/2026 05:18:46"
"com.cy.music","丞尧音乐播放器",,,"1","0","ADX","16/4/2026 05:19:40"
"com.cy.yyjia.mobilegameh5.zxmobile","尊牛盒子-250805",,,"5","0","ADX","16/4/2026 05:19:28"
"com.cy.yyjia.mobilegameh5.zxmobile","尊牛短剧",,,"18","0","ADX","16/4/2026 05:18:46"
"com.cygjwang.sxzbedkj","黄金屋",,,"13","0","ADX","16/4/2026 05:18:46"
"com.cyhd.kailian","com.cyhd.KaiLian",,,"9423","0","ADX","16/4/2026 05:18:56"
"com.cylan.chatcam","SDK聚合-iOS","实用工具",,"42017","0","ADX","16/4/2026 05:18:46"
"com.cylan.chatcam","看家王-IOS","实用工具",,"12837","0","ADX","16/4/2026 05:18:49"
"com.cylan.chatcam","看家王-安卓","实用工具",,"5463","0","ADX","16/4/2026 05:18:49"
"com.czjb.cdzy","乐欢宝",,,"1","0","ADX","16/4/2026 05:18:52"
"com.daichuan.wlwpage","岱川",,,"60","0","ADX","16/4/2026 05:19:53"
"com.dailygroup.dailyweather","com.dailygroup.dailyweather",,,"1540","0","ADX","16/4/2026 05:19:49"
"com.dalianmz.card","com.dalianmz.card",,,"9","0","ADX","16/4/2026 05:19:28"
"com.danger.xingce","8HXX",,,"1","0","ADX","16/4/2026 05:18:59"
"com.danger.xingce","星星漂流瓶",,,"1","0","ADX","16/4/2026 05:18:48"
"com.daopengzhonghe.app","道朋众和",,,"1","0","ADX","16/4/2026 05:18:41"
"com.dati.star","答题星",,,"1726","0","ADX","16/4/2026 05:18:56"
"com.dayshengbao.app","土豆生活",,,"5","0","ADX","16/4/2026 05:19:14"
"com.dayunlinks.cloudbirds","安卓","实用工具",,"2","0","ADX","16/4/2026 05:18:52"
"com.dd.cloudhappy","云乐读",,,"5","0","ADX","16/4/2026 05:19:38"
"com.dd.cloudmoon","云月读",,,"2424","0","ADX","16/4/2026 05:19:08"
"com.dd.whitebook","书小白",,,"2660","0","ADX","16/4/2026 05:19:43"
"com.decompress.snacks","com.decompress.snacks",,,"1","0","ADX","16/4/2026 05:18:59"
"com.delicloud.app.smartoffic3","com.delicloud.app.smartoffic3",,,"1","0","ADX","16/4/2026 05:18:52"
"com.dengziwl.sy","com.dengziwl.sy",,,"1","0","ADX","16/4/2026 05:19:25"
"com.dfegf.kiou","有米剧场",,,"3193","0","ADX","16/4/2026 05:18:49"
"com.dgghco.jmbslckyji","com.dgghco.jmbslckyji",,,"20","0","ADX","16/4/2026 05:18:46"
"com.dianshiyouhua","电视优化大师",,,"13","0","ADX","16/4/2026 05:19:43"
"com.differ.xiaoming","","实用工具",,"19","0","ADX","16/4/2026 05:18:46"
"com.differ.xiaoming","安卓","实用工具",,"1","0","ADX","16/4/2026 05:18:52"
"com.diguotech.mahjongmatch.cn","com.diguotech.mahjongmatch.cn","游戏-棋牌",,"5","0","ADX","16/4/2026 05:19:28"
"com.dlxt.chumo","初墨",,,"2","0","ADX","16/4/2026 05:18:52"
"com.dofun.travel","兜风",,,"29","0","ADX","16/4/2026 05:18:46"
"com.dreamwindows.video","糖豆",,,"3","0","ADX","16/4/2026 05:19:38"
"com.drinkwater.tool","SDK聚合-iOS",,,"49","0","ADX","16/4/2026 05:18:46"
"com.dshaon.hnncv","春分夺宝",,,"432","0","ADX","16/4/2026 05:18:46"
"com.dt.zsyd","追书阅读免费版 1","江西聚文信息技术有限公司",,"1","0","ADX","16/4/2026 05:18:48"
"com.duokan.reader","启明",,,"1","0","ADX","16/4/2026 05:18:52"
"com.duopafesbww","com.duopafesbww",,,"1","0","ADX","16/4/2026 05:19:56"
"com.duyaread.home","读鸭小说-OPPO","广西南宁昌以网络科技有限公司",,"1463","0","ADX","16/4/2026 05:19:00"
"com.dwfd.fddv","简玩",,,"1","0","ADX","16/4/2026 05:18:44"
"com.dxvs.android","",,,"1","0","ADX","16/4/2026 05:18:48"
"com.easevibe.app.video","com.easevibe.app.video",,,"10","0","ADX","16/4/2026 05:19:14"
"com.easyenglish.easy","傻瓜英语",,,"7","0","ADX","16/4/2026 05:19:43"
"com.ecell.www.lookfitplatform","乐酷圈",,,"4","0","ADX","16/4/2026 05:19:53"
"com.ecellsz.lekang.guard","SDK聚合-iOS",,,"191","0","ADX","16/4/2026 05:18:46"
"com.echin.ulate","甜品合合",,,"305","0","ADX","16/4/2026 05:18:46"
"com.echin.ulate","甜品合合-260319",,,"1","0","ADX","16/4/2026 05:19:40"
"com.edujia.weimai","微脉圈-IOS","聊天社交",,"53030","0","ADX","16/4/2026 05:18:49"
"com.elves.lj","电视派","遥控器",,"105","0","ADX","16/4/2026 05:19:49"
"com.enyatech.music","com.enyaTech.music",,,"403","0","ADX","16/4/2026 05:19:32"
"com.errq.gswa","小金牛故事",,,"7620","0","ADX","16/4/2026 05:18:49"
"com.errq.gswa","小金牛故事-26.3.4-安卓",,,"4","0","ADX","16/4/2026 05:18:49"
"com.errq.gswa","小金牛短剧-26.3.4",,,"3","0","ADX","16/4/2026 05:18:52"
"com.esreader.student","com.esreader.student",,,"3","0","ADX","16/4/2026 05:19:00"
"com.esreader.student","向日葵",,,"12","0","ADX","16/4/2026 05:19:43"
"com.estrongs.android.pop","ES Datei Explorer","实用工具",,"22","0","ADX","16/4/2026 05:19:53"
"com.estrongs.android.pop","ES Dosya Yöneticisi","实用工具",,"14","0","ADX","16/4/2026 05:19:49"
"com.estrongs.android.pop","ES Duyệt Tập Tin","实用工具",,"24","0","ADX","16/4/2026 05:19:43"
"com.estrongs.android.pop","ES Eksplorator plików","实用工具",,"4","0","ADX","16/4/2026 05:19:49"
"com.estrongs.android.pop","ES Explorador de Archivos","实用工具",,"232","0","ADX","16/4/2026 05:19:53"
"com.estrongs.android.pop","ES Explorator Fisiere","实用工具",,"1","0","ADX","16/4/2026 05:19:51"
"com.estrongs.android.pop","ES Fayl Meneceri","实用工具",,"1","0","ADX","16/4/2026 05:19:03"
"com.estrongs.android.pop","ES Gestore File","实用工具",,"16","0","ADX","16/4/2026 05:19:43"
"com.estrongs.android.pop","ES Správca súborov","实用工具",,"1","0","ADX","16/4/2026 05:19:25"
"com.estrongs.android.pop","ES Εξερεύνηση αρχείων","实用工具",,"1","0","ADX","16/4/2026 05:19:40"
"com.estrongs.android.pop","ES Провідник","实用工具",,"18","0","ADX","16/4/2026 05:19:53"
"com.estrongs.android.pop","ES ไฟล์ เอ็กซ์พอเลอร์","实用工具",,"6","0","ADX","16/4/2026 05:19:43"
"com.estrongs.android.pop","ES ファイルエクスプローラ","实用工具",,"6","0","ADX","16/4/2026 05:19:49"
"com.estrongs.android.pop","ES 파일 탐색기","实用工具",,"3","0","ADX","16/4/2026 05:19:53"
"com.estrongs.android.pop","ES-resurssienhallinta","实用工具",,"3","0","ADX","16/4/2026 05:19:14"
"com.estrongs.android.pop","ES文件浏览器VIP版","实用工具",,"5","0","ADX","16/4/2026 05:19:49"
"com.estrongs.android.pop","مستكشف ملفات ES","实用工具",,"131","0","ADX","16/4/2026 05:19:53"
"com.estrongs.android.pop","ھۆججەت باشقۇرغۇچ","实用工具",,"2","0","ADX","16/4/2026 05:19:43"
"com.esun.ui","500网",,,"6","0","ADX","16/4/2026 05:18:46"
"com.everydaytreasure.www","com.EverydayTreasure.www",,,"3","0","ADX","16/4/2026 05:19:43"
"com.ewqtsrysdaf","车旅生活",,,"1","0","ADX","16/4/2026 05:18:44"
"com.example.adscopesdk","AdScopeSDK",,,"4","0","ADX","16/4/2026 05:18:44"
"com.example.desktopmeow","桌面喵_Android","娱乐消遣",,"618","0","ADX","16/4/2026 05:18:49"
"com.example.smallcow","牛牛闯题","河南六只鱼网络科技有限公司",,"1","0","ADX","16/4/2026 05:18:39"
"com.example.yinleme.qntpzh","全能图片格式转换器","PDF",,"1","0","ADX","16/4/2026 05:18:44"
"com.example.yinleme.sjimgzh","转转大师图片格式转换",,,"1","0","ADX","16/4/2026 05:18:48"
"com.excean.multiaid","17双开助手",,,"3","0","ADX","16/4/2026 05:19:49"
"com.fandian.wancai","饭点有奖",,,"2","0","ADX","16/4/2026 05:18:41"
"com.fant.occin","轻萌短剧",,,"1272","0","ADX","16/4/2026 05:18:49"
"com.fcbox.hiveconsumer.3","com.fcbox.hiveconsumer.3",,,"4","0","ADX","16/4/2026 05:19:36"
"com.fdyu.dejl","小金牛短剧",,,"626","0","ADX","16/4/2026 05:18:46"
"com.feishang.loggi","柠檬短剧",,,"2","0","ADX","16/4/2026 05:18:41"
"com.fengshows.video","凤凰秀",,,"111","0","ADX","16/4/2026 05:19:28"
"com.fengshows.video","鳳凰秀",,,"1","0","ADX","16/4/2026 05:19:03"
"com.fengxiangscdj.android","云锦剧场",,,"183","0","ADX","16/4/2026 05:18:46"
"com.fengxiangscdj.android","纪亿影视",,,"11","0","ADX","16/4/2026 05:18:46"
"com.fengyun.zhangdan","记账单",,,"5","0","ADX","16/4/2026 05:19:28"
"com.fengyuncx.driver.optimal","风韵优行司机",,,"1","0","ADX","16/4/2026 05:19:47"
"com.fgame.bomberman","扫雷专家","游戏-休闲",,"58","0","ADX","16/4/2026 05:19:53"
"com.fhkx.android","凤凰V讯-安卓",,,"1","0","ADX","16/4/2026 05:19:03"
"com.fiew.dcsq","绘画大作战5-安卓-25.5.18",,,"1","0","ADX","16/4/2026 05:18:44"
"com.fifedu.fifiplat","智教学",,,"3","0","ADX","16/4/2026 05:19:40"
"com.filelight.idmanager","com.filelight.idmanager",,,"3","0","ADX","16/4/2026 05:19:56"
"com.fileunzip.zxwknight","Unzip","效率办公",,"3","0","ADX","16/4/2026 05:19:22"
"com.fishing2025.app","钓鱼气象预报",,,"211","0","ADX","16/4/2026 05:19:28"
"com.fiveplay","(TEST)5EPlay",,,"7","0","ADX","16/4/2026 05:19:53"
"com.fjkanbobo.app","艺人库",,,"1","0","ADX","16/4/2026 05:19:03"
"com.fjxm.hzdt","豪仔答题",,,"258","0","ADX","16/4/2026 05:18:31"
"com.fjxm.jswnx","捷术万能匣",,,"887","0","ADX","16/4/2026 05:19:00"
"com.fjxm.lfzd","老夫种地",,,"447","0","ADX","16/4/2026 05:18:36"
"com.fjxm.mmmc","毛毛萌宠",,,"345","0","ADX","16/4/2026 05:18:31"
"com.fjxm.nnwd","袅袅问答",,,"1947","0","ADX","16/4/2026 05:18:46"
"com.fjxm.xhcp","小黑菜谱",,,"3033","0","ADX","16/4/2026 05:19:14"
"com.fjxm.zbfh","栉比防护",,,"18229","0","ADX","16/4/2026 05:19:00"
"com.flabe.llate","尚玩甜品-260323",,,"1","0","ADX","16/4/2026 05:19:40"
"com.flu.ziotcam","com.flu.ziotcam",,,"4","0","ADX","16/4/2026 05:18:46"
"com.foxit.mobile.pdf.lite","com.foxit.mobile.pdf.lite",,,"1","0","ADX","16/4/2026 05:19:56"
"com.foxitcorporation.reader.fw","SDK聚合-iOS",,,"391","0","ADX","16/4/2026 05:18:46"
"com.foxitcorporation.reader.fw","福昕阅读器",,,"10","0","ADX","16/4/2026 05:19:49"
"com.frank.ssgjx","小巧工具箱",,,"47","0","ADX","16/4/2026 05:19:49"
"com.freeway.calendar","行运万年历",,,"213","0","ADX","16/4/2026 05:18:46"
"com.frontnetwork.biodynamic","com.frontnetwork.biodynamic",,,"15","0","ADX","16/4/2026 05:19:43"
"com.fsyc.huizhitong","慧智通",,,"2","0","ADX","16/4/2026 05:19:38"
"com.fthmi.lihf","有米剧场",,,"3615","0","ADX","16/4/2026 05:18:46"
"com.funny.kyk","com.funny.kyk",,,"5","0","ADX","16/4/2026 05:19:49"
"com.funny.kyk","安卓",,,"1","0","ADX","16/4/2026 05:18:52"
"com.funny.kyk","有趣生活-android",,,"2","0","ADX","16/4/2026 05:19:43"
"com.funny.phrase","SDK聚合-iOS",,,"138","0","ADX","16/4/2026 05:18:46"
"com.funnycomics.mh","com.funnycomics.mh",,,"1344","0","ADX","16/4/2026 05:19:49"
"com.futurefleet.changzhi","com.futurefleet.ChangZhi",,,"4","0","ADX","16/4/2026 05:18:40"
"com.futurefleet.fuyang","",,,"2","0","ADX","16/4/2026 05:19:32"
"com.futurefleet.pandabusjilinxing","com.futurefleet.PandaBusJiLinXing",,,"3","0","ADX","16/4/2026 05:18:40"
"com.futurefleet.pandabusqujing","com.futurefleet.PandaBusQuJing",,,"1","0","ADX","16/4/2026 05:18:32"
"com.futurefleet.yongzhou","SDK聚合-iOS",,,"1","0","ADX","16/4/2026 05:18:48"
"com.futurefleet.yongzhou","com.futurefleet.yongzhou",,,"8","0","ADX","16/4/2026 05:19:53"
"com.fuyewang.shanzhuan","闪赚",,,"1","0","ADX","16/4/2026 05:19:11"
"com.fuyewang.shanzhuan","闪赚红包群",,,"10","0","ADX","16/4/2026 05:18:46"
"com.fzdptec.bountypark","赏金乐园",,,"1","0","ADX","16/4/2026 05:18:52"
"com.fzhdtecinc.fastcharging","快趣充电",,,"1","0","ADX","16/4/2026 05:19:16"
"com.fzlxtech.lazyvault","懒人金库",,,"2","0","ADX","16/4/2026 05:19:19"
"com.fzquwan.questionsandanswers","问答江湖",,,"1","0","ADX","16/4/2026 05:18:52"
"com.fzyunceninc.luckyking","锦鲤大王-安卓",,,"1","0","ADX","16/4/2026 05:18:59"
"com.gamelaoyou.lymjdt.txz","com.gamelaoyou.lymjdt.txz","棋牌游戏",,"1","0","ADX","16/4/2026 05:19:56"
"com.gamelaoyou.lymjdt.txz","老友麻将","棋牌游戏",,"3","0","ADX","16/4/2026 05:18:42"
"com.gameley.aifemhealth","暖悦ios","女性健康管理",,"1994","0","ADX","16/4/2026 05:18:49"
"com.gameley.csszly","com.gameley.csszly",,,"1","0","ADX","16/4/2026 05:19:56"
"com.gameley.csszly","仓鼠数字乐园",,,"23","0","ADX","16/4/2026 05:19:53"
"com.gameley.ttjz","团团记账_Android","记账",,"11256","0","ADX","16/4/2026 05:18:49"
"com.gamm.adion","萌萌猜歌",,,"5","0","ADX","16/4/2026 05:18:46"
"com.gamm.adion","萌萌猜歌暖冬版",,,"1418","0","ADX","16/4/2026 05:18:46"
"com.generalcomp.batian","SDK聚合-iOS","居家生活",,"501","0","ADX","16/4/2026 05:18:46"
"com.generalcomp.batian","安卓","居家生活",,"97","0","ADX","16/4/2026 05:18:52"
"com.generalcomp.batiao","霸天安云",,,"2","0","ADX","16/4/2026 05:19:49"
"com.generalcomp.cda2","com.generalcomp.cda2",,,"2","0","ADX","16/4/2026 05:19:56"
"com.generalcomp.cda2","安卓",,,"5","0","ADX","16/4/2026 05:18:52"
"com.generalcomp.luowice","Luowice","硬件配套控制工具|视频监控",,"17","0","ADX","16/4/2026 05:19:32"
"com.generalcomp.luowice","SDK聚合-iOS","硬件配套控制工具|视频监控",,"3578","0","ADX","16/4/2026 05:18:46"
"com.generalcomp.luowice","安卓","硬件配套控制工具|视频监控",,"4","0","ADX","16/4/2026 05:18:52"
"com.gkid.crazyropfshwjgdud","天天跳绳",,,"3","0","ADX","16/4/2026 05:18:41"
"com.globaltide","全球潮汐_Android",,,"13136","0","ADX","16/4/2026 05:18:49"
"com.globaltide","월드 조수",,,"2","0","ADX","16/4/2026 05:19:00"
"com.gonlan.iplaymtg","旅法師營地","聊天社交",,"3","0","ADX","16/4/2026 05:19:22"
"com.gotokeep.keep","com.gotokeep.keep",,,"27","0","ADX","16/4/2026 05:18:36"
"com.gqtm.rtdi","淳硕简玩-11.19",,,"806","0","ADX","16/4/2026 05:18:49"
"com.gqtm.rtdi","简玩剧场",,,"12833","0","ADX","16/4/2026 05:18:46"
"com.gqxq.hqp","com.gqxq.hqp",,,"1","0","ADX","16/4/2026 05:18:44"
"com.growing.topwidgets","Top Widgets","系统工具/桌面美化",,"2","0","ADX","16/4/2026 05:18:56"
"com.growing.topwidgets","安卓","系统工具/桌面美化",,"7","0","ADX","16/4/2026 05:18:52"
"com.gstb.railserviceplatform","兰州轨道APP",,,"12","0","ADX","16/4/2026 05:18:46"
"com.gued.virh","简玩",,,"46","0","ADX","16/4/2026 05:18:46"
"com.gued.virh","绘画大作战5-安卓-25.5.6",,,"1","0","ADX","16/4/2026 05:18:48"
"com.guituke.live","龟途客测试版",,,"1","0","ADX","16/4/2026 05:18:44"
"com.guituke.live.debug","龟途客测试版",,,"3","0","ADX","16/4/2026 05:18:46"
"com.gupiao","金股宝",,,"1","0","ADX","16/4/2026 05:18:52"
"com.gxrcw.activity","广西人才","全职招聘",,"16","0","ADX","16/4/2026 05:19:49"
"com.gyzhongyicai.zbd","广宏撸金",,,"25","0","ADX","16/4/2026 05:18:46"
"com.haerbbingqwlkj.ddd","com.haerbbingqwlkj.ddd",,,"1","0","ADX","16/4/2026 05:19:56"
"com.haha.lss","乐刷刷",,,"2","0","ADX","16/4/2026 05:18:42"
"com.haha.lss","乐欢宝",,,"38","0","ADX","16/4/2026 05:18:49"
"com.haileeshh.quickapp","嗨乐省",,,"5","0","ADX","16/4/2026 05:19:36"
"com.haixin.huangdao","ZhenQingBaShieXing",,,"8","0","ADX","16/4/2026 05:19:43"
"com.hanhai.cshsgf","创世合成工坊",,,"3","0","ADX","16/4/2026 05:19:08"
"com.hanhai.jhll","骏鸿",,,"8","0","ADX","16/4/2026 05:19:00"
"com.haoxueche.coachclient","好学车教练版Pro",,,"3","0","ADX","16/4/2026 05:19:38"
"com.hasmash.photoby","鲜保智护","摄影摄像",,"1","0","ADX","16/4/2026 05:18:41"
"com.hbsjk.ppxlds","com.hbsjk.ppxlds",,,"1","0","ADX","16/4/2026 05:19:56"
"com.hck.home","幻彩库-VIVO",,,"800","0","ADX","16/4/2026 05:19:22"
"com.hck.home","幻彩库-小米",,,"3134","0","ADX","16/4/2026 05:19:53"
"com.hdqx.wxxl","海斗趣消","实用工具",,"45","0","ADX","16/4/2026 05:19:38"
"com.hdqx.wxxl","萤萤","实用工具",,"539","0","ADX","16/4/2026 05:18:46"
"com.helipay.life","小利生活",,,"1","0","ADX","16/4/2026 05:19:30"
"com.heng.pintu","记忆拼图",,,"3","0","ADX","16/4/2026 05:18:46"
"com.heytap.music.wsdebug","音乐",,,"2","0","ADX","16/4/2026 05:18:49"
"com.hftsoft.yjk","悠居客",,,"1","0","ADX","16/4/2026 05:19:36"
"com.hhxj.androidacts.mywidget","My Widget",,,"4","0","ADX","16/4/2026 05:19:49"
"com.hi12.k95.amh","流风充",,,"1","0","ADX","16/4/2026 05:18:35"
"com.hihonor.android.thememanager","荣耀主题",,,"9","0","ADX","16/4/2026 05:18:46"
"com.hihonor.android.totemweather","荣耀天气",,,"1471","0","ADX","16/4/2026 05:18:46"
"com.hihonor.appmarket","应用市场",,,"21","0","ADX","16/4/2026 05:18:46"
"com.hihonor.brain","APP建议",,,"271","0","ADX","16/4/2026 05:18:46"
"com.hihonor.calendar","荣耀日历",,,"580","0","ADX","16/4/2026 05:18:46"
"com.hihonor.gamecenter","游戏中心",,,"373","0","ADX","16/4/2026 05:18:46"
"com.hiopu.wpedy","com.hiopu.wpedy",,,"106","0","ADX","16/4/2026 05:19:40"
"com.hisense.pzhbluebus","花城智慧公交",,,"20","0","ADX","16/4/2026 05:18:46"
"com.hks.wadmm.mi","com.hks.wadmm.mi",,,"1","0","ADX","16/4/2026 05:19:56"
"com.hkyp.cn","宏客一品","综合服务",,"63","0","ADX","16/4/2026 05:18:46"
"com.hldcy.lsdsj","乐享奇赚",,,"44","0","ADX","16/4/2026 05:18:49"
"com.hldcy.lsdsj","大世界成语",,,"51","0","ADX","16/4/2026 05:19:32"
"com.hm.gwld","com.hm.gwld",,,"1","0","ADX","16/4/2026 05:19:56"
"com.hmwy.zzyd","猪猪阅读",,,"15","0","ADX","16/4/2026 05:19:38"
"com.hndk.kxjyds","开心解压大师",,,"1238","0","ADX","16/4/2026 05:19:49"
"com.hnhello.kiki","com.hnhello.kiki",,,"1256","0","ADX","16/4/2026 05:19:43"
"com.hnjiajie.zhixiaole","SDK聚合-iOS","其他",,"17828","0","ADX","16/4/2026 05:18:46"
"com.hnwx.wxj","微享集",,,"19","0","ADX","16/4/2026 05:18:46"
"com.hongrongda.app","宏荣达",,,"6","0","ADX","16/4/2026 05:19:28"
"com.hopeway.cam.shouwei","守卫",,,"7","0","ADX","16/4/2026 05:19:38"
"com.hopeway.hopewaycam","","监控",,"139","0","ADX","16/4/2026 05:18:46"
"com.hopeway.hopewaycam","SDK聚合-iOS","监控",,"362","0","ADX","16/4/2026 05:18:46"
"com.hoteamsoft.sview","Sview",,,"1","0","ADX","16/4/2026 05:19:16"
"com.hsksx.fkskt","疯狂烧烤摊",,,"1","0","ADX","16/4/2026 05:18:44"
"com.htzzj.mmzls","猫咪整理师-房间造景布置整理收纳达人",,,"8981","0","ADX","16/4/2026 05:19:43"
"com.huabenapp","话本小说-安卓","阅读",,"30066","0","ADX","16/4/2026 05:18:49"
"com.huachenjie.shandong.1","闪动校园",,,"4","0","ADX","16/4/2026 05:19:32"
"com.huachenjie.shandong_school_pro","com.huachenjie.shandong_school_pro",,,"1","0","ADX","16/4/2026 05:19:56"
"com.huachuang.neteyes","SDK聚合-iOS","实用工具",,"169","0","ADX","16/4/2026 05:18:46"
"com.huahan.sxyx","随学云校",,,"1","0","ADX","16/4/2026 05:18:48"
"com.huahua.block3","com.huahua.block3",,,"2","0","ADX","16/4/2026 05:18:49"
"com.huahua.saolei","扫雷世界-扫地雷小游戏对战","游戏-休闲益智",,"1772","0","ADX","16/4/2026 05:18:49"
"com.huashi6.hst","",,,"1","0","ADX","16/4/2026 05:18:41"
"com.huashi6.hst","触站",,,"21","0","ADX","16/4/2026 05:19:43"
"com.huateng.smly","水母乐园",,,"2","0","ADX","16/4/2026 05:18:42"
"com.huazx.hpy","com.huazx.hpy",,,"1","0","ADX","16/4/2026 05:19:56"
"com.huizu.maxinjiaosho","马欣教授",,,"4","0","ADX","16/4/2026 05:19:53"
"com.hujiang.cichang-ipad","沪江开心词场-IOS",,,"22","0","ADX","16/4/2026 05:19:53"
"com.hunantv.imgotv","com.hunantv.imgotv",,,"2","0","ADX","16/4/2026 05:19:14"
"com.hxleyou.desktopdog","桌面汪","桌面宠物/个性化",,"245","0","ADX","16/4/2026 05:19:53"
"com.hy.hongyu","红羽生活",,,"1","0","ADX","16/4/2026 05:19:47"
"com.hy.hongyu","红羽生活3.0",,,"3","0","ADX","16/4/2026 05:18:49"
"com.hzbx.monitoring.hzjkgj","com.hzbx.monitoring.hzjkgj",,,"21","0","ADX","16/4/2026 05:18:42"
"com.hzgame.wzbl","玩赚","棋牌游戏",,"101","0","ADX","16/4/2026 05:18:46"
"com.hzjn.axdngj","com.hzjn.axdngj",,,"1","0","ADX","16/4/2026 05:18:44"
"com.hzsmk.citizencardapp","",,,"67","0","ADX","16/4/2026 05:18:49"
"com.ibuscloud.weihaibus","威海公交官方",,,"164","0","ADX","16/4/2026 05:18:46"
"com.ichano.athome.camera","安卓",,,"7","0","ADX","16/4/2026 05:18:52"
"com.ichano.viewer","IOS",,,"1","0","ADX","16/4/2026 05:18:52"
"com.ichano.viewer","掌上看家",,,"2","0","ADX","16/4/2026 05:19:53"
"com.ieuh.idsc","简玩短视频夏日版",,,"8","0","ADX","16/4/2026 05:18:46"
"com.iflytek.inputime","com.iflytek.inputime",,,"13943","0","ADX","16/4/2026 05:18:40"
"com.iflytek.inputmethod","讯飞输入法-安卓",,,"3","0","ADX","16/4/2026 05:19:43"
"com.imendon.fomz","安卓","相机",,"10","0","ADX","16/4/2026 05:18:52"
"com.imendon.lumefilm","",,,"1","0","ADX","16/4/2026 05:18:41"
"com.improvemate","",,,"3","0","ADX","16/4/2026 05:19:14"
"com.inch.publicparents","sdk iOS",,,"1","0","ADX","16/4/2026 05:19:56"
"com.intereuler.gk","手伴",,,"1","0","ADX","16/4/2026 05:19:56"
"com.ionicframework.lifecirclemerchantfront573168","付呗","其他",,"8","0","ADX","16/4/2026 05:19:43"
"com.iot.iot360","360 IOT",,,"15","0","ADX","16/4/2026 05:19:53"
"com.ireadercity.weather","新晴天气_iOS",,,"190","0","ADX","16/4/2026 05:18:52"
"com.ireadercity.zhwll","Calendar_New_UI","阅读",,"104","0","ADX","16/4/2026 05:19:56"
"com.ishowtalk.dubbing","英语趣配音ios",,,"1032","0","ADX","16/4/2026 05:19:28"
"com.iuyt.rrng","玩赚小故事",,,"1256","0","ADX","16/4/2026 05:18:49"
"com.ivolgamus.hcf2pcn","",,,"98","0","ADX","16/4/2026 05:18:49"
"com.ivolgamus.hcf2pcn","com.ivolgamus.HCf2pCN",,,"1","0","ADX","16/4/2026 05:18:52"
"com.iwawoo.snipershootwar","com.iwawoo.snipershootwar",,,"1","0","ADX","16/4/2026 05:19:11"
"com.iwnoldglo.ohynjq","唾档钨卸矩非卡织",,,"1","0","ADX","16/4/2026 05:18:52"
"com.ixiaoma.shiyanbus","com.ixiaoma.shiyanBus",,,"4","0","ADX","16/4/2026 05:19:38"
"com.iyuba.englishfm","新概念英语全四册",,,"1","0","ADX","16/4/2026 05:18:52"
"com.jf.my","蜜源-安卓",,,"5458","0","ADX","16/4/2026 05:18:49"
"com.jh.life","钜惠",,,"2","0","ADX","16/4/2026 05:18:46"
"com.jianyu.fly","",,,"11","0","ADX","16/4/2026 05:19:53"
"com.jieruitech1.jingjiang-ios","com.jieruitech1.JINGJIANG-iOS",,,"3","0","ADX","16/4/2026 05:18:49"
"com.jiewang.ztbz.a55036ae61f1742bea65b6a57bc2320c7","com.jiewang.ztbz.a55036ae61f1742bea65b6a57bc2320c7",,,"1","0","ADX","16/4/2026 05:19:56"
"com.jiewang.ztbz.af4d4d1a762204cf7bc5fa33b5f48a21f","com.jiewang.ztbz.af4d4d1a762204cf7bc5fa33b5f48a21f",,,"1","0","ADX","16/4/2026 05:19:56"
"com.jiewang.ztbz.bf6ea9409e1934b63982bac24b904090d","com.jiewang.ztbz.bf6ea9409e1934b63982bac24b904090d",,,"1","0","ADX","16/4/2026 05:19:56"
"com.jiewang.ztbz.da7bb2978ae0a4078bc7fa2df0f369da0","com.jiewang.ztbz.da7bb2978ae0a4078bc7fa2df0f369da0",,,"1","0","ADX","16/4/2026 05:19:56"
"com.jiewang.ztbz.dbd425ee930974a5aa8186ac3d3d18003","com.jiewang.ztbz.dbd425ee930974a5aa8186ac3d3d18003",,,"2","0","ADX","16/4/2026 05:19:56"
"com.jiewang.ztbz.dded81a65fc6d4fb6b726c73acb8b7d15","com.jiewang.ztbz.dded81a65fc6d4fb6b726c73acb8b7d15",,,"1","0","ADX","16/4/2026 05:19:56"
"com.jiewang.ztbz.e47695caf91ce4a7caf27e83198d03b92","com.jiewang.ztbz.e47695caf91ce4a7caf27e83198d03b92",,,"1","0","ADX","16/4/2026 05:19:56"
"com.jiewang.ztbz.g047acc4a9b794751a6ef544d2b63d163","com.jiewang.ztbz.g047acc4a9b794751a6ef544d2b63d163",,,"2","0","ADX","16/4/2026 05:19:56"
"com.jiewang.ztbz.i96eadbe2fdc9487586e1cdc0c0f98ec6","com.jiewang.ztbz.i96eadbe2fdc9487586e1cdc0c0f98ec6",,,"1","0","ADX","16/4/2026 05:19:56"
"com.jiewang.ztbz.ib55e0a1d2a984980ac82511ac074a48b","com.jiewang.ztbz.ib55e0a1d2a984980ac82511ac074a48b",,,"1","0","ADX","16/4/2026 05:19:56"
"com.jiewang.ztbz.j489220c5c7fc4f148dd3d57b581e6047","com.jiewang.ztbz.j489220c5c7fc4f148dd3d57b581e6047",,,"1","0","ADX","16/4/2026 05:19:56"
"com.jiewang.ztbz.jcf7047e3a47d4fb9b472630c82317746","com.jiewang.ztbz.jcf7047e3a47d4fb9b472630c82317746",,,"1","0","ADX","16/4/2026 05:19:56"
"com.jiewang.ztbz.je14eb20698404b458234cc72d15f62cc","com.jiewang.ztbz.je14eb20698404b458234cc72d15f62cc",,,"1","0","ADX","16/4/2026 05:19:56"
"com.jiewang.ztbz.k6bc20d3d100c4d04947bcb79f372ae4b","com.jiewang.ztbz.k6bc20d3d100c4d04947bcb79f372ae4b",,,"1","0","ADX","16/4/2026 05:19:56"
"com.jiewang.ztbz.m746afa1161804ec992ae484bfdeda555","com.jiewang.ztbz.m746afa1161804ec992ae484bfdeda555",,,"2","0","ADX","16/4/2026 05:19:56"
"com.jiewang.ztbz.mb2d819f6f0434998ba09d5c74e70f9e0","com.jiewang.ztbz.mb2d819f6f0434998ba09d5c74e70f9e0",,,"1","0","ADX","16/4/2026 05:19:56"
"com.jiewang.ztbz.n02f72563167640418581fa64f35b0628","com.jiewang.ztbz.n02f72563167640418581fa64f35b0628",,,"1","0","ADX","16/4/2026 05:19:56"
"com.jiewang.ztbz.n7552b4a1f8ee4e088701d456baf2272f","com.jiewang.ztbz.n7552b4a1f8ee4e088701d456baf2272f",,,"1","0","ADX","16/4/2026 05:19:56"
"com.jiewang.ztbz.t116868afbe2d4c2fa37bf972c4a664e6","com.jiewang.ztbz.t116868afbe2d4c2fa37bf972c4a664e6",,,"1","0","ADX","16/4/2026 05:19:56"
"com.jiewang.ztbz.t2e428fa9b7614a67b2c3c8ec1c41db62","com.jiewang.ztbz.t2e428fa9b7614a67b2c3c8ec1c41db62",,,"1","0","ADX","16/4/2026 05:19:56"
"com.jiewang.ztbz.t605c06730c9f4b9b8741bc96c4148ffb","com.jiewang.ztbz.t605c06730c9f4b9b8741bc96c4148ffb",,,"2","0","ADX","16/4/2026 05:19:56"
"com.jiewang.ztbz.u1e965116cd59413ea1df338fa4a213c7","com.jiewang.ztbz.u1e965116cd59413ea1df338fa4a213c7",,,"1","0","ADX","16/4/2026 05:19:56"
"com.jiewang.ztbz.vb3c529f61a984258bf01e5160f790dd4","com.jiewang.ztbz.vb3c529f61a984258bf01e5160f790dd4",,,"1","0","ADX","16/4/2026 05:19:56"
"com.jiewang.ztbz.xa8bd1333b9be470ba64af8e81508847f","com.jiewang.ztbz.xa8bd1333b9be470ba64af8e81508847f",,,"1","0","ADX","16/4/2026 05:19:56"
"com.jiewang.ztbz.xe05e73b223c346d198422e190d05321f","com.jiewang.ztbz.xe05e73b223c346d198422e190d05321f",,,"1","0","ADX","16/4/2026 05:19:56"
"com.jieyisoft.weex.hcyktapp","com.jieyisoft.weex.hcyktApp",,,"1","0","ADX","16/4/2026 05:18:48"
"com.jike.saomiao","迹刻扫描",,,"1895","0","ADX","16/4/2026 05:19:53"
"com.jimi.houshijing.appstore","com.jimi.houshijing.appstore",,,"1","0","ADX","16/4/2026 05:19:40"
"com.jimi.jimionline","com.jimi.jimionline",,,"1","0","ADX","16/4/2026 05:19:56"
"com.jimi.jimionline","几米在线",,,"48","0","ADX","16/4/2026 05:19:38"
"com.jingsai.competitionwork","赛氪",,,"1","0","ADX","16/4/2026 05:19:36"
"com.jingzhixing.fj.t63cf7883abee4226a2410af0e662580a","风象日记",,,"1","0","ADX","16/4/2026 05:18:44"
"com.jingzhixing.fj.y7f08cdbd12224b0da2c0c981c7abae97","com.jingzhixing.fj.y7f08cdbd12224b0da2c0c981c7abae97",,,"1","0","ADX","16/4/2026 05:19:56"
"com.jingzhixing.fj.yc88348eeefdd494196bc8a6028818618","风象日记",,,"1","0","ADX","16/4/2026 05:18:44"
"com.jiniangu.xiatan","com.jiniangu.xiatan",,,"2","0","ADX","16/4/2026 05:19:20"
"com.jinrisyxj.measure.xnm","xnm",,,"2851","0","ADX","16/4/2026 05:18:46"
"com.jinshu.jzt","","实用工具",,"60","0","ADX","16/4/2026 05:18:46"
"com.jiritqwhite","天气预报气象报-精准天气预报","实用工具",,"8","0","ADX","16/4/2026 05:19:43"
"com.jiritqwhite","安卓","实用工具",,"1","0","ADX","16/4/2026 05:18:52"
"com.jiujia.sqiyan","省七言",,,"12","0","ADX","16/4/2026 05:19:38"
"com.jizhi.jlongg.jzzg","建筑招工",,,"8","0","ADX","16/4/2026 05:19:49"
"com.jj.exciting","趣爽剧",,,"224","0","ADX","16/4/2026 05:18:40"
"com.jj.jqh","剧趣盒",,,"1625","0","ADX","16/4/2026 05:19:28"
"com.jj.wifi.zdbsll","com.jj.wifi.zdbsll",,,"1","0","ADX","16/4/2026 05:18:48"
"com.jkjx.ytnovel","云吞",,,"184","0","ADX","16/4/2026 05:18:49"
"com.jmw.gzad","贝贝365",,,"3","0","ADX","16/4/2026 05:18:46"
"com.jng.yxssbyq.ios","com.jng.yxssbyq.ios",,,"4","0","ADX","16/4/2026 05:19:08"
"com.jnhj.ghyu","小金牛短剧",,,"171","0","ADX","16/4/2026 05:18:46"
"com.jnhj.ghyu","小金牛贺岁版",,,"3748","0","ADX","16/4/2026 05:18:49"
"com.jooan.cateyeelf","IOS",,,"9","0","ADX","16/4/2026 05:18:52"
"com.jooan.cateyeelf","SDK聚合-iOS",,,"20833","0","ADX","16/4/2026 05:18:46"
"com.jooan.cateyeelf","启明",,,"5","0","ADX","16/4/2026 05:19:53"
"com.jooan.cateyeelf","喵眼精灵iOS",,,"117","0","ADX","16/4/2026 05:19:38"
"com.jooan.cateyeelf","猫眼精灵",,,"247","0","ADX","16/4/2026 05:18:56"
"com.jooan.cowelf","安卓","实用工具",,"3","0","ADX","16/4/2026 05:18:52"
"com.jooan.cowelf","牛精灵-ios","实用工具",,"4","0","ADX","16/4/2026 05:19:53"
"com.jooan.iosdelicamera","com.jooan.iOSDeLiCamera",,,"2","0","ADX","16/4/2026 05:19:19"
"com.jooan.leanfu","",,,"1","0","ADX","16/4/2026 05:18:41"
"com.jooan.leanfu","安卓",,,"1","0","ADX","16/4/2026 05:18:52"
"com.jooan.smarteye.lenovo","",,,"44","0","ADX","16/4/2026 05:18:49"
"com.jooan.smarteye.lenovo","安卓",,,"43","0","ADX","16/4/2026 05:18:52"
"com.jooan.taisiwei","","视频监控",,"1","0","ADX","16/4/2026 05:18:52"
"com.jooan.taisiwei","多多监控-android","视频监控",,"1","0","ADX","16/4/2026 05:19:51"
"com.jooan.zhijian","启明",,,"4","0","ADX","16/4/2026 05:19:53"
"com.jooan.zhijian","指尖看看",,,"1","0","ADX","16/4/2026 05:18:48"
"com.jovetech.cloudsee.temp","云视通-正式","实用工具",,"108156","0","ADX","16/4/2026 05:18:49"
"com.jovetech.cloudsee.temp","安卓","实用工具",,"54","0","ADX","16/4/2026 05:18:52"
"com.jovision.cloudseepro","云视通-iOS","安防监控",,"38065","0","ADX","16/4/2026 05:18:49"
"com.jovision.cloudseepro","云视通ios","安防监控",,"2","0","ADX","16/4/2026 05:19:56"
"com.jp.allpeople.wifi","",,,"1","0","ADX","16/4/2026 05:18:41"
"com.jsppjs","JSPP安卓极速版","聊天社交",,"236","0","ADX","16/4/2026 05:18:49"
"com.jsppqt.www","JSPP",,,"2","0","ADX","16/4/2026 05:18:52"
"com.jsppqt.www","JSPPios",,,"3","0","ADX","16/4/2026 05:18:52"
"com.ju.youtian","柚甜短剧",,,"14525","0","ADX","16/4/2026 05:19:00"
"com.juanvision.eseenetprojh","易视云",,,"1","0","ADX","16/4/2026 05:19:36"
"com.juanvision.eseenetprok","易视云",,,"66","0","ADX","16/4/2026 05:19:53"
"com.juejinchain.qyb","千阅宝Android",,,"1","0","ADX","16/4/2026 05:19:47"
"com.julanling.overtime","安心记加班-iOS","办公/考勤",,"109","0","ADX","16/4/2026 05:18:52"
"com.julanling.overtime","聚兰灵考勤","办公/考勤",,"12","0","ADX","16/4/2026 05:19:53"
"com.julanling.overtime.001","安心记加班",,,"1","0","ADX","16/4/2026 05:18:41"
"com.jvhezhineng.agent","聚合智能展业","未知",,"4","0","ADX","16/4/2026 05:18:46"
"com.jxedt","驾校一点通-安卓",,,"1","0","ADX","16/4/2026 05:18:41"
"com.jxedt.driverhd","SDK聚合-iOS","驾考学习",,"50604","0","ADX","16/4/2026 05:18:46"
"com.jxedt.driverhd","驾校一点通-ios","驾考学习",,"780","0","ADX","16/4/2026 05:18:52"
"com.jxqw.wxxl","洋洋max","实用工具",,"1","0","ADX","16/4/2026 05:18:41"
"com.jxqw.wxxl","聚星趣玩","实用工具",,"17","0","ADX","16/4/2026 05:18:46"
"com.jy.x.separation.manager","团团分身",,,"2","0","ADX","16/4/2026 05:19:53"
"com.jz.szsxj","喵呜漫画",,,"20","0","ADX","16/4/2026 05:19:19"
"com.jz.szsxj","收支随心记",,,"277","0","ADX","16/4/2026 05:18:46"
"com.jz.szsxj","猫头鹰",,,"68","0","ADX","16/4/2026 05:19:53"
"com.jzdm.zdzj","com.jzdm.zdzj",,,"1","0","ADX","16/4/2026 05:19:30"
"com.kailuo.carrot4","com.KaiLuo.Carrot4",,,"122","0","ADX","16/4/2026 05:19:38"
"com.kaixiniot.vipeye","VIPEYE",,,"10","0","ADX","16/4/2026 05:19:53"
"com.kc.scan.wanchi","com.kc.scan.wanchi",,,"6","0","ADX","16/4/2026 05:18:46"
"com.kdmei.huifuwang","閱讀","阅读/小说",,"9","0","ADX","16/4/2026 05:19:38"
"com.kdmei.huifuwang","閲讀","阅读/小说",,"3","0","ADX","16/4/2026 05:19:38"
"com.kele.shortplay","可乐短剧",,,"1","0","ADX","16/4/2026 05:18:32"
"com.kiloo.subwaysurf.sw","地铁跑酷",,,"14","0","ADX","16/4/2026 05:19:49"
"com.kinet.oscop","尚玩甜品-260405",,,"1","0","ADX","16/4/2026 05:19:51"
"com.kinet.oscop","梦幻甜品屋",,,"22","0","ADX","16/4/2026 05:18:46"
"com.kmxs.reader","七猫免费小说 1",,,"2","0","ADX","16/4/2026 05:19:38"
"com.kmxs.reader","安卓",,,"6291","0","ADX","16/4/2026 05:18:52"
"com.koudai.weidian.new.buyer","微店",,,"4","0","ADX","16/4/2026 05:19:32"
"com.kqes.daqing.ngaq.tik","",,,"1","0","ADX","16/4/2026 05:18:48"
"com.ksj.seelink","com.ksj.seelink","视频监控",,"1","0","ADX","16/4/2026 05:18:52"
"com.kt.hzvoluntee260125","志愿汇02",,,"2","0","ADX","16/4/2026 05:19:28"
"com.kt.hzvoluntee260407","志愿汇2",,,"3","0","ADX","16/4/2026 05:19:53"
"com.kuaicainmw.zbd","生活妙招",,,"7","0","ADX","16/4/2026 05:18:46"
"com.kuaidian.fastprint","快点云打印",,,"5","0","ADX","16/4/2026 05:18:46"
"com.kuaiduizuoye.scan","",,,"12","0","ADX","16/4/2026 05:19:43"
"com.kuaiduizuoye.scan","快对",,,"1071","0","ADX","16/4/2026 05:19:53"
"com.kuaishou.nebula","快手极速版",,,"1","0","ADX","16/4/2026 05:18:41"
"com.kuaizhou.jiasuqi","快喵加速器",,,"7","0","ADX","16/4/2026 05:19:43"
"com.kuangsheng.tklmdld","土豆奇遇记",,,"93","0","ADX","16/4/2026 05:19:22"
"com.kuangsheng.tklmdld","我在老城区跑酷",,,"40","0","ADX","16/4/2026 05:19:32"
"com.kuangsheng.tklmdld","熊猫探险计划",,,"92","0","ADX","16/4/2026 05:19:28"
"com.kuangsheng.tklmdld","狂飙大卡车",,,"80","0","ADX","16/4/2026 05:19:14"
"com.kuangsheng.tklmdld","看我奇思妙想",,,"76","0","ADX","16/4/2026 05:19:43"
"com.kuibuji.home","跬步集-OPPO",,,"313","0","ADX","16/4/2026 05:19:53"
"com.kunpo.bigfish","",,,"25","0","ADX","16/4/2026 05:18:46"
"com.kwai.videoeditor.test.wx.videorender","快影",,,"1","0","ADX","16/4/2026 05:19:56"
"com.ky.hjq","SDK聚合-iOS",,,"1","0","ADX","16/4/2026 05:18:41"
"com.ky.hjq","韩剧TV",,,"1","0","ADX","16/4/2026 05:19:03"
"com.landinx.quickapp","蓝丁香",,,"10","0","ADX","16/4/2026 05:19:14"
"com.lanjingren.ivwen","IOS",,,"6","0","ADX","16/4/2026 05:18:52"
"com.lanjingren.ivwen","安卓",,,"39","0","ADX","16/4/2026 05:18:52"
"com.lanshan.jianli","com.lanshan.jianli",,,"2","0","ADX","16/4/2026 05:18:48"
"com.lanyuxl.mi","com.lanyuxl.mi",,,"1","0","ADX","16/4/2026 05:19:40"
"com.lapian.cleanphone","",,,"1","0","ADX","16/4/2026 05:18:41"
"com.lapian.cleanphone","燎原小说",,,"1","0","ADX","16/4/2026 05:19:36"
"com.lbrenyicai.zbd","刘备仁义猜",,,"15","0","ADX","16/4/2026 05:18:46"
"com.lcw.daodaopic","图叨叨",,,"9","0","ADX","16/4/2026 05:18:42"
"com.learn.words.mouse","",,,"7","0","ADX","16/4/2026 05:18:49"
"com.learn.words.mouse","启明",,,"4","0","ADX","16/4/2026 05:18:46"
"com.leholady.colorfy","Paint数字填色",,,"1","0","ADX","16/4/2026 05:18:52"
"com.leisu.sports.1","com.leisu.sports.1",,,"1","0","ADX","16/4/2026 05:19:03"
"com.leisu.sports.1","leisu1",,,"7","0","ADX","16/4/2026 05:19:43"
"com.leisu.sports.11","com.leisu.sports.11",,,"2","0","ADX","16/4/2026 05:19:19"
"com.leisu.sports.11","leisu11",,,"7","0","ADX","16/4/2026 05:19:43"
"com.leisu.sports.16","com.leisu.sports.16",,,"1","0","ADX","16/4/2026 05:19:20"
"com.leisu.sports.16","leisu16",,,"9","0","ADX","16/4/2026 05:19:43"
"com.leisu.sports.18","com.leisu.sports.18",,,"2","0","ADX","16/4/2026 05:19:30"
"com.leisu.sports.4","leisu4",,,"4","0","ADX","16/4/2026 05:19:19"
"com.leisu.sports.5","com.leisu.sports.5",,,"1","0","ADX","16/4/2026 05:19:20"
"com.leisu.sports.8","com.leisu.sports.8",,,"2","0","ADX","16/4/2026 05:19:19"
"com.leisu.sports.8","leisu8",,,"9","0","ADX","16/4/2026 05:19:28"
"com.leisu.sports0734","com.leisu.sports0734",,,"1","0","ADX","16/4/2026 05:19:56"
"com.leisu.sports0734","老臣",,,"2","0","ADX","16/4/2026 05:19:14"
"com.leisu.sports1540","毅",,,"1","0","ADX","16/4/2026 05:19:51"
"com.leisu.sports2020","leisu20",,,"5","0","ADX","16/4/2026 05:19:53"
"com.leisu.sports6335","颖",,,"4","0","ADX","16/4/2026 05:19:49"
"com.leisu.sports7137","珍",,,"6","0","ADX","16/4/2026 05:19:49"
"com.leisu.sports7654","com.leisu.sports7654",,,"1","0","ADX","16/4/2026 05:19:11"
"com.leisu.sports9","9",,,"1","0","ADX","16/4/2026 05:19:25"
"com.leisu.sports9232","com.leisu.sports9232",,,"1","0","ADX","16/4/2026 05:19:36"
"com.leisu.sports俊俊俊俊","com.leisu.sports俊俊俊俊",,,"1","0","ADX","16/4/2026 05:19:16"
"com.leisu.sports俊俊俊俊","俊",,,"4","0","ADX","16/4/2026 05:19:43"
"com.leisu.sports冰冰冰冰","冰",,,"5","0","ADX","16/4/2026 05:19:14"
"com.leisu.sports成成成成","成",,,"2","0","ADX","16/4/2026 05:19:32"
"com.leisu.sports新新新新","com.leisu.sports新新新新",,,"1","0","ADX","16/4/2026 05:19:16"
"com.leisu.sports新新新新","新",,,"2","0","ADX","16/4/2026 05:19:32"
"com.leisu.sports朋朋朋朋","朋",,,"1","0","ADX","16/4/2026 05:19:03"
"com.leisu.sports童童童童","童",,,"1","0","ADX","16/4/2026 05:19:20"
"com.lenchi.xmtxjh","帽子先森奇遇记",,,"1931","0","ADX","16/4/2026 05:19:53"
"com.lenchi.xmtxjh","我在老城区跑酷",,,"367","0","ADX","16/4/2026 05:19:43"
"com.lenchi.xmtxjh","熊猫探险计划",,,"1933","0","ADX","16/4/2026 05:19:38"
"com.lenchi.xmtxjh","狂飙大卡车",,,"1989","0","ADX","16/4/2026 05:19:22"
"com.lenchi.xmtxjh","看我奇思妙想",,,"2058","0","ADX","16/4/2026 05:19:38"
"com.lenchi.zkxns","土豆奇遇记",,,"797","0","ADX","16/4/2026 05:18:56"
"com.lenchi.zkxns","我在老城区跑酷",,,"59","0","ADX","16/4/2026 05:18:56"
"com.lenchi.zkxns","熊猫探险计划",,,"809","0","ADX","16/4/2026 05:18:56"
"com.lenchi.zkxns","狂飙大卡车",,,"927","0","ADX","16/4/2026 05:18:56"
"com.lenchi.zkxns","看我奇思妙想",,,"848","0","ADX","16/4/2026 05:19:38"
"com.lenovo.smarteye.qiaoan","",,,"4","0","ADX","16/4/2026 05:18:46"
"com.lenovo.smarteye.qiaoan","IOS",,,"4","0","ADX","16/4/2026 05:18:52"
"com.lepao.lptiyu.19","步道乐跑",,,"1","0","ADX","16/4/2026 05:19:20"
"com.lepao.lptiyu.20","步道乐跑",,,"2","0","ADX","16/4/2026 05:19:22"
"com.lepao.lptiyu.29","步道乐跑",,,"1","0","ADX","16/4/2026 05:19:11"
"com.lepao.lptiyu.33","步道乐跑",,,"1","0","ADX","16/4/2026 05:19:16"
"com.lepao.lptiyu.40","步道乐跑",,,"1","0","ADX","16/4/2026 05:19:11"
"com.lg.lhb.one","com.lg.lhb.one","游戏工具",,"1","0","ADX","16/4/2026 05:19:56"
"com.lg.lhb.one","乐欢宝","游戏工具",,"223","0","ADX","16/4/2026 05:18:49"
"com.lg.youbao","乐欢宝",,,"122","0","ADX","16/4/2026 05:18:49"
"com.libii.march.cn","com.libii.march.cn",,,"1","0","ADX","16/4/2026 05:18:41"
"com.lingqiscan.manager","com.lingqiscan.manager",,,"1","0","ADX","16/4/2026 05:19:56"
"com.lingqiscan.manager","灵启扫描管家",,,"1","0","ADX","16/4/2026 05:19:20"
"com.linkwifi.wifikey","NewLite","工具/网络",,"2","0","ADX","16/4/2026 05:18:41"
"com.lintuo.gbnbdw","看我奇思妙想",,,"28","0","ADX","16/4/2026 05:19:53"
"com.lionsoft.soundmaker.krl.lrk","酷日历",,,"5","0","ADX","16/4/2026 05:18:49"
"com.liqun.zhuju","SDK聚合-iOS",,,"3908","0","ADX","16/4/2026 05:18:46"
"com.liubowang.fakecall","模拟来电",,,"8","0","ADX","16/4/2026 05:19:53"
"com.liuyingmian.home","流萤眠-OPPO",,,"13","0","ADX","16/4/2026 05:19:53"
"com.liuyt.hnmu","趣刷趣赚","教育",,"2868","0","ADX","16/4/2026 05:18:49"
"com.lixiangdong.classschedule","满分课程表",,,"13","0","ADX","16/4/2026 05:19:49"
"com.liyan.cwxxl.a","宠物消消乐",,,"9","0","ADX","16/4/2026 05:18:46"
"com.liyan.qmxcxb.a","全民消除寻宝",,,"10","0","ADX","16/4/2026 05:18:46"
"com.liyan.qmxcxb.c","全民消除寻宝",,,"14","0","ADX","16/4/2026 05:18:46"
"com.ljdpx.lmts.tg2","谜题大冒险",,,"617","0","ADX","16/4/2026 05:18:46"
"com.lkwgzdpvp.cc","com.lkwgzdpvp.cc",,,"2","0","ADX","16/4/2026 05:19:56"
"com.llt.pp","PP停车","共享出行",,"1","0","ADX","16/4/2026 05:19:56"
"com.lltskb.lltskb","未知","旅行交通",,"1","0","ADX","16/4/2026 05:18:52"
"com.lncjo.bygre.koda","com.lncjo.bygre.koda",,,"2","0","ADX","16/4/2026 05:19:56"
"com.loongcrowngames.moveblockout","com.loongcrowngames.moveblockout",,,"1354","0","ADX","16/4/2026 05:19:38"
"com.loookwp.ljyh","com.loookwp.ljyh",,,"22","0","ADX","16/4/2026 05:18:36"
"com.lshuashuac.cpa","刷刷乐c",,,"15","0","ADX","16/4/2026 05:18:46"
"com.lstech.rehealth","守望领域",,,"17","0","ADX","16/4/2026 05:19:53"
"com.luiz.lovenote1","恋爱记1",,,"3","0","ADX","16/4/2026 05:19:19"
"com.lunaris.spark","麦客猜歌版",,,"56","0","ADX","16/4/2026 05:18:46"
"com.lxhd.ggcg","com.lxhd.ggcg",,,"7","0","ADX","16/4/2026 05:18:46"
"com.lxhd.qmcgw","com.lxhd.qmcgw",,,"2","0","ADX","16/4/2026 05:18:46"
"com.lxhd.ttzdj","",,,"2","0","ADX","16/4/2026 05:18:46"
"com.lxzj.bus.sxgj","com.lxzj.bus.sxgj","兰溪市正晶信息技术服务有限公司",,"2","0","ADX","16/4/2026 05:18:46"
"com.lygwyy.kxcgv1","开心猜歌",,,"1098","0","ADX","16/4/2026 05:18:46"
"com.lzpxfzj.ios.app","老照片修复",,,"57","0","ADX","16/4/2026 05:19:53"
"com.m1905.iphone","1905电影网",,,"2","0","ADX","16/4/2026 05:19:00"
"com.m1905.mobilefree","1905电影网",,,"5","0","ADX","16/4/2026 05:19:53"
"com.macrovideo.a380","SDK聚合-iOS",,,"398","0","ADX","16/4/2026 05:18:46"
"com.macrovideo.a380","com.macrovideo.a380",,,"13","0","ADX","16/4/2026 05:19:38"
"com.macrovideo.a380pro","SDK聚合-iOS","系统工具/监控",,"1278","0","ADX","16/4/2026 05:18:46"
"com.macrovideo.bjjl","BJJL","摄影摄像",,"11","0","ADX","16/4/2026 05:19:53"
"com.macrovideo.bjjl","SDK聚合-iOS","摄影摄像",,"52191","0","ADX","16/4/2026 05:18:46"
"com.macrovideo.bjjl","北境精灵-android","摄影摄像",,"7","0","ADX","16/4/2026 05:19:49"
"com.macrovideo.bjjl","安卓","摄影摄像",,"10","0","ADX","16/4/2026 05:18:52"
"com.macrovideo.bjjl","牛精灵_iOS","摄影摄像",,"198567","0","ADX","16/4/2026 05:18:46"
"com.macrovideo.lws380","com.macrovideo.lws380",,,"2","0","ADX","16/4/2026 05:19:56"
"com.macrovideo.v380pro","T_V380 Pro","居家生活",,"12","0","ADX","16/4/2026 05:19:53"
"com.magicgame.mnumlink1a","com.magicgame.mnumlink1a",,,"16","0","ADX","16/4/2026 05:19:28"
"com.mailiankeji.bittok","com.mailiankeji.bittok",,,"1","0","ADX","16/4/2026 05:19:40"
"com.maisidun.tidedayu","大鱼潮汐",,,"1","0","ADX","16/4/2026 05:18:41"
"com.makeover.sort.makeup","路人改造王",,,"116","0","ADX","16/4/2026 05:19:49"
"com.malafe","指尖桌面",,,"1","0","ADX","16/4/2026 05:18:41"
"com.mall.yg","优购百货",,,"2","0","ADX","16/4/2026 05:19:38"
"com.mandian.mandianshenghuo","SDK聚合-iOS",,,"32","0","ADX","16/4/2026 05:18:46"
"com.manhua.zhaopians","照片漫画",,,"1","0","ADX","16/4/2026 05:19:56"
"com.manhua.zzz","西柚漫画",,,"4","0","ADX","16/4/2026 05:19:14"
"com.manmanyou.comic","黑夜",,,"6","0","ADX","16/4/2026 05:19:32"
"com.manmanyou.comic.acarx45254.nywa326.zlpdpcn4327.cioxmkm5472.kmehaum225","亲亲漫画",,,"1","0","ADX","16/4/2026 05:18:41"
"com.manmanyou.comic.axntjb830.ucq56.ovshfl3422.uwd63.qkdprfd33748","一耽漫画",,,"1","0","ADX","16/4/2026 05:18:44"
"com.manmanyou.comic.lqtjpvi02.latw7035.amjk42.aqamtu8327.qijn44","香香腐宅",,,"1","0","ADX","16/4/2026 05:19:30"
"com.manmanyou.comic.mzfvn1583.vuprnp27.soxe78.qfpdaog1331.lxob166","jmcomic",,,"12","0","ADX","16/4/2026 05:19:43"
"com.manmanyou.comic.nrg8616.stut357.jjqxz817.atyvk76.zbvuv16","36漫画",,,"1","0","ADX","16/4/2026 05:18:48"
"com.manmanyou.comic.pufqqzw105.iyr845.hig00.mvqlhz64.rcssg740","欲漫社",,,"1","0","ADX","16/4/2026 05:18:35"
"com.manmanyou.comic.tjaq1064.yorwnfn0375.wcy41.sedyn51870.torig7421","极速漫画",,,"1","0","ADX","16/4/2026 05:18:39"
"com.manmanyou.comic.zecew3614.ujlh713.gmbxhvq36262.ehidedi13300.swjdqy4024","91漫画",,,"1","0","ADX","16/4/2026 05:19:51"
"com.manzz.app.studentdriver","com.manzz.app.StudentDriver",,,"2","0","ADX","16/4/2026 05:19:53"
"com.manzz.app.studentdriver","好学车学员专业版",,,"25","0","ADX","16/4/2026 05:19:53"
"com.market.chenxiang","应用商店",,,"2","0","ADX","16/4/2026 05:18:56"
"com.market.chenxiang","手机助手-sb",,,"317","0","ADX","16/4/2026 05:18:49"
"com.market2345","手机助手-gf",,,"242","0","ADX","16/4/2026 05:18:49"
"com.mating.jztq.aac147d1fc62a4b658da31d1f02a5e330","com.mating.jztq.aac147d1fc62a4b658da31d1f02a5e330",,,"1","0","ADX","16/4/2026 05:19:56"
"com.mating.jztq.b1fa54c2bb8164c2ca38c4c7cf87318a7","com.mating.jztq.b1fa54c2bb8164c2ca38c4c7cf87318a7",,,"1","0","ADX","16/4/2026 05:19:56"
"com.mating.jztq.d7105324696db4cd3aea47559d3ebe564","com.mating.jztq.d7105324696db4cd3aea47559d3ebe564",,,"1","0","ADX","16/4/2026 05:19:56"
"com.mating.jztq.e18a5f9d8bd744757811699de2c47c8bc","com.mating.jztq.e18a5f9d8bd744757811699de2c47c8bc",,,"1","0","ADX","16/4/2026 05:19:56"
"com.mating.jztq.f96f27adf71c34e1a8853c0ad0c317136","com.mating.jztq.f96f27adf71c34e1a8853c0ad0c317136",,,"1","0","ADX","16/4/2026 05:19:56"
"com.mating.jztq.kf0b265af580f4572b2611b5a14f7dad5","com.mating.jztq.kf0b265af580f4572b2611b5a14f7dad5",,,"1","0","ADX","16/4/2026 05:19:56"
"com.mating.jztq.o2207bff5888c42f19f9bdb9939732bcd","com.mating.jztq.o2207bff5888c42f19f9bdb9939732bcd",,,"2","0","ADX","16/4/2026 05:19:56"
"com.mating.jztq.s9d3712a321b047bc9122632add990321","com.mating.jztq.s9d3712a321b047bc9122632add990321",,,"1","0","ADX","16/4/2026 05:19:56"
"com.mating.jztq.u0a40ce3103d04aa485841cf959a57cbd","com.mating.jztq.u0a40ce3103d04aa485841cf959a57cbd",,,"1","0","ADX","16/4/2026 05:19:56"
"com.mating.jztq.w3c3810db35994e8e8c165e778b55a60d","com.mating.jztq.w3c3810db35994e8e8c165e778b55a60d",,,"3","0","ADX","16/4/2026 05:19:56"
"com.mating.sygj.b64209078858b40e7967207097390d73c","速用工具管家",,,"1","0","ADX","16/4/2026 05:19:47"
"com.mating.sygj.bcbec5581aa434ef489a4b93ab2a54280","速用工具管家",,,"1","0","ADX","16/4/2026 05:19:51"
"com.mating.sygj.h040018cc57af4de5945d587dfbd8413d","com.mating.sygj.h040018cc57af4de5945d587dfbd8413d",,,"4","0","ADX","16/4/2026 05:19:56"
"com.mating.sygj.k09f98a6c4f6e4d37b56f68034cb0cd31","com.mating.sygj.k09f98a6c4f6e4d37b56f68034cb0cd31",,,"2","0","ADX","16/4/2026 05:19:56"
"com.mating.sygj.l488d11bc91674327af65fbf60aa57ab0","com.mating.sygj.l488d11bc91674327af65fbf60aa57ab0",,,"1","0","ADX","16/4/2026 05:19:56"
"com.mating.sygj.qe468d11456e44894aea6fde19b11855f","com.mating.sygj.qe468d11456e44894aea6fde19b11855f",,,"1","0","ADX","16/4/2026 05:19:56"
"com.mating.sygj.vd1fae788345a4c64970f8dfb75d51cef","com.mating.sygj.vd1fae788345a4c64970f8dfb75d51cef",,,"1","0","ADX","16/4/2026 05:19:56"
"com.mating.sygj.xf72d419746b24bd9b68fbba6a9da00db","com.mating.sygj.xf72d419746b24bd9b68fbba6a9da00db",,,"1","0","ADX","16/4/2026 05:19:56"
"com.mc.ldq","X8沙箱",,,"5","0","ADX","16/4/2026 05:19:53"
"com.mcjk.baifenbaimingzhong","百分百命中",,,"1","0","ADX","16/4/2026 05:18:44"
"com.mclxxrjc.cpa","乐消消软件c",,,"113","0","ADX","16/4/2026 05:18:46"
"com.mcmyxxld.cpa","蜜柚消消乐d",,,"4","0","ADX","16/4/2026 05:18:46"
"com.mcssjbfang.mcapp","com.mcssjbfang.mcapp",,,"1","0","ADX","16/4/2026 05:18:44"
"com.mcxingxinglxxd.cpa","com.mcxingxinglxxd.cpa",,,"3","0","ADX","16/4/2026 05:18:44"
"com.mcyanggaungkkc.cpa","阳光看看c",,,"5","0","ADX","16/4/2026 05:18:48"
"com.mdk.ear","安卓",,,"1","0","ADX","16/4/2026 05:18:52"
"com.mdkj.huiyouhui","惠优惠多多",,,"28","0","ADX","16/4/2026 05:19:43"
"com.meigoo.cleaner","SDK聚合-iOS",,,"541","0","ADX","16/4/2026 05:18:46"
"com.meituan.cn","美团-xbl",,,"15","0","ADX","16/4/2026 05:19:49"
"com.meituanwaimai.ios","com.meituanwaimai.ios",,,"2","0","ADX","16/4/2026 05:19:56"
"com.meituanwaimai.ios","聚合美团外卖",,,"928","0","ADX","16/4/2026 05:19:53"
"com.mendon.riza","","摄影摄像",,"3","0","ADX","16/4/2026 05:18:49"
"com.mendon.riza","安卓","摄影摄像",,"34","0","ADX","16/4/2026 05:18:52"
"com.mendon.riza","日杂相机","摄影摄像",,"1","0","ADX","16/4/2026 05:18:59"
"com.mengjun.dannovel","书耽",,,"19445","0","ADX","16/4/2026 05:19:49"
"com.metale.roulette.buckshot","com.metale.roulette.buckshot","策略游戏/恐怖冒险",,"2","0","ADX","16/4/2026 05:19:56"
"com.mfcloudcalculate.networkdisk","App Killer Manager","效率办公",,"1","0","ADX","16/4/2026 05:19:25"
"com.mfcloudcalculate.networkdisk","安卓","效率办公",,"24","0","ADX","16/4/2026 05:18:52"
"com.mfp.jelly.release2","com.mfp.jelly.release2",,,"85","0","ADX","16/4/2026 05:19:00"
"com.mhp.cy.watchpet","com.mhp.cy.WatchPet",,,"4385","0","ADX","16/4/2026 05:19:19"
"com.miaoc.xund","妙词寻典",,,"25","0","ADX","16/4/2026 05:19:53"
"com.miaotongjiakao.app","秒通驾考",,,"12","0","ADX","16/4/2026 05:19:53"
"com.microphone.bbmic.lite","无线麦克风",,,"1","0","ADX","16/4/2026 05:19:30"
"com.midas.gkld","",,,"282","0","ADX","16/4/2026 05:18:46"
"com.midas.gkld","IOS",,,"10","0","ADX","16/4/2026 05:18:52"
"com.midas.gkld","公考雷达-iOS",,,"81412","0","ADX","16/4/2026 05:18:49"
"com.midas.gkld","公考雷达ios",,,"2","0","ADX","16/4/2026 05:18:59"
"com.mike.haiba","com.mike.haiba",,,"3","0","ADX","16/4/2026 05:19:43"
"com.mike.livebizhi","com.mike.livebizhi",,,"2","0","ADX","16/4/2026 05:19:53"
"com.mimidj.app","米米短剧",,,"2","0","ADX","16/4/2026 05:18:42"
"com.ml.airlook","",,,"4","0","ADX","16/4/2026 05:18:46"
"com.mmwh.manmengchong","漫萌宠",,,"1","0","ADX","16/4/2026 05:19:56"
"com.mobile.myeye","安卓","实用工具",,"11","0","ADX","16/4/2026 05:18:52"
"com.mofsaas.www","摩方软件ios","商家工具",,"73","0","ADX","16/4/2026 05:18:49"
"com.moji.mojiweather.niuwa84","com.moji.MojiWeather.niuwa84",,,"1","0","ADX","16/4/2026 05:19:36"
"com.montessori.msnotesp","com.montessori.MSNotesP",,,"1","0","ADX","16/4/2026 05:19:30"
"com.month.jbb","计步宝365",,,"52","0","ADX","16/4/2026 05:18:49"
"com.mostone.life0627","默往iOS",,,"152","0","ADX","16/4/2026 05:19:53"
"com.motu.motumap","摩途导航",,,"1","0","ADX","16/4/2026 05:19:30"
"com.mov.taskahead","金米短剧",,,"4","0","ADX","16/4/2026 05:18:41"
"com.move.iosapp","com.move.iosapp",,,"3","0","ADX","16/4/2026 05:19:56"
"com.movie.kan","优剧看",,,"3415","0","ADX","16/4/2026 05:19:53"
"com.msjkj.ai","com.msjkj.ai",,,"2","0","ADX","16/4/2026 05:19:56"
"com.mvtrail.notepad.cn","便簽記事",,,"2","0","ADX","16/4/2026 05:19:38"
"com.my.app.tts","com.my.app.tts",,,"1","0","ADX","16/4/2026 05:19:11"
"com.myl.manyinli","","小说漫画",,"11","0","ADX","16/4/2026 05:18:49"
"com.myl.manyinli","漫引力","小说漫画",,"8","0","ADX","16/4/2026 05:19:53"
"com.naver.linewebtoon.cn","咚漫漫画",,,"172","0","ADX","16/4/2026 05:18:46"
"com.naxclow.v72","com.naxclow.v72",,,"6","0","ADX","16/4/2026 05:18:40"
"com.naxclow.v720","SDK聚合-iOS",,,"9361","0","ADX","16/4/2026 05:18:46"
"com.nbcoaar","com.nbcoaar",,,"1","0","ADX","16/4/2026 05:19:56"
"com.netease.avg.vivo","安卓",,,"1","0","ADX","16/4/2026 05:18:52"
"com.netease.avg.vivo","易次元-And（华为&vivo）",,,"2","0","ADX","16/4/2026 05:18:48"
"com.netease.lofter","LOFTER_DEBUG","社交/社区",,"2","0","ADX","16/4/2026 05:18:49"
"com.netease.party","com.netease.party",,,"27","0","ADX","16/4/2026 05:19:38"
"com.netflow.anxiangscgj","com.netflow.anxiangscgj",,,"1","0","ADX","16/4/2026 05:18:44"
"com.network.assistant.project","com.Network.Assistant.project",,,"128","0","ADX","16/4/2026 05:18:46"
"com.newdim.kantu3d","com.newdim.kantu3d",,,"10","0","ADX","16/4/2026 05:19:53"
"com.ninthgame.ilines","",,,"200","0","ADX","16/4/2026 05:18:49"
"com.niujianqing.zbd","牛坚强",,,"139","0","ADX","16/4/2026 05:18:46"
"com.niuxiaoer.niuxiaoer","SDK聚合-iOS",,,"4","0","ADX","16/4/2026 05:18:46"
"com.njh.biubiu.en","IOS","游戏工具",,"2","0","ADX","16/4/2026 05:18:52"
"com.njh.biubiu.en","加速器","游戏工具",,"1","0","ADX","16/4/2026 05:19:56"
"com.njh.ping","biubiu加速器",,,"4","0","ADX","16/4/2026 05:19:19"
"com.njmetro.njb","com.njmetro.njb",,,"5","0","ADX","16/4/2026 05:19:19"
"com.notes.boardnotes.crry","color cognition",,,"14","0","ADX","16/4/2026 05:18:49"
"com.notes.boardnotes.crry","com.notes.boardNotes.crry",,,"4","0","ADX","16/4/2026 05:19:22"
"com.notetable.tool","com.notetable.tool",,,"1","0","ADX","16/4/2026 05:19:30"
"com.nowcasting.activity","彩云天气（随风会员破解版）",,,"1","0","ADX","16/4/2026 05:18:52"
"com.nowcasting.activity","连信-安卓信息流",,,"5325","0","ADX","16/4/2026 05:18:46"
"com.nowscore","安卓",,,"9","0","ADX","16/4/2026 05:18:52"
"com.nowscore","捷報比分-足球比分直播預測分析",,,"2","0","ADX","16/4/2026 05:18:49"
"com.ntmh.driver.jzscsys","com.ntmh.driver.jzscsys",,,"5","0","ADX","16/4/2026 05:18:46"
"com.ntxw.wifi.kyushu","com.ntxw.wifi.kyushu",,,"15","0","ADX","16/4/2026 05:18:46"
"com.ntyy.camera.omnipotent","com.ntyy.camera.omnipotent",,,"1","0","ADX","16/4/2026 05:18:48"
"com.ntyy.systems.optimization.master","com.ntyy.systems.optimization.master",,,"5","0","ADX","16/4/2026 05:18:46"
"com.nucleo.phile","com.nucleo.phile",,,"2","0","ADX","16/4/2026 05:19:56"
"com.nucleo.phile","轻萌猜歌",,,"4","0","ADX","16/4/2026 05:18:46"
"com.nucleo.phile","阳光短剧-250801",,,"1","0","ADX","16/4/2026 05:18:41"
"com.nzrb.rtdj","哇区",,,"1","0","ADX","16/4/2026 05:18:41"
"com.octopus.sdk.demo","Octopus Ad SDK Demo",,,"2","0","ADX","16/4/2026 05:18:46"
"com.odwq.djgr","淳硕简玩-5.19",,,"2","0","ADX","16/4/2026 05:18:48"
"com.odwq.djgr","简玩短视频夏日版",,,"3","0","ADX","16/4/2026 05:18:41"
"com.oecommunity.oeshop","1号社区",,,"14","0","ADX","16/4/2026 05:19:53"
"com.oecommunity.oeshop","com.oecommunity.oeshop",,,"30","0","ADX","16/4/2026 05:19:53"
"com.oray.sunlogin.controlclient","开心消消乐®","系统工具",,"2","0","ADX","16/4/2026 05:18:41"
"com.oray.sunlogin.controlclienthn","启明",,,"1","0","ADX","16/4/2026 05:18:48"
"com.osdhc.yfbc","柠檬短剧福利版",,,"78","0","ADX","16/4/2026 05:18:46"
"com.osdhc.yfbc","福马来财",,,"11","0","ADX","16/4/2026 05:18:46"
"com.outfit7.mytalkingtom2","com.outfit7.mytalkingtom2","游戏-休闲",,"1","0","ADX","16/4/2026 05:18:52"
"com.palmhang.app","一路守护","智能穿戴设备|定位追踪",,"1","0","ADX","16/4/2026 05:18:41"
"com.pandabus.android.fuyang","公交颍州通",,,"42","0","ADX","16/4/2026 05:18:46"
"com.pandabus.android.haining","海宁出行",,,"2","0","ADX","16/4/2026 05:18:46"
"com.pandabus.android.hengfengxing","义乌行",,,"35","0","ADX","16/4/2026 05:18:46"
"com.pandabus.yongzhou","永州公交",,,"535","0","ADX","16/4/2026 05:18:46"
"com.parking.car.corwd","烧脑停车位",,,"17","0","ADX","16/4/2026 05:19:53"
"com.patzerllc.ipcamera","IP摄像头查看器",,,"5","0","ADX","16/4/2026 05:19:19"
"com.pcn.xinshijie","新视界",,,"1","0","ADX","16/4/2026 05:19:51"
"com.pdragon.chess","国际象棋",,,"3","0","ADX","16/4/2026 05:19:19"
"com.pengxin.banyunbangwork","",,,"23","0","ADX","16/4/2026 05:18:49"
"com.pengxin.banyunbangwork","启明",,,"2","0","ADX","16/4/2026 05:18:46"
"com.pengxin.banyunbangwork","搬运帮工人版-搬家货运找工人",,,"29","0","ADX","16/4/2026 05:19:49"
"com.peptid.ebond","易省客",,,"564","0","ADX","16/4/2026 05:18:49"
"com.picooc","com.picooc",,,"1","0","ADX","16/4/2026 05:19:56"
"com.picooc.picooc","PICOOC-ios",,,"366","0","ADX","16/4/2026 05:19:53"
"com.picooc.picooc","com.picooc.picooc",,,"11154","0","ADX","16/4/2026 05:19:53"
"com.pinguo.edit.sdk","MIX滤镜大师-安卓","摄影摄像",,"2","0","ADX","16/4/2026 05:18:52"
"com.pinnacle.motofuse","com.pinnacle.motofuse",,,"1","0","ADX","16/4/2026 05:19:03"
"com.pixplus.ali","PixPlus",,,"5","0","ADX","16/4/2026 05:19:43"
"com.play.miapp","玩机阁",,,"12","0","ADX","16/4/2026 05:18:46"
"com.plm.qmsq","全民數據",,,"1","0","ADX","16/4/2026 05:19:56"
"com.pnd2019.xiaodinganfang","sdk iOS",,,"1","0","ADX","16/4/2026 05:19:56"
"com.pnd2019.xiaodinganfang","智慧安防ios",,,"5","0","ADX","16/4/2026 05:19:49"
"com.ppx.wuditeam","com.ppx.wuditeam",,,"4","0","ADX","16/4/2026 05:19:56"
"com.pqcaipu.quickapp","烹趣食谱",,,"1","0","ADX","16/4/2026 05:19:20"
"com.prize.appcenter","com.prize.appcenter",,,"1","0","ADX","16/4/2026 05:19:56"
"com.profclday.times","倒计时days",,,"5","0","ADX","16/4/2026 05:18:52"
"com.project.lzmh","SDK聚合-iOS",,,"2917","0","ADX","16/4/2026 05:18:46"
"com.pugongying.yunpeng","com.pugongying.yunpeng",,,"2","0","ADX","16/4/2026 05:19:56"
"com.qbb6.app.iphone","com.qbb6.app.iphone",,,"8","0","ADX","16/4/2026 05:19:53"
"com.qbb6.app.iphone","亲宝宝",,,"2","0","ADX","16/4/2026 05:19:38"
"com.qdtianxiawang.zbdzc","拳打天下",,,"10","0","ADX","16/4/2026 05:18:46"
"com.qfgame.zzzpjl.kyx.huawei","星速购",,,"1","0","ADX","16/4/2026 05:19:51"
"com.qianguo.gold","仟果黄金版","金融/游戏",,"10","0","ADX","16/4/2026 05:18:41"
"com.qianguo.xr","仟果剧场","购物/直播/XR",,"978","0","ADX","16/4/2026 05:18:49"
"com.qianshun.btsc","安卓",,,"4","0","ADX","16/4/2026 05:18:52"
"com.qianshun.btsc","摆摊神车-安卓",,,"9","0","ADX","16/4/2026 05:18:52"
"com.qianshun.game","趣游盒-安卓","游戏聚合",,"3100","0","ADX","16/4/2026 05:18:48"
"com.qianwan.fullest.xr","52-优米短剧fullest",,,"311","0","ADX","16/4/2026 05:18:46"
"com.qiatan.live.android","com.qiatan.live.android",,,"5","0","ADX","16/4/2026 05:19:56"
"com.qiekj.user","胖乖生活-安卓","学习教育",,"29","0","ADX","16/4/2026 05:18:49"
"com.qihoo.camera","360 홈캠","居家生活",,"2","0","ADX","16/4/2026 05:19:14"
"com.qihoo.camera","360摄像机 北方明珠","居家生活",,"1","0","ADX","16/4/2026 05:18:39"
"com.qihoo.camera","360摄像机-Android","居家生活",,"45","0","ADX","16/4/2026 05:18:52"
"com.qihoo.camera","360摄像机_Android","居家生活",,"3","0","ADX","16/4/2026 05:18:46"
"com.qihoo.camera","安卓","居家生活",,"30","0","ADX","16/4/2026 05:18:52"
"com.qihoo.smart","360智慧生活_Android","居家生活",,"1","0","ADX","16/4/2026 05:18:41"
"com.qihoo.smarthome.test","360智慧生活",,,"4","0","ADX","16/4/2026 05:19:53"
"com.qihoo.smarthome.test","360智慧生活-iOS",,,"1","0","ADX","16/4/2026 05:19:56"
"com.qihoo.smarthome.test","com.qihoo.smarthome.test",,,"1","0","ADX","16/4/2026 05:19:30"
"com.qihoo360.antilostwatch","360儿童卫士-Android","学习教育",,"2","0","ADX","16/4/2026 05:19:43"
"com.qihoo360.antilostwatch","安卓","学习教育",,"1","0","ADX","16/4/2026 05:18:52"
"com.qing.read","青读",,,"7333","0","ADX","16/4/2026 05:18:49"
"com.qingshisqp.qseyyuu","",,,"30","0","ADX","16/4/2026 05:18:46"
"com.qingtangxiaozhuan.xyz","剧圈圈",,,"11","0","ADX","16/4/2026 05:19:38"
"com.qingzhou.sportpro","运动高手秀",,,"1","0","ADX","16/4/2026 05:19:56"
"com.qiu.okw.opg.yimiao","",,,"2","0","ADX","16/4/2026 05:18:46"
"com.qiu.okw.opg.yimiao","com.qiu.okw.opg.yimiao",,,"5","0","ADX","16/4/2026 05:19:28"
"com.qiuwugui.ios","com.qiuwugui.ios",,,"8","0","ADX","16/4/2026 05:19:28"
"com.qixing.yuhengjibu","玉衡辰计步",,,"2","0","ADX","16/4/2026 05:18:42"
"com.qqsj.gznd","com.qqsj.gznd",,,"22","0","ADX","16/4/2026 05:19:38"
"com.qting.qtcity","com.Qting.QTCity",,,"5","0","ADX","16/4/2026 05:19:14"
"com.quark.browser","com.quark.browser",,,"121","0","ADX","16/4/2026 05:19:38"
"com.qulian.gimobilegameaccelerator","com.qulian.GIMobileGameAccelerator",,,"4644","0","ADX","16/4/2026 05:19:28"
"com.qunze.xiju","西桔",,,"1","0","ADX","16/4/2026 05:19:16"
"com.quyin8.mrin","com.quyin8.MrIn",,,"137","0","ADX","16/4/2026 05:19:22"
"com.quyou.bd","熊猫挖宝",,,"9","0","ADX","16/4/2026 05:19:53"
"com.qwtq.zdxsj","缜啲想睡觉",,,"1643","0","ADX","16/4/2026 05:19:53"
"com.qwty.ykxl","育悫心理",,,"116206","0","ADX","16/4/2026 05:19:53"
"com.qyxy.dsdw","电商大王",,,"9","0","ADX","16/4/2026 05:18:32"
"com.rack.clear.link","开心消消乐®",,,"1","0","ADX","16/4/2026 05:19:36"
"com.rack.clear.link","整理师的任务-同色连线消-货柜爱消除",,,"9","0","ADX","16/4/2026 05:19:43"
"com.rcjqj.dhy","蛋禾缘",,,"1","0","ADX","16/4/2026 05:18:32"
"com.reader.xq","com.reader.xq",,,"1","0","ADX","16/4/2026 05:19:51"
"com.realtech.xiaocan","小蚕惠生活-外卖返利红包优惠","居家生活",,"29","0","ADX","16/4/2026 05:18:52"
"com.realtech.xiaocan","小蚕惠生活-安卓","居家生活",,"17831","0","ADX","16/4/2026 05:18:49"
"com.realtech.xiaocan.3q457vpyu2","小蚕惠生活",,,"2","0","ADX","16/4/2026 05:18:48"
"com.rela","",,,"3","0","ADX","16/4/2026 05:18:46"
"com.relative.bingdong","计算器i",,,"25","0","ADX","16/4/2026 05:18:52"
"com.renrenego.store","com.renrenego.store","综合商城",,"5","0","ADX","16/4/2026 05:19:56"
"com.rewa.kfas","小金牛故事",,,"7","0","ADX","16/4/2026 05:18:42"
"com.rewa.kfas","小金牛故事-26.3.29",,,"2","0","ADX","16/4/2026 05:19:38"
"com.rhbicy.mkkocvrjmu","com.rhbicy.mkkocvrjmu",,,"1","0","ADX","16/4/2026 05:18:44"
"com.rj.syslearning","同步学",,,"1","0","ADX","16/4/2026 05:19:40"
"com.rkzx.bianzhi","便知",,,"10","0","ADX","16/4/2026 05:19:22"
"com.rn.pofi","Pofi","图形绘制",,"4","0","ADX","16/4/2026 05:19:38"
"com.rn.pofi","com.rn.pofi","图形绘制",,"4","0","ADX","16/4/2026 05:19:28"
"com.romielf.meirisaiche","SDK聚合-iOS",,,"4635","0","ADX","16/4/2026 05:18:46"
"com.romielf.meirisaiche","com.romielf.meirisaiche",,,"24","0","ADX","16/4/2026 05:19:53"
"com.romielf.meirisaiche","每日赛车iOS",,,"4","0","ADX","16/4/2026 05:18:52"
"com.roveover.woyouzhijia","com.roveover.woyouzhijia",,,"1","0","ADX","16/4/2026 05:19:16"
"com.roveover.woyouzhijia","窝友自驾",,,"744","0","ADX","16/4/2026 05:18:46"
"com.roveover.woyouzhijia","记事宝盒-多包名",,,"22","0","ADX","16/4/2026 05:18:49"
"com.rqtech.fkkxx.mi","方块开心消",,,"12","0","ADX","16/4/2026 05:19:43"
"com.ruichiliuliangmofang.llb","锐驰流量魔方",,,"4","0","ADX","16/4/2026 05:18:44"
"com.rumtel.pandatv","com.rumtel.pandatv",,,"1","0","ADX","16/4/2026 05:18:48"
"com.ruubypay.yitongxing","亿通行-ios","金融支付",,"8","0","ADX","16/4/2026 05:19:28"
"com.rvnb.rtdm","",,,"2","0","ADX","16/4/2026 05:18:49"
"com.rvnb.rtdm","云游",,,"7","0","ADX","16/4/2026 05:18:49"
"com.rvnb.rtdm","哇区25.12.3",,,"1","0","ADX","16/4/2026 05:19:51"
"com.ry.xmsc","众利送水",,,"2","0","ADX","16/4/2026 05:19:53"
"com.safeluck.life","华夏乐游&车生活-android","学习教育",,"38","0","ADX","16/4/2026 05:18:52"
"com.sahdnsa.sjnoo","春分夺宝",,,"436","0","ADX","16/4/2026 05:18:46"
"com.sand.games.sort.puzzle","com.sand.games.sort.puzzle",,,"1","0","ADX","16/4/2026 05:18:35"
"com.sankuai.meituan","Meituan",,,"147","0","ADX","16/4/2026 05:18:46"
"com.scaf.android.client","科技俠智慧鎖","实用工具",,"20","0","ADX","16/4/2026 05:19:53"
"com.seculink.lite","米拉星",,,"9","0","ADX","16/4/2026 05:19:43"
"com.seren.adeur","淳硕简玩-11.6",,,"1342","0","ADX","16/4/2026 05:18:49"
"com.seren.adeur","简玩短视频",,,"20290","0","ADX","16/4/2026 05:18:46"
"com.seren.adeur","简玩短视频金秋版",,,"1","0","ADX","16/4/2026 05:18:44"
"com.sgewen.technology","SDK聚合-iOS",,,"14","0","ADX","16/4/2026 05:18:46"
"com.shachang.rende","易淘生活",,,"12","0","ADX","16/4/2026 05:18:42"
"com.shachang.video","易省多多","影音播放",,"1421","0","ADX","16/4/2026 05:18:49"
"com.shensemiao.miliapp","米粒兼职极速版",,,"5","0","ADX","16/4/2026 05:18:42"
"com.shift.fighter.games","com.shift.fighter.games",,,"1","0","ADX","16/4/2026 05:19:56"
"com.shiguangjiyuan.app","com.shiguangjiyuan.app",,,"5","0","ADX","16/4/2026 05:19:38"
"com.shiguangjiyuan.app","领主农场",,,"1","0","ADX","16/4/2026 05:18:48"
"com.shixiaobao.zs","",,,"1","0","ADX","16/4/2026 05:19:30"
"com.shiyiwp.wpgj","旺铺管家_iOS",,,"3","0","ADX","16/4/2026 05:19:43"
"com.shizi.tool.p3","惠源U享",,,"1","0","ADX","16/4/2026 05:18:52"
"com.shop9ping.gu9ide","com.shop9ping.gu9ide",,,"1","0","ADX","16/4/2026 05:19:56"
"com.shop9ping.gu9ide","人人追剧84",,,"25","0","ADX","16/4/2026 05:18:52"
"com.shoujidesk","口袋壁纸",,,"2392","0","ADX","16/4/2026 05:19:22"
"com.shoujidesk","口袋壁纸 - 手机高清主题桌面动态墙纸",,,"7","0","ADX","16/4/2026 05:19:28"
"com.shtj.quwan","乐欢宝","游戏/娱乐",,"119","0","ADX","16/4/2026 05:18:49"
"com.shtj.quwan","趣 玩","游戏/娱乐",,"1","0","ADX","16/4/2026 05:18:44"
"com.shtj.quwan","趣玩","游戏/娱乐",,"1","0","ADX","16/4/2026 05:18:48"
"com.shtj.quwan.two","乐欢宝","游戏",,"198","0","ADX","16/4/2026 05:18:49"
"com.shtj.quwan.two","趣 玩","游戏",,"3","0","ADX","16/4/2026 05:18:46"
"com.shtj.xiuqu","乐欢宝",,,"125","0","ADX","16/4/2026 05:18:49"
"com.shuashuati.app","",,,"5","0","ADX","16/4/2026 05:18:46"
"com.shuhangshang.apq","祥爱馨程",,,"1","0","ADX","16/4/2026 05:18:48"
"com.shuimian.lvren","睡眠旅人",,,"58","0","ADX","16/4/2026 05:18:32"
"com.shuiyinbao.ios","水印宝-iOS",,,"73","0","ADX","16/4/2026 05:19:53"
"com.shulu.ntgf.af74a301981f942ac9f9df31a1f210a14","com.shulu.ntgf.af74a301981f942ac9f9df31a1f210a14",,,"2","0","ADX","16/4/2026 05:19:56"
"com.shulu.ntgf.c9373ac2a14004566b8edba39613afd05","com.shulu.ntgf.c9373ac2a14004566b8edba39613afd05",,,"7","0","ADX","16/4/2026 05:19:56"
"com.shulu.ntgf.i1b3044eca4ad4e29ac15189f6e7c6b4c","com.shulu.ntgf.i1b3044eca4ad4e29ac15189f6e7c6b4c",,,"1","0","ADX","16/4/2026 05:19:56"
"com.shulu.ntgf.k1ff2b76d1ac74d95898f7406c7901882","com.shulu.ntgf.k1ff2b76d1ac74d95898f7406c7901882",,,"3","0","ADX","16/4/2026 05:19:56"
"com.shulu.ntgf.n88ec65c5df58458c9550e21314353724","com.shulu.ntgf.n88ec65c5df58458c9550e21314353724",,,"2","0","ADX","16/4/2026 05:19:56"
"com.shulu.ntgf.u3825c0f1ae3e4707baca680a295b3562","com.shulu.ntgf.u3825c0f1ae3e4707baca680a295b3562",,,"1","0","ADX","16/4/2026 05:19:56"
"com.shulu.ntgf.w0c590897ddd3468cad9cc8d08448dda4","com.shulu.ntgf.w0c590897ddd3468cad9cc8d08448dda4",,,"2","0","ADX","16/4/2026 05:19:56"
"com.shulu.ntgf.ybdf181191db140d1b5730e8bf4e86cbb","com.shulu.ntgf.ybdf181191db140d1b5730e8bf4e86cbb",,,"1","0","ADX","16/4/2026 05:19:56"
"com.shulu.ntgf.z37bc01aa0f3f4b47a89fdf87c4f34c3c","com.shulu.ntgf.z37bc01aa0f3f4b47a89fdf87c4f34c3c",,,"1","0","ADX","16/4/2026 05:19:56"
"com.shuzishiguangu.cn","数字拾光",,,"162","0","ADX","16/4/2026 05:19:38"
"com.shxq.czyxapp.one","乐欢宝",,,"323","0","ADX","16/4/2026 05:18:49"
"com.shxq.czyxapp.one","橙子优选",,,"1","0","ADX","16/4/2026 05:18:48"
"com.shzynet.yinshulin","com.shzynet.yinshulin",,,"1","0","ADX","16/4/2026 05:19:20"
"com.simugenie.doronxcxueyuan","",,,"1","0","ADX","16/4/2026 05:18:41"
"com.siwnqx.qry","兼职帮",,,"5","0","ADX","16/4/2026 05:18:46"
"com.sjes.androidacts.widgetdash","WidgetDash",,,"3","0","ADX","16/4/2026 05:19:43"
"com.sjgj.ssm","com.sjgj.ssm",,,"188","0","ADX","16/4/2026 05:19:43"
"com.sjz.home","闪记账-OPPO",,,"2272","0","ADX","16/4/2026 05:19:38"
"com.sky.movie","易火视界",,,"74","0","ADX","16/4/2026 05:19:28"
"com.skyisland.tidyfun","色彩秘密",,,"57","0","ADX","16/4/2026 05:19:56"
"com.skyxinghe","sky星河","游戏攻略",,"2","0","ADX","16/4/2026 05:18:46"
"com.smalltools.tomatobell.free","番茄钟",,,"1","0","ADX","16/4/2026 05:19:56"
"com.smarlife.qingtong","1ssee",,,"4","0","ADX","16/4/2026 05:19:32"
"com.smarlife.qingtong","SDK聚合-iOS",,,"6033","0","ADX","16/4/2026 05:18:46"
"com.smarlife.xiaozhi","SDK聚合-iOS",,,"2004","0","ADX","16/4/2026 05:18:46"
"com.smarlife.xiaozhi","wanjiaan",,,"12","0","ADX","16/4/2026 05:19:43"
"com.smarlife.xiaozhi","小值智能",,,"13","0","ADX","16/4/2026 05:19:53"
"com.smile.gifmaker","快手",,,"417","0","ADX","16/4/2026 05:19:53"
"com.smk","","本地宝",,"19","0","ADX","16/4/2026 05:18:49"
"com.smk","com.smk","本地宝",,"1","0","ADX","16/4/2026 05:18:44"
"com.soda.music.inhouse","com.soda.music.inhouse",,,"19","0","ADX","16/4/2026 05:19:28"
"com.soda.music😡","com.soda.music😡",,,"321","0","ADX","16/4/2026 05:19:28"
"com.soda.music😭","com.soda.music😭",,,"2","0","ADX","16/4/2026 05:19:30"
"com.sodalife.sodaxapp","SDK聚合-iOS",,,"40","0","ADX","16/4/2026 05:18:46"
"com.sodalife.sodaxapp","SodaX",,,"1","0","ADX","16/4/2026 05:18:41"
"com.sodalife.sodaxapp","苏打校园_iOS",,,"417","0","ADX","16/4/2026 05:18:49"
"com.spel.king.mech","com.spel.king.mech",,,"1","0","ADX","16/4/2026 05:19:56"
"com.sprite.foreigners","傻瓜英语",,,"15","0","ADX","16/4/2026 05:19:43"
"com.srfdgregre","com.srfdgregre",,,"1","0","ADX","16/4/2026 05:19:56"
"com.ss.cmpas","云行迹1",,,"42","0","ADX","16/4/2026 05:19:38"
"com.ss.emsp","饿魔食谱",,,"2697","0","ADX","16/4/2026 05:19:22"
"com.ss.hmsearch","惠秒搜",,,"683","0","ADX","16/4/2026 05:19:19"
"com.ss.nbjl","酉乐答题",,,"1929","0","ADX","16/4/2026 05:19:43"
"com.ss.nieptre","图修匠",,,"1","0","ADX","16/4/2026 05:18:48"
"com.ss.purchase","臻汇买",,,"4011","0","ADX","16/4/2026 05:19:32"
"com.ss.simcl","拟通话",,,"1632","0","ADX","16/4/2026 05:19:38"
"com.ss.txws","糖芯卫士",,,"1539","0","ADX","16/4/2026 05:19:43"
"com.ss.xshj","星熵画界",,,"1006","0","ADX","16/4/2026 05:19:00"
"com.ssduobaoc.cpa","刷多多c",,,"2","0","ADX","16/4/2026 05:18:42"
"com.ssydance.bct","开心百花园",,,"1","0","ADX","16/4/2026 05:19:40"
"com.stardraw","魔术画画",,,"2","0","ADX","16/4/2026 05:18:42"
"com.stick.man.defen","皇城攻防战",,,"19","0","ADX","16/4/2026 05:19:53"
"com.striveconstant.scoregoal","com.striveconstant.scoregoal",,,"1","0","ADX","16/4/2026 05:19:11"
"com.sudu.jixun","极讯",,,"1","0","ADX","16/4/2026 05:18:59"
"com.suizhi.bmlxj","土豆奇遇记",,,"707","0","ADX","16/4/2026 05:19:38"
"com.suizhi.bmlxj","帽子先森奇遇记",,,"541","0","ADX","16/4/2026 05:19:43"
"com.suizhi.bmlxj","狂飙大卡车",,,"559","0","ADX","16/4/2026 05:19:43"
"com.suma.tongren","com.suma.tongren",,,"1","0","ADX","16/4/2026 05:19:56"
"com.suma.zunyi","遵义公交",,,"1","0","ADX","16/4/2026 05:18:41"
"com.sun.bearrecord","com.sun.BearRecord",,,"92","0","ADX","16/4/2026 05:19:56"
"com.sun.bearrecord","薏米短剧",,,"1","0","ADX","16/4/2026 05:19:30"
"com.suncloud.wedding","com.suncloud.wedding",,,"3","0","ADX","16/4/2026 05:19:53"
"com.sunyo.messagelf","启明","青岛微影时光文化传媒有限公司",,"21","0","ADX","16/4/2026 05:18:46"
"com.suxuangou.home","速选购-小米",,,"13969","0","ADX","16/4/2026 05:19:22"
"com.sxwl.lyzh","永恒视频","影音播放/影视追剧",,"7","0","ADX","16/4/2026 05:18:49"
"com.szy.seebaby","",,,"52","0","ADX","16/4/2026 05:18:49"
"com.tadu.monkeyreader","com.tadu.MonkeyReader",,,"355","0","ADX","16/4/2026 05:19:32"
"com.tadu.monkeyreader","塔读小说",,,"4113","0","ADX","16/4/2026 05:19:53"
"com.taizhouchunwkj.fwj","com.taizhouchunwkj.fwj",,,"1","0","ADX","16/4/2026 05:19:56"
"com.tal.tiku","com.tal.tiku","实用工具",,"324","0","ADX","16/4/2026 05:19:28"
"com.tal.tiku","题拍拍","实用工具",,"4549","0","ADX","16/4/2026 05:19:28"
"com.tange365.icam365","iCam365-安卓","实用工具",,"1","0","ADX","16/4/2026 05:19:16"
"com.tange365.wosee","","实用工具",,"70","0","ADX","16/4/2026 05:18:46"
"com.tange365.wosee","Wosee_ios","实用工具",,"1","0","ADX","16/4/2026 05:18:52"
"com.tanmuapp.aitan","com.tanmuapp.aitan",,,"8","0","ADX","16/4/2026 05:19:28"
"com.tanmuapp.aitan","启明",,,"2","0","ADX","16/4/2026 05:18:42"
"com.taobao.idlefish","LOFTER-安卓",,,"13209","0","ADX","16/4/2026 05:18:56"
"com.taobao.idlefish","小蚕霸王餐",,,"6798","0","ADX","16/4/2026 05:18:56"
"com.taobao.idlefish","萤石云视频_Android",,,"28970","0","ADX","16/4/2026 05:18:56"
"com.taobao.live","SDK聚合-iOS","时尚购物",,"51","0","ADX","16/4/2026 05:18:42"
"com.taodian.zxtdq","淘点券",,,"521","0","ADX","16/4/2026 05:19:00"
"com.taotao.zmjob","赚米兼职",,,"26","0","ADX","16/4/2026 05:19:53"
"com.taoyue.fnovel","com.taoyue.FNovel",,,"3","0","ADX","16/4/2026 05:19:22"
"com.tap4fun.ape.appstore.cn","com.tap4fun.ape.appstore.cn",,,"383","0","ADX","16/4/2026 05:19:49"
"com.taskx.verify","猜歌淘金",,,"2","0","ADX","16/4/2026 05:18:41"
"com.tcl.universal.nscreen","多屏互动",,,"161","0","ADX","16/4/2026 05:19:53"
"com.tdmenu.yj","120-时光短剧",,,"6","0","ADX","16/4/2026 05:18:42"
"com.tencent.qqfarmminer","矿山助手",,,"1","0","ADX","16/4/2026 05:18:32"
"com.teneb.rific","柠檬短剧",,,"101","0","ADX","16/4/2026 05:18:49"
"com.teneb.rific","柠檬短剧福利版",,,"394","0","ADX","16/4/2026 05:18:49"
"com.tgood.gotocharge","特来电",,,"1","0","ADX","16/4/2026 05:19:30"
"com.thel","The L（热拉）",,,"36","0","ADX","16/4/2026 05:18:52"
"com.thel","the+L",,,"1","0","ADX","16/4/2026 05:19:30"
"com.thesismaster.cn","com.Thesismaster.cn",,,"5","0","ADX","16/4/2026 05:19:53"
"com.tianji.leisuapp","雷速体育",,,"7","0","ADX","16/4/2026 05:19:43"
"com.tianjinzfeight.novel","九斗小说",,,"31","0","ADX","16/4/2026 05:18:42"
"com.tianqiyubao2345","","天气",,"2","0","ADX","16/4/2026 05:18:44"
"com.timeaforce.fuqi","福气小院子",,,"2","0","ADX","16/4/2026 05:19:47"
"com.timeaforce.res","我的小餐馆IOS",,,"3","0","ADX","16/4/2026 05:19:49"
"com.timeaforce.wanghongshangyejie","网红商业街",,,"2","0","ADX","16/4/2026 05:19:49"
"com.tjhwc.weicaimh","威彩趣漫画",,,"1214","0","ADX","16/4/2026 05:19:32"
"com.tjws.ufxj2.tsoft","富小剧",,,"251","0","ADX","16/4/2026 05:18:49"
"com.tjws14.cgdfw1.tsoft","com.tjws14.cgdfw1.tsoft",,,"1","0","ADX","16/4/2026 05:19:56"
"com.tjwsf.kxji","短剧线",,,"4","0","ADX","16/4/2026 05:18:46"
"com.tjwsg.lkdjc","短剧线",,,"1","0","ADX","16/4/2026 05:18:41"
"com.tjwsg.lkdjd","短剧线",,,"2","0","ADX","16/4/2026 05:18:46"
"com.tjwsg.lkdjf","短剧线",,,"2","0","ADX","16/4/2026 05:18:46"
"com.tjwsh.lkje","短剧线",,,"1","0","ADX","16/4/2026 05:18:41"
"com.tjwsi.qkdjd","短剧线",,,"2","0","ADX","16/4/2026 05:18:41"
"com.tjwsj.xfjca","短剧线",,,"1","0","ADX","16/4/2026 05:18:41"
"com.tjwsj.xfjci","短剧线",,,"3","0","ADX","16/4/2026 05:18:46"
"com.tjwsj.xfjcj","短剧线",,,"3","0","ADX","16/4/2026 05:18:46"
"com.tjwsj.xfjck","短剧线",,,"18","0","ADX","16/4/2026 05:18:46"
"com.tjzf.huazhao","幻想家",,,"42","0","ADX","16/4/2026 05:19:43"
"com.tjzf.huazhao","简而易",,,"17","0","ADX","16/4/2026 05:19:32"
"com.tm.tyysdxnszr","com.tm.tyysdxnszr",,,"1","0","ADX","16/4/2026 05:19:16"
"com.tmall.campus4iphone","",,,"3","0","ADX","16/4/2026 05:18:46"
"com.tobegame.tmountblade1a","com.tobegame.tmountblade1a",,,"7","0","ADX","16/4/2026 05:19:32"
"com.toby.habit","com.toby.habit",,,"1333","0","ADX","16/4/2026 05:19:43"
"com.toby.habit","经纬有方-A",,,"1","0","ADX","16/4/2026 05:19:51"
"com.tocoding.neutral","",,,"18","0","ADX","16/4/2026 05:18:46"
"com.together.lucksidebyside","com.together.lucksidebyside",,,"2","0","ADX","16/4/2026 05:19:22"
"com.tongcheng.transport.dazhou","达州一卡通",,,"21","0","ADX","16/4/2026 05:18:46"
"com.tool.diary","",,,"10","0","ADX","16/4/2026 05:18:49"
"com.tool.jietangbao.ios","SDK聚合-iOS",,,"38","0","ADX","16/4/2026 05:18:46"
"com.tool.jietangbao.ios","启明",,,"6","0","ADX","16/4/2026 05:18:46"
"com.topjoy.scannermaster","万能扫描宝iOS",,,"5","0","ADX","16/4/2026 05:19:28"
"com.torqak.korsin","KorSin",,,"4","0","ADX","16/4/2026 05:18:42"
"com.torqak.koyqak","Koyqak",,,"27","0","ADX","16/4/2026 05:18:46"
"com.tq.xjhx","com.tq.xjhx",,,"1","0","ADX","16/4/2026 05:19:56"
"com.tranhn.jwqxc","局王安卓",,,"3","0","ADX","16/4/2026 05:18:42"
"com.transportation.subwayall","地铁行",,,"6","0","ADX","16/4/2026 05:19:14"
"com.tskuailecai.zbdzc","钻石坑",,,"12","0","ADX","16/4/2026 05:18:46"
"com.ttt.dev","土豆生活",,,"1","0","ADX","16/4/2026 05:19:20"
"com.tttt.dev","土豆生活",,,"8","0","ADX","16/4/2026 05:19:49"
"com.tudou.shh","com.tudou.shh",,,"8","0","ADX","16/4/2026 05:19:43"
"com.tuoluo.shijie","com.tuoluo.shijie",,,"13","0","ADX","16/4/2026 05:18:46"
"com.tuoluo.shijie","陀螺世界",,,"57","0","ADX","16/4/2026 05:18:46"
"com.tuoluocaijing.tlbc","com.tuoluocaijing.tlbc",,,"13","0","ADX","16/4/2026 05:19:22"
"com.tuoluocaijing.tlbc","陀螺科技",,,"2352","0","ADX","16/4/2026 05:19:28"
"com.tuqiang.gps.spirit","",,,"7","0","ADX","16/4/2026 05:18:41"
"com.tuqiang.gps.spirit","com.tuqiang.gps.spirit",,,"1","0","ADX","16/4/2026 05:19:56"
"com.tuqiang.gps.spirit","智能位置",,,"1","0","ADX","16/4/2026 05:18:48"
"com.turam.bustrip-tianjin","",,,"9","0","ADX","16/4/2026 05:18:49"
"com.tutu.zhianxing","智安星",,,"1","0","ADX","16/4/2026 05:18:52"
"com.tuwan.diandian","com.tuwan.diandian",,,"79","0","ADX","16/4/2026 05:19:56"
"com.tuyou.txtyq","百步健",,,"1","0","ADX","16/4/2026 05:19:36"
"com.tuzhou.chuanhuxiong","com.tuzhou.chuanhuxiong",,,"1","0","ADX","16/4/2026 05:19:56"
"com.tuzhou.chuanhuxiong","闪电加速器",,,"6","0","ADX","16/4/2026 05:19:28"
"com.tvhnfg.pursixsix","手机投屏免费",,,"20","0","ADX","16/4/2026 05:19:00"
"com.txcy.txcy","com.txcy.txcy",,,"8","0","ADX","16/4/2026 05:19:28"
"com.txy.anywhere","com.txy.anywhere",,,"1","0","ADX","16/4/2026 05:19:56"
"com.tyg.tygcommunity","SDK聚合-iOS",,,"1420","0","ADX","16/4/2026 05:18:46"
"com.ubestkid.beilehu.android","安卓贝乐虎儿歌-正式","学习教育",,"4737","0","ADX","16/4/2026 05:18:49"
"com.uhomesmart.dbitnet","IOS",,,"1","0","ADX","16/4/2026 05:18:52"
"com.uhomesmart.dbitnet","U hommie",,,"1","0","ADX","16/4/2026 05:18:35"
"com.ulbads.lyb","u乐宝",,,"1","0","ADX","16/4/2026 05:19:51"
"com.uliang.nongkeyg","com.uliang.nongkeyg",,,"3","0","ADX","16/4/2026 05:19:03"
"com.upgadata.up7723","7723游戏盒up7723",,,"26058","0","ADX","16/4/2026 05:18:49"
"com.ushaqi.zhuishushenqi","追书神器安卓主版","图书阅读",,"19039","0","ADX","16/4/2026 05:18:49"
"com.vbgd.wqe","安卓",,,"1","0","ADX","16/4/2026 05:18:52"
"com.vbgd.wqe","小金牛故事",,,"5709","0","ADX","16/4/2026 05:18:49"
"com.vectseq.astralyx","com.vectseq.astralyx",,,"6","0","ADX","16/4/2026 05:19:22"
"com.vgjump.jumper","Jump for Switch Steam PS5游戏社区(109230)","游戏辅助/游戏社区",,"1","0","ADX","16/4/2026 05:18:52"
"com.vgjump.jumper","Jump-iOS","游戏辅助/游戏社区",,"8","0","ADX","16/4/2026 05:18:52"
"com.vice.ai.health","com.vice.ai.health",,,"10020","0","ADX","16/4/2026 05:19:49"
"com.vicedev.easysketch","com.vicedev.easysketch",,,"21158","0","ADX","16/4/2026 05:19:22"
"com.vicedev.easysketch","极简线稿",,,"228","0","ADX","16/4/2026 05:19:22"
"com.video.app.wang","com.video.app.wang",,,"3","0","ADX","16/4/2026 05:19:22"
"com.virtual.anylocation","虚匿定位",,,"3","0","ADX","16/4/2026 05:19:43"
"com.visiondigit.smartvision","SDK聚合-iOS",,,"608","0","ADX","16/4/2026 05:18:46"
"com.visiondigit.smartvision","启明",,,"2","0","ADX","16/4/2026 05:18:48"
"com.visiondigit.smartvision","爱看云-iOS",,,"1","0","ADX","16/4/2026 05:18:44"
"com.visiondigit.smartvision","爱看云-安卓",,,"32","0","ADX","16/4/2026 05:18:46"
"com.visiondigit.smartvision","爱看云IOS",,,"1","0","ADX","16/4/2026 05:18:52"
"com.vvbmv.muih","玩赚小故事",,,"1685","0","ADX","16/4/2026 05:18:49"
"com.vxcx.bngdsl","120-时光短剧",,,"5","0","ADX","16/4/2026 05:18:49"
"com.w.clykcnf","星空赚动",,,"3","0","ADX","16/4/2026 05:18:46"
"com.w.clykcnf","轻声如燕-250903",,,"1","0","ADX","16/4/2026 05:19:56"
"com.w.clykcng","轻声如燕-250904",,,"1","0","ADX","16/4/2026 05:19:47"
"com.waimaiii.waimai","IOS",,,"7","0","ADX","16/4/2026 05:18:52"
"com.waimaiii.waimai","歪麦霸王餐-大牌美食外卖返利红包优惠用歪麦",,,"5","0","ADX","16/4/2026 05:19:00"
"com.waimaiii.waimaiii","安卓",,,"37","0","ADX","16/4/2026 05:18:52"
"com.waimaiii.waimaiii","歪麦霸王餐 WMONE",,,"1","0","ADX","16/4/2026 05:18:52"
"com.waimaiii.waimaiii","歪麦霸王餐 张鸣军",,,"1","0","ADX","16/4/2026 05:19:30"
"com.wangmaitujiqwer.www","网脉通途",,,"82","0","ADX","16/4/2026 05:18:49"
"com.wangnzlsf","com.wangnzlsf",,,"1","0","ADX","16/4/2026 05:19:56"
"com.wardrobe.magician.ios","",,,"9","0","ADX","16/4/2026 05:18:46"
"com.waterpower.star","com.waterpower.star",,,"295","0","ADX","16/4/2026 05:19:49"
"com.wawavenet.kangxun","com.wawavenet.kangxun",,,"59","0","ADX","16/4/2026 05:19:53"
"com.wdao.mall.zero","康益荟WD-安卓",,,"40","0","ADX","16/4/2026 05:18:52"
"com.webenhance.safari","SDK聚合-iOS",,,"463","0","ADX","16/4/2026 05:18:46"
"com.webmaster.swinghero.puzzleclassic.cn","com.webmaster.swinghero.puzzleclassic.cn",,,"3","0","ADX","16/4/2026 05:19:14"
"com.wedobest.hd1010.vivo","",,,"1","0","ADX","16/4/2026 05:18:48"
"com.wedobest.heibaikuai","com.wedobest.heibaikuai",,,"24","0","ADX","16/4/2026 05:19:16"
"com.wedobest.heibaikuai","白块儿达人",,,"75","0","ADX","16/4/2026 05:19:53"
"com.wedobest.numpush","开心消消乐®","益智游戏",,"1","0","ADX","16/4/2026 05:19:36"
"com.wedobest.piano","白块儿达人",,,"9","0","ADX","16/4/2026 05:19:49"
"com.wedobest.xiangqi.vivo","",,,"3","0","ADX","16/4/2026 05:18:46"
"com.weface.kankanlife","com.weface.kankanlife",,,"134","0","ADX","16/4/2026 05:19:32"
"com.weface.kankanlife","看看生活",,,"24","0","ADX","16/4/2026 05:19:22"
"com.weface.kankanlife","看看社保",,,"2","0","ADX","16/4/2026 05:18:56"
"com.weibai.scanner","com.weibai.scanner",,,"2327","0","ADX","16/4/2026 05:18:46"
"com.weibo.international","",,,"14","0","ADX","16/4/2026 05:18:46"
"com.weilaishanhai.oopz","Oopz--IOS",,,"1","0","ADX","16/4/2026 05:18:44"
"com.weilaiyunxiao.zaixuesecond","com.WeiLaiYunXiao.ZaiXueSecond",,,"8","0","ADX","16/4/2026 05:19:28"
"com.weimaiad.app","火柴战魂",,,"1","0","ADX","16/4/2026 05:18:44"
"com.wenqu.mccy","com.wenqu.mccy",,,"1","0","ADX","16/4/2026 05:18:44"
"com.wensandao.jinjiachaxun","com.wensandao.jinjiachaxun",,,"4","0","ADX","16/4/2026 05:18:49"
"com.wensandao.zsdzj","掌上弹珠机",,,"5","0","ADX","16/4/2026 05:19:22"
"com.wozi.wfwngs","WIFI万能高手",,,"194","0","ADX","16/4/2026 05:19:53"
"com.wscreativity.toxx","com.wscreativity.toxx",,,"360","0","ADX","16/4/2026 05:18:40"
"com.wsl.read","",,,"7","0","ADX","16/4/2026 05:19:53"
"com.wssjs.neet","com.wssjs.neet",,,"3","0","ADX","16/4/2026 05:19:56"
"com.wtkj.app.counter","mDays倒数日",,,"1","0","ADX","16/4/2026 05:18:44"
"com.x8g.abtf.su92q","唧其博物小知识",,,"2","0","ADX","16/4/2026 05:19:28"
"com.x8zs.sandbox","com.x8zs.sandbox",,,"1","0","ADX","16/4/2026 05:19:56"
"com.xclxxb.mcapp","小晨乐消消b",,,"6","0","ADX","16/4/2026 05:18:46"
"com.xcxcl.qckj","河马点点",,,"1","0","ADX","16/4/2026 05:18:44"
"com.xgc","小怪才",,,"3","0","ADX","16/4/2026 05:19:08"
"com.xhm.hmxj","",,,"1","0","ADX","16/4/2026 05:18:44"
"com.xhqy.cyhg","星虎趣玩","实用工具",,"80","0","ADX","16/4/2026 05:19:43"
"com.xhqy.cyhg","洋洋max","实用工具",,"566","0","ADX","16/4/2026 05:18:46"
"com.xianggu.hhaxc","花花爱消除",,,"9","0","ADX","16/4/2026 05:18:46"
"com.xianggu.mclxx2","萌宠乐消消",,,"1","0","ADX","16/4/2026 05:18:48"
"com.xianglilai.lixianghuandian","SDK聚合-iOS",,,"737","0","ADX","16/4/2026 05:18:46"
"com.xianglilai.lixianghuandian","com.xianglilai.lixianghuandian",,,"9","0","ADX","16/4/2026 05:19:53"
"com.xianglilai.lixianghuandian","锂享换电",,,"42","0","ADX","16/4/2026 05:18:46"
"com.xiangqu","安卓",,,"3","0","ADX","16/4/2026 05:18:52"
"com.xianwan.jy","闲玩内测",,,"7","0","ADX","16/4/2026 05:19:22"
"com.xianwan.jy","闲玩短剧",,,"2","0","ADX","16/4/2026 05:19:53"
"com.xianwan.jy","闲玩短剧_Android",,,"2","0","ADX","16/4/2026 05:18:48"
"com.xianyou.xym","DayFragment",,,"8","0","ADX","16/4/2026 05:19:53"
"com.xianyou.xym","幸运喵-安卓",,,"2","0","ADX","16/4/2026 05:18:48"
"com.xiaoweitiyu.stu","校味体育",,,"12","0","ADX","16/4/2026 05:19:53"
"com.xiaoyi.easyfamily","com.XiaoYi.EasyFamily",,,"19","0","ADX","16/4/2026 05:19:53"
"com.xin.yupu","心悦谱","居家生活",,"7242","0","ADX","16/4/2026 05:18:46"
"com.xingdouduanju.app","星抖短剧",,,"1","0","ADX","16/4/2026 05:18:48"
"com.xingkunlediandian.chat","星坤乐点点",,,"1","0","ADX","16/4/2026 05:19:25"
"com.xingqiujiyuan","星球纪元",,,"8","0","ADX","16/4/2026 05:19:28"
"com.xingwan.app","com.xingwan.app",,,"1","0","ADX","16/4/2026 05:19:25"
"com.xingwan.app","熊猫冬季版",,,"8","0","ADX","16/4/2026 05:19:22"
"com.xingxingpan.moodbar","com.xingxingpan.moodbar",,,"4","0","ADX","16/4/2026 05:19:53"
"com.xinjiangmallhavetian.city","同疆共创","新疆同疆共创数字科技开发有限公司",,"1","0","ADX","16/4/2026 05:18:48"
"com.xintiao.duanju","心跳数创",,,"18","0","ADX","16/4/2026 05:19:22"
"com.xiongerqqw.zbd","熊二悄悄挖",,,"4","0","ADX","16/4/2026 05:18:46"
"com.xiyu.ixingye","",,,"165","0","ADX","16/4/2026 05:18:49"
"com.xiyu.ixingye","com.xiyu.ixingye",,,"40","0","ADX","16/4/2026 05:19:14"
"com.xj.jiksdnow","com.xj.jiksdnow",,,"1","0","ADX","16/4/2026 05:19:56"
"com.xjkj.hyjzb","好运记账宝",,,"957","0","ADX","16/4/2026 05:19:32"
"com.xlcai.app","彩灵",,,"1","0","ADX","16/4/2026 05:18:48"
"com.xm.csee","IOS","居家生活",,"4","0","ADX","16/4/2026 05:18:52"
"com.xm.csee","安卓","居家生活",,"1","0","ADX","16/4/2026 05:18:52"
"com.xmcct.app","",,,"1","0","ADX","16/4/2026 05:18:48"
"com.xmhuidu.answermoney","答答来财",,,"3","0","ADX","16/4/2026 05:19:14"
"com.xmtb.tlsg","桃乐时光",,,"2","0","ADX","16/4/2026 05:19:38"
"com.xrkj.curated.music","仟贝臻选版",,,"7","0","ADX","16/4/2026 05:18:41"
"com.xrkj.enjoyment.music","仟贝尊享版",,,"5","0","ADX","16/4/2026 05:18:41"
"com.xrkj.stars.music","仟贝星辰版",,,"1348","0","ADX","16/4/2026 05:18:46"
"com.xt.calendar.frosts","com.xt.calendar.frosts",,,"1","0","ADX","16/4/2026 05:18:48"
"com.xt.powersave.relaxed","com.xt.powersave.relaxed",,,"10","0","ADX","16/4/2026 05:18:42"
"com.xuejiaxs.hodas","图灵管家-iOS",,,"11","0","ADX","16/4/2026 05:19:19"
"com.xuejiaxs.hodas","搭伙分摊",,,"6","0","ADX","16/4/2026 05:18:46"
"com.xuejiaxs.hodas","数制魔方",,,"13","0","ADX","16/4/2026 05:18:49"
"com.xuejiaxs.hodas","速文盒",,,"58","0","ADX","16/4/2026 05:18:46"
"com.xuniu.ocean","职推推兼职","兼职",,"6","0","ADX","16/4/2026 05:19:38"
"com.xunlei.mvideo1","com.xunlei.mvideo1",,,"1","0","ADX","16/4/2026 05:19:16"
"com.xunshijie.vip","浔视界",,,"1","0","ADX","16/4/2026 05:19:56"
"com.xwdb.zbdkj","开心海洋",,,"44","0","ADX","16/4/2026 05:18:46"
"com.xwxjz.xw","SDK聚合-iOS",,,"506","0","ADX","16/4/2026 05:18:46"
"com.xx.duoduoyundong","多多运动","跑步/走路计步",,"31","0","ADX","16/4/2026 05:18:46"
"com.xxzc.dttfl","豆淘淘返利",,,"36","0","ADX","16/4/2026 05:19:38"
"com.xxzh.xt","SDK聚合-iOS",,,"1285","0","ADX","16/4/2026 05:18:46"
"com.xxzh.xt","启明",,,"36","0","ADX","16/4/2026 05:18:46"
"com.xxzh.xt","韩小台-iOS-ZTV-M7",,,"5","0","ADX","16/4/2026 05:18:46"
"com.xy.callshow.dingdang","com.xy.callshow.dingdang",,,"35","0","ADX","16/4/2026 05:18:46"
"com.xy.xiyouxiaoshuo","com.xy.xiyouxiaoshuo",,,"7","0","ADX","16/4/2026 05:19:28"
"com.xy.yydbct","com.xy.yydbct",,,"1","0","ADX","16/4/2026 05:19:56"
"com.xydmgo.lqep","好享玩-集合",,,"1","0","ADX","16/4/2026 05:18:41"
"com.xydmgo.lqep","柠檬短剧",,,"503","0","ADX","16/4/2026 05:18:49"
"com.xydmgo.lqep","柠檬短剧福利版",,,"1113","0","ADX","16/4/2026 05:18:49"
"com.xykj.ayxw","愔嫕小文",,,"444","0","ADX","16/4/2026 05:19:53"
"com.xykj.lwyg","憪微戏剧",,,"4173","0","ADX","16/4/2026 05:19:08"
"com.xyq.xxsg","星星书馆",,,"4","0","ADX","16/4/2026 05:19:43"
"com.xyy.android.ltxrht","信仁汇通-FBL","效率办公",,"7","0","ADX","16/4/2026 05:19:53"
"com.xyy.jxjc.shortplay.android","金象视界 1",,,"1","0","ADX","16/4/2026 05:19:30"
"com.xyy.jxjc.shortplay.android","金象视界 3",,,"1","0","ADX","16/4/2026 05:19:16"
"com.xyy.jxjc.shortplay.android","金象视界 栾玉华",,,"1","0","ADX","16/4/2026 05:19:40"
"com.yanlipai.home","眼力湃-OPPO",,,"2416","0","ADX","16/4/2026 05:19:38"
"com.yanxiao.zhaofuye","富业红包群",,,"9","0","ADX","16/4/2026 05:18:46"
"com.yelanan.home","夜阑安-OPPO",,,"467","0","ADX","16/4/2026 05:18:56"
"com.yf.yuji","奇奇视频",,,"79","0","ADX","16/4/2026 05:19:53"
"com.yhxx.wwlearnpoem","汪汪学诗",,,"3290","0","ADX","16/4/2026 05:18:56"
"com.yhxx.yyy","一见阅读快应用",,,"1","0","ADX","16/4/2026 05:18:52"
"com.yhxx.yyy","氤语言",,,"3248","0","ADX","16/4/2026 05:18:46"
"com.yicong.ants","蚁丛","旅游出行/生活服务",,"1","0","ADX","16/4/2026 05:18:52"
"com.yicong.ants","蚁丛旅游 3","旅游出行/生活服务",,"2","0","ADX","16/4/2026 05:18:40"
"com.yigequanquanqq.app","安卓",,,"3","0","ADX","16/4/2026 05:18:49"
"com.yingdun.app","com.yingdun.app",,,"3","0","ADX","16/4/2026 05:19:32"
"com.yingteng.ipc","SDK聚合-iOS","居家生活",,"33164","0","ADX","16/4/2026 05:18:46"
"com.yingteng.ipc","YimturmCam","居家生活",,"2","0","ADX","16/4/2026 05:18:42"
"com.yingteng.ipc","Yingteng","居家生活",,"4","0","ADX","16/4/2026 05:19:56"
"com.yingyonghui.market","应用汇",,,"86","0","ADX","16/4/2026 05:18:46"
"com.yiqi.yjj","com.yiqi.yjj",,,"4","0","ADX","16/4/2026 05:18:40"
"com.yiqing.weather","逸晴天气",,,"59","0","ADX","16/4/2026 05:19:49"
"com.yiyou.ga.debug","TT语音(ID)",,,"14","0","ADX","16/4/2026 05:19:14"
"com.yiyou.tt","泽","社交聊天/游戏语音",,"26","0","ADX","16/4/2026 05:19:53"
"com.yiyuan.loveclassic","com.yiyuan.LoveClassic",,,"3","0","ADX","16/4/2026 05:19:14"
"com.yizhiprotect.passw","依智安全",,,"3","0","ADX","16/4/2026 05:19:38"
"com.yizhiquan.yizhiquan","com.yizhiquan.yizhiquan","充值缴费",,"21","0","ADX","16/4/2026 05:19:53"
"com.yjd.wacai","19-挖财260113",,,"8","0","ADX","16/4/2026 05:19:00"
"com.yjd.wacai","挖财",,,"43","0","ADX","16/4/2026 05:18:46"
"com.yjkj.caibaopro","com.yjkj.caibaopro",,,"10","0","ADX","16/4/2026 05:19:28"
"com.yjkj.dailychallenge","com.yjkj.DailyChallenge",,,"9","0","ADX","16/4/2026 05:19:43"
"com.yjkj.dailychallenge","up-量天尺",,,"6","0","ADX","16/4/2026 05:19:49"
"com.yjkj.foodmanager","东瓜","生活工具/健康",,"1","0","ADX","16/4/2026 05:19:20"
"com.yjkj.foodmanager","五福夺宝","生活工具/健康",,"23","0","ADX","16/4/2026 05:18:46"
"com.yjkj.hwweather","河马夺宝",,,"3","0","ADX","16/4/2026 05:18:46"
"com.yjkj.kkmemo","锦鲤惊喜版",,,"39","0","ADX","16/4/2026 05:19:28"
"com.yjkj.spinnerparty","GA-嘎嘎叫",,,"1","0","ADX","16/4/2026 05:19:47"
"com.yjkj.spliteasy","com.yjkj.SplitEasy",,,"13","0","ADX","16/4/2026 05:19:32"
"com.yjkj.spliteasy","启明",,,"1","0","ADX","16/4/2026 05:18:44"
"com.yjkj.spliteasy","春分福利版",,,"35","0","ADX","16/4/2026 05:19:53"
"com.yk.wifi.redrabbit","com.yk.wifi.redrabbit",,,"2","0","ADX","16/4/2026 05:19:53"
"com.ylws.qsk.zjdr","追剧达人",,,"2","0","ADX","16/4/2026 05:19:19"
"com.ym.mfdjqk","免费短剧全看",,,"22","0","ADX","16/4/2026 05:18:52"
"com.ymkj.ygbh","com.ymkj.ygbh",,,"1","0","ADX","16/4/2026 05:19:56"
"com.yn.battery.bodyguard","com.yn.battery.bodyguard",,,"1","0","ADX","16/4/2026 05:18:41"
"com.ynlh.jsq","计算器",,,"2","0","ADX","16/4/2026 05:18:52"
"com.yongxinhua.charlies","启明",,,"1","0","ADX","16/4/2026 05:18:48"
"com.youjing.dianxue","倍速点学",,,"2","0","ADX","16/4/2026 05:19:40"
"com.youju.miaoyimiao","瞄一瞄",,,"1","0","ADX","16/4/2026 05:19:47"
"com.youju.miaoyimiao","红豌豆",,,"2","0","ADX","16/4/2026 05:18:46"
"com.youku.youku","","影音播放",,"62","0","ADX","16/4/2026 05:18:46"
"com.youku.youku","SDK聚合-iOS","影音播放",,"5","0","ADX","16/4/2026 05:18:42"
"com.youloft.icloser","启明","实用工具",,"1","0","ADX","16/4/2026 05:18:52"
"com.youloft.mooddiary","语雀",,,"491","0","ADX","16/4/2026 05:19:49"
"com.youshang.kuaidi4courier","",,,"12","0","ADX","16/4/2026 05:18:46"
"com.yp2024.sh","优派生活",,,"9","0","ADX","16/4/2026 05:19:53"
"com.yqkxc.qckj","一起开心猜",,,"1","0","ADX","16/4/2026 05:18:44"
"com.yqwx.jxshddzz.mi","com.yqwx.jxshddzz.mi",,,"1","0","ADX","16/4/2026 05:19:56"
"com.yqwx.zsqzdjmn.mi","",,,"2","0","ADX","16/4/2026 05:18:41"
"com.yqwx.zsqzdjmn.mi","com.yqwx.zsqzdjmn.mi",,,"1","0","ADX","16/4/2026 05:19:56"
"com.ysg.op.cad","CAD专业看图师",,,"6","0","ADX","16/4/2026 05:19:32"
"com.yspjht.spxu.vivo","颜色拼接",,,"6","0","ADX","16/4/2026 05:19:38"
"com.yspjht.spxu.vivo","颜色拼接2",,,"3","0","ADX","16/4/2026 05:19:14"
"com.yspjht.spxu.vivo","颜色拼接4",,,"6","0","ADX","16/4/2026 05:19:38"
"com.ytct.zrc","com.ytct.zrc","学习教育",,"2","0","ADX","16/4/2026 05:19:56"
"com.ytct.zrc","杨桃猜题安卓","学习教育",,"16","0","ADX","16/4/2026 05:19:53"
"com.ythl.gtfx","土豆奇遇记",,,"1","0","ADX","16/4/2026 05:19:56"
"com.ythl.jycgb","我在老城区跑酷",,,"17","0","ADX","16/4/2026 05:19:43"
"com.ythl.jycgb","看我奇思妙想",,,"659","0","ADX","16/4/2026 05:19:38"
"com.ythl.shdsds","土豆奇遇记",,,"342","0","ADX","16/4/2026 05:18:46"
"com.ythl.shdsds","帽子先森奇遇记",,,"369","0","ADX","16/4/2026 05:18:46"
"com.ythl.shdsds","我在老城区跑酷",,,"37","0","ADX","16/4/2026 05:19:19"
"com.ythl.shdsds","熊猫探险计划",,,"304","0","ADX","16/4/2026 05:19:32"
"com.ythl.shdsds","狂飙大卡车",,,"428","0","ADX","16/4/2026 05:18:46"
"com.ythl.shdsds","看我奇思妙想",,,"523","0","ADX","16/4/2026 05:18:46"
"com.ythl.yzdbz","月汐冥想",,,"1","0","ADX","16/4/2026 05:19:25"
"com.yuan_li_network.texttospeechyuanli","配音师",,,"25","0","ADX","16/4/2026 05:18:52"
"com.yuanhu.qumaishopapp","惠聚",,,"5","0","ADX","16/4/2026 05:18:46"
"com.yuanmengkongjian.app","元梦空间",,,"118","0","ADX","16/4/2026 05:19:43"
"com.yueying.shi","月影诗",,,"2501","0","ADX","16/4/2026 05:19:49"
"com.yueyou.cyreader","Qi.mao","阅读",,"1","0","ADX","16/4/2026 05:19:36"
"com.yueyou.cyreader","七猫Pro","阅读",,"1","0","ADX","16/4/2026 05:18:59"
"com.yueyou.cyreader","七猫免费小说","阅读",,"1","0","ADX","16/4/2026 05:18:59"
"com.yueyou.cyreader","七猫小说 7.63.20 砸壳破解版（TG频道@iosfulishare）","阅读",,"7","0","ADX","16/4/2026 05:19:43"
"com.yueyou.cyreader","七猫小说777","阅读",,"3","0","ADX","16/4/2026 05:19:49"
"com.yulian.paipai","",,,"1","0","ADX","16/4/2026 05:19:47"
"com.yunbu.nonogram.chaos.ttserving1","com.yunbu.nonogram.chaos.ttserving1",,,"1","0","ADX","16/4/2026 05:19:56"
"com.yunbu.pool3","com.yunbu.pool3",,,"23","0","ADX","16/4/2026 05:19:49"
"com.yunda.supermarketapp","SDK聚合-iOS",,,"2366","0","ADX","16/4/2026 05:18:46"
"com.yunshan1.ktu","天天修图",,,"515","0","ADX","16/4/2026 05:19:53"
"com.yunxiaobao.driver","com.yunxiaobao.Driver",,,"97","0","ADX","16/4/2026 05:19:43"
"com.yusong.hdguserzheli","com.yusong.hdguserzheli",,,"1","0","ADX","16/4/2026 05:19:03"
"com.yuxinkj.yjzhenyan","com.yuxinkj.yjzhenyan",,,"1","0","ADX","16/4/2026 05:19:56"
"com.ywhbd.gst","易玩红包队",,,"8","0","ADX","16/4/2026 05:18:46"
"com.ywhbd.gst","萤萤",,,"524","0","ADX","16/4/2026 05:18:46"
"com.yx.logistics","小小播放器","效率办公",,"1","0","ADX","16/4/2026 05:18:48"
"com.yyth.slideshort.1","韩剧TV",,,"2","0","ADX","16/4/2026 05:18:44"
"com.yyws.yyzl","com.yyws.yyzl",,,"2","0","ADX","16/4/2026 05:19:56"
"com.yyws.yyzl","安卓",,,"1","0","ADX","16/4/2026 05:18:52"
"com.yyzx.cjxf","",,,"2","0","ADX","16/4/2026 05:19:38"
"com.yzk.kekeyouli","可可有礼","鞋服商城",,"6","0","ADX","16/4/2026 05:18:42"
"com.yzzy.qsd.app.a","大师兄影视",,,"22","0","ADX","16/4/2026 05:19:43"
"com.zbdv3.dtxnsv3","答题小能手",,,"11","0","ADX","16/4/2026 05:18:46"
"com.zclll.zbdkj","招财龙",,,"7","0","ADX","16/4/2026 05:18:46"
"com.zcwzqiang.sxzbedkj","开心乐园",,,"15","0","ADX","16/4/2026 05:18:46"
"com.zfwawacai.zbd","广宏崛起",,,"18","0","ADX","16/4/2026 05:18:46"
"com.zghl.smartlife","com.zghl.smartlife",,,"1","0","ADX","16/4/2026 05:19:56"
"com.zhangkongapp.joke.bamenshenqi","","游戏工具",,"3","0","ADX","16/4/2026 05:18:46"
"com.zhangpei.pinyindazi","拼音打字练习",,,"1","0","ADX","16/4/2026 05:18:48"
"com.zhaocaimao.wy","com.zhaocaimao.wy","金融/游戏",,"1","0","ADX","16/4/2026 05:19:56"
"com.zhaofa.manmiao.video","漫喵",,,"5774","0","ADX","16/4/2026 05:18:49"
"com.zhenzhuan","真赚","惠赚钱（四川）科技有限责任公司",,"2","0","ADX","16/4/2026 05:18:42"
"com.zhibo8.tenyears","直播吧",,,"1560","0","ADX","16/4/2026 05:18:46"
"com.zhihu.ios","知乎","社交/问答",,"36","0","ADX","16/4/2026 05:18:46"
"com.zhijian.yunzhisuan","com.zhijian.yunzhisuan",,,"7","0","ADX","16/4/2026 05:19:28"
"com.zhilitech.studymath","数学达人",,,"1","0","ADX","16/4/2026 05:18:44"
"com.zhiwei.zwf","小丸子",,,"8","0","ADX","16/4/2026 05:19:53"
"com.zhkj.huilix","惠立享",,,"14","0","ADX","16/4/2026 05:19:53"
"com.zhongheng.dadanjia","大弹家",,,"12","0","ADX","16/4/2026 05:19:19"
"com.zhongwei.aiweibaby","爱维宝贝-IOS-正式","亲子/教育",,"30125","0","ADX","16/4/2026 05:18:49"
"com.zhongwei.aiweibaby1","com.zhongwei.aiweibaby1",,,"1","0","ADX","16/4/2026 05:19:11"
"com.zhongwei.aiweibaby1","爱维宝贝",,,"3","0","ADX","16/4/2026 05:19:11"
"com.zhoushangxixi.duanjuzhilian","直联百科",,,"1","0","ADX","16/4/2026 05:18:41"
"com.zhuanketianxia","赚客天下",,,"2","0","ADX","16/4/2026 05:19:08"
"com.zhuoliantech.tax","",,,"7","0","ADX","16/4/2026 05:19:53"
"com.zhuoliantech.weight","轻体重日记",,,"2","0","ADX","16/4/2026 05:18:56"
"com.zhuqingmi.pandabill","com.zhuqingmi.pandabill",,,"247","0","ADX","16/4/2026 05:19:38"
"com.zhuyangjun.ios.appbox","com.zhuyangjun.ios.AppBox",,,"3091","0","ADX","16/4/2026 05:19:49"
"com.zitibaohe.jianzhuzigejianli.szxj","手作小记",,,"1307","0","ADX","16/4/2026 05:18:46"
"com.zixi.jjdss","帽子先森奇遇记",,,"75","0","ADX","16/4/2026 05:19:28"
"com.zixi.jjdss","我在老城区跑酷",,,"3","0","ADX","16/4/2026 05:19:53"
"com.zixi.jjdss","狂飙大卡车",,,"103","0","ADX","16/4/2026 05:19:43"
"com.zixi.jjdss","看我奇思妙想",,,"68","0","ADX","16/4/2026 05:19:22"
"com.zixi.tkszqdd","舜语小说",,,"2","0","ADX","16/4/2026 05:19:30"
"com.zlljy.jyguy.tg","com.zlljy.jyguy.tg",,,"1","0","ADX","16/4/2026 05:19:56"
"com.zlljy.jyguy.tg","整理来解压",,,"1","0","ADX","16/4/2026 05:18:44"
"com.zltianxiabao.zbdzc","听歌得金",,,"5","0","ADX","16/4/2026 05:18:46"
"com.zlyx.rkdj.d7fn","邬甬健康计算器",,,"5","0","ADX","16/4/2026 05:19:08"
"com.zodiac.dragoncloud","龙跃云端",,,"1","0","ADX","16/4/2026 05:18:52"
"com.zs.clean.c.master","com.zs.clean.c.master",,,"3","0","ADX","16/4/2026 05:18:46"
"com.zswx.app.ftcgb","方糖尊享版",,,"1","0","ADX","16/4/2026 05:18:48"
"com.zswx.app.ftsub2","方糖星辰版",,,"5","0","ADX","16/4/2026 05:18:42"
"com.zswx.app.ftsub2","清风星耀版",,,"112","0","ADX","16/4/2026 05:18:46"
"com.ztjhuyu.mngjc.bc","com.ztjhuyu.mngjc.bc",,,"1","0","ADX","16/4/2026 05:18:41"
"com.zuoyebang.knowledge","sdk iOS",,,"1","0","ADX","16/4/2026 05:19:56"
"com.zuoyebang.knowledge","作业帮家长版-iOS",,,"1","0","ADX","16/4/2026 05:18:44"
"com.zwcloud.p6slite","SDK聚合-iOS",,,"952","0","ADX","16/4/2026 05:18:46"
"com.zwcloud.p6slite","睿博士ios",,,"36","0","ADX","16/4/2026 05:18:49"
"com.zwcode.p6slite","安卓",,,"1","0","ADX","16/4/2026 05:18:52"
"com.zwddz.gst","快乐-乐乐虫",,,"297","0","ADX","16/4/2026 05:18:46"
"com.zwddz.gst","萤萤",,,"1","0","ADX","16/4/2026 05:18:41"
"com.zwddz.gst","赚完点点赚",,,"6","0","ADX","16/4/2026 05:18:46"
"com.zwhbd.gst","掌玩红包队",,,"7","0","ADX","16/4/2026 05:18:46"
"com.zwhbd.gst","萤萤",,,"551","0","ADX","16/4/2026 05:18:46"
"com.zxnzt.hdzdu.mi","占下那座塔",,,"3","0","ADX","16/4/2026 05:19:00"
"com.zyp.up","优聘兼职",,,"8","0","ADX","16/4/2026 05:19:28"
"com.zzly99.tjms","启明",,,"5","0","ADX","16/4/2026 05:18:46"
"ddk.com","点点看",,,"1","0","ADX","16/4/2026 05:19:30"
"dn.roc.fire114","消防百事通",,,"15","0","ADX","16/4/2026 05:18:48"
"enfc.metro","北京易通行app最新版",,,"8","0","ADX","16/4/2026 05:18:46"
"eu.xiaodao.xiaodao","eu.xiaodao.xiaodao",,,"5","0","ADX","16/4/2026 05:19:08"
"fangbian","",,,"1","0","ADX","16/4/2026 05:19:25"
"fangbianshoudiantong.shoudiantong","方便手电筒","手电激光",,"12","0","ADX","16/4/2026 05:19:38"
"feng.yuabxu.sha","feng.yuabxu.sha",,,"2","0","ADX","16/4/2026 05:18:44"
"fm.qingting.qtradio","蜻蜓FM","影音视听",,"1","0","ADX","16/4/2026 05:18:41"
"gmms.digitgas.app.delivery","燃企管",,,"1","0","ADX","16/4/2026 05:18:48"
"greatrain.babyios","greatrain.babyios",,,"10","0","ADX","16/4/2026 05:19:49"
"io.dcloud.h576e6cc7","鱼泡直聘 1",,,"4","0","ADX","16/4/2026 05:18:56"
"io.dcloud.h576e6cc7","鱼泡直聘 2",,,"2","0","ADX","16/4/2026 05:18:48"
"io.dcloud.sgcx","io.dcloud.sgcx",,,"7","0","ADX","16/4/2026 05:19:49"
"io.fasteasyscantext.hub","快易扫文汇",,,"2","0","ADX","16/4/2026 05:19:08"
"io.iftech.carton","io.iftech.carton",,,"25","0","ADX","16/4/2026 05:19:28"
"io.iftech.carton","小组件盒子",,,"1","0","ADX","16/4/2026 05:19:47"
"io.readto.app.release","io.readto.app.release",,,"1","0","ADX","16/4/2026 05:19:56"
"io.smoothoptclean.manager","畅优清理管家",,,"8","0","ADX","16/4/2026 05:19:32"
"io.yiqingclean.assist","易清清理助手",,,"7","0","ADX","16/4/2026 05:19:49"
"jp.yurikuraft.simplenote","jp.yurikuraft.simplenote",,,"531","0","ADX","16/4/2026 05:18:49"
"k8v68m8ppf.net.colorfulclouds.app.watchkitapp","彩云天气",,,"3","0","ADX","16/4/2026 05:19:32"
"kaixiang.allpeople.intelligentlock","",,,"50","0","ADX","16/4/2026 05:18:46"
"kaixiang.allpeople.intelligentlock","IOS",,,"1","0","ADX","16/4/2026 05:18:52"
"kaixiang.allpeople.intelligentlock","启明",,,"5","0","ADX","16/4/2026 05:18:46"
"lian.suixic.zx","lian.suixic.zx",,,"1","0","ADX","16/4/2026 05:18:48"
"ltd.lemeng.mockmap","模拟位置",,,"5","0","ADX","16/4/2026 05:19:43"
"main.smart.chenzhou","",,,"5","0","ADX","16/4/2026 05:18:46"
"mall.mibeiunion.cn","侎贝",,,"1","0","ADX","16/4/2026 05:18:44"
"me.tx.miaodanjisu","秒单",,,"45","0","ADX","16/4/2026 05:19:32"
"moc.nauxuoyoaixoaix.www.1","晓晓优选 1",,,"1","0","ADX","16/4/2026 05:19:47"
"mop.great.shoujianquanql","mop.great.shoujianquanql",,,"1","0","ADX","16/4/2026 05:18:48"
"net.circlehead.app","圆头",,,"1","0","ADX","16/4/2026 05:19:40"
"net.colorfulclouds.app","AD Demo","生活天气",,"1","0","ADX","16/4/2026 05:19:20"
"net.colorfulclouds.app","SDK聚合-iOS","生活天气",,"3413","0","ADX","16/4/2026 05:18:46"
"net.cpwxw.cpfiction","安卓","图书阅读",,"5","0","ADX","16/4/2026 05:18:52"
"net.cpwxw.cpfiction","长佩阅读-IOS","图书阅读",,"685","0","ADX","16/4/2026 05:18:49"
"net.deali.sinsangmarket","net.deali.Sinsangmarket",,,"3015","0","ADX","16/4/2026 05:19:43"
"net.gtc.mengzhishiguang","",,,"1","0","ADX","16/4/2026 05:18:44"
"net.gtc.mengzhishiguang","植趣小园",,,"2","0","ADX","16/4/2026 05:18:48"
"net.qihoo.browser","net.qihoo.browser",,,"3","0","ADX","16/4/2026 05:19:32"
"net.silkycloud.mobilekit","麦客短剧点金版","开发组件/SDK",,"82","0","ADX","16/4/2026 05:18:46"
"one.echobell.echobell","one.echobell.Echobell",,,"690","0","ADX","16/4/2026 05:18:49"
"org.fungo.a8sport","A8体育",,,"3","0","ADX","16/4/2026 05:19:38"
"org.sksm.aipciotswift","AIPC",,,"5","0","ADX","16/4/2026 05:19:43"
"org.sksm.aipciotswift","org.sksm.AIPCIOTSwift",,,"2795","0","ADX","16/4/2026 05:19:28"
"org.sksm.aipciotswift","启明",,,"2","0","ADX","16/4/2026 05:18:46"
"package.yy.yxhq","优享好券",,,"67","0","ADX","16/4/2026 05:19:49"
"plus.h59260208","绿动牛仔",,,"3","0","ADX","16/4/2026 05:19:14"
"plus.h59260208","薇趣",,,"18","0","ADX","16/4/2026 05:19:14"
"qianxing.taojinke","",,,"6","0","ADX","16/4/2026 05:18:41"
"qiasite.wyzf","qiasite.wyzf",,,"1","0","ADX","16/4/2026 05:19:11"
"qych20841-com.kuaishou.nebula",,,,"2","0","ADX","16/4/2026 05:18:48"
"qych20841-com.taobao.live",,,,"3","0","ADX","16/4/2026 05:18:48"
"qych21061-com.sankuai.meituan",,,,"1","0","ADX","16/4/2026 05:18:48"
"shop.benshanw.com","金豆生活",,,"1508","0","ADX","16/4/2026 05:19:53"
"smallcow.xyz","小牛记事本",,,"1","0","ADX","16/4/2026 05:18:41"
"sqcosmos.com.animal","每日动物",,,"22","0","ADX","16/4/2026 05:19:49"
"store.lifex.pet","store.lifex.pet",,,"5319","0","ADX","16/4/2026 05:19:43"
"sx.xczx","云贸盛世",,,"28","0","ADX","16/4/2026 05:19:53"
"sxdy.yuahui.tog","",,,"1","0","ADX","16/4/2026 05:18:48"
"sxdy.yuahui.tog","sxdy.yuahui.tog",,,"4","0","ADX","16/4/2026 05:18:46"
"tech.echoing.kuril","",,,"1","0","ADX","16/4/2026 05:18:44"
"tech.echoing.kuril","Qiandao",,,"2","0","ADX","16/4/2026 05:19:38"
"top.dreamcodeq.awardaccount","奖励账本","目标打卡",,"1","0","ADX","16/4/2026 05:19:47"
"top.guirenhui.app","九州优选",,,"10","0","ADX","16/4/2026 05:19:14"
"top.hwhe.hngd","红尾鹤",,,"15705","0","ADX","16/4/2026 05:18:46"
"top.hwhe.hngd","红尾鹤 布丁",,,"4","0","ADX","16/4/2026 05:18:46"
"top.hwou.hngdgs","红尾鸥",,,"1917","0","ADX","16/4/2026 05:18:46"
"top.nlfcs.scfln","满星星",,,"809","0","ADX","16/4/2026 05:18:46"
"top.nlfcs.scfln","脑力方程式",,,"11","0","ADX","16/4/2026 05:18:46"
"top.v8s.jqbz","极清壁纸",,,"2","0","ADX","16/4/2026 05:19:53"
"top.yunxiaolinghang.qxjs","大唐玩家",,,"2","0","ADX","16/4/2026 05:18:46"
"top.yunxiaolinghang.ygx","大唐玩家",,,"207","0","ADX","16/4/2026 05:18:46"
"top.yunxiaolinghang.ygx","悦购侠",,,"1","0","ADX","16/4/2026 05:18:41"
"top.zwc.sxdhwz","智玩·春",,,"708","0","ADX","16/4/2026 05:18:46"
"top.zwd.zwhd","智玩·冬",,,"618","0","ADX","16/4/2026 05:18:46"
"tv.tvguo.androidphone","IQIYI AR","影音娱乐",,"1","0","ADX","16/4/2026 05:18:48"
"tv.tvguo.androidphone","TVguo","影音娱乐",,"1","0","ADX","16/4/2026 05:19:11"
"tv.yinhua.main","音画测试版",,,"1","0","ADX","16/4/2026 05:19:56"
"uni.app.uni0663014","免漫画",,,"1","0","ADX","16/4/2026 05:19:30"
"uni.app.uni18c520d","X潮货",,,"11","0","ADX","16/4/2026 05:19:28"
"uni.app.uni580e175","时代广场",,,"2","0","ADX","16/4/2026 05:18:46"
"uni.app.uni823365d","莫言社区",,,"1","0","ADX","16/4/2026 05:18:44"
"uni.app.uni8988dd5","时光匣",,,"5","0","ADX","16/4/2026 05:18:49"
"uni.app.uni9080613","数域科技",,,"1","0","ADX","16/4/2026 05:18:44"
"uni.app.uni9c21d9c","ZY-LINK",,,"9","0","ADX","16/4/2026 05:19:28"
"uni.app.uni9c21d9c","专越物联",,,"2","0","ADX","16/4/2026 05:18:46"
"uni.app.unia93e165","派富通",,,"1","0","ADX","16/4/2026 05:18:44"
"uni.app.uniae5d8a9","大众小看",,,"4","0","ADX","16/4/2026 05:19:22"
"uni.app.uniafbfb15","X潮货",,,"49","0","ADX","16/4/2026 05:19:43"
"uni.app.unib0de85e","趣影",,,"2","0","ADX","16/4/2026 05:18:46"
"uni.app.unib89fcaa","麒麟剧场",,,"4","0","ADX","16/4/2026 05:19:28"
"uni.app.unidc530dd","插针游戏",,,"3","0","ADX","16/4/2026 05:18:46"
"uni.app.unief0ceca","众源智选",,,"8","0","ADX","16/4/2026 05:19:32"
"uni.app.unif0bb559","智能噪音录取",,,"2","0","ADX","16/4/2026 05:19:22"
"uni.app.uniffc198f","华涛喜乐多",,,"35","0","ADX","16/4/2026 05:18:49"
"uni.f40f8e6","看看万年历",,,"4","0","ADX","16/4/2026 05:18:46"
"uni.io.jpgoodbuy","uni.io.jpgoodbuy",,,"316","0","ADX","16/4/2026 05:19:49"
"uni.kuku.app","酷酷漫画",,,"2","0","ADX","16/4/2026 05:18:44"
"uni.uni1dad636","焕界云",,,"1","0","ADX","16/4/2026 05:18:52"
"uni.uni1f19e70","车机音乐",,,"1","0","ADX","16/4/2026 05:18:48"
"uni.uni211ab9d","大众小看",,,"1","0","ADX","16/4/2026 05:18:48"
"uni.uni29781fc","中智生态",,,"15","0","ADX","16/4/2026 05:19:53"
"uni.uni3f29fe5","校源网",,,"140","0","ADX","16/4/2026 05:18:49"
"uni.uni45a3540","闪存时光",,,"2","0","ADX","16/4/2026 05:18:41"
"uni.uni45bb54e","凤凰潮",,,"28","0","ADX","16/4/2026 05:19:53"
"uni.uni58f191e","随身听",,,"1","0","ADX","16/4/2026 05:18:41"
"uni.uni5bf9aab","掌中物",,,"1","0","ADX","16/4/2026 05:19:03"
"uni.uni5e0fc7d","东芽轻听",,,"2","0","ADX","16/4/2026 05:18:42"
"uni.uni6b9da70","全民变声魔方",,,"2","0","ADX","16/4/2026 05:18:40"
"uni.uni6d072d2","学唱歌APP",,,"1","0","ADX","16/4/2026 05:19:25"
"uni.uni6e21b51","尚尚商户",,,"4","0","ADX","16/4/2026 05:19:53"
"uni.uni6fdb812","美日多采",,,"1","0","ADX","16/4/2026 05:18:44"
"uni.uni7eded4a","优车听自撸版",,,"1","0","ADX","16/4/2026 05:18:48"
"uni.uni90914e1","口袋游",,,"7","0","ADX","16/4/2026 05:19:22"
"uni.uni9f67d51","dota1数据库",,,"2","0","ADX","16/4/2026 05:18:42"
"uni.unib1a0d78.knejal1063.gbqq46.iifr06638.ctkwl20581.xxftz75046","漫蛙",,,"1","0","ADX","16/4/2026 05:18:48"
"uni.unib1a0d78.yqhsth303.vakzo30645.mhnzjvr83044.xhgf54584.nfsf08716","漫蛙",,,"1","0","ADX","16/4/2026 05:18:44"
"uni.unib36b09e","一路有声自撸版",,,"1","0","ADX","16/4/2026 05:18:41"
"uni.unib67b5c0","健康中国三农",,,"1","0","ADX","16/4/2026 05:19:20"
"uni.unicdd3050","莆田好鞋",,,"2","0","ADX","16/4/2026 05:19:19"
"uni.unid27411f","到店",,,"43","0","ADX","16/4/2026 05:19:32"
"uni.unidb56773","易享电",,,"15","0","ADX","16/4/2026 05:19:28"
"uni.unie8e097d","BotPay",,,"74","0","ADX","16/4/2026 05:19:49"
"uni.unif19cc07","优车听",,,"2","0","ADX","16/4/2026 05:18:44"
"uniapp.unlimitchallenge.com.cn","uniapp.unlimitchallenge.com.cn",,,"92","0","ADX","16/4/2026 05:19:19"
"w2a.com.guoxuebao","国学宝",,,"3","0","ADX","16/4/2026 05:19:53"
"w2a.w2a91shouma.wangshanglianmeng.top","首码联盟",,,"1","0","ADX","16/4/2026 05:18:32"
"wuyuxueche.com","wuyuxueche.com",,,"1","0","ADX","16/4/2026 05:19:11"
"www.cijianlink.xingshi","www.cijianlink.xingshi",,,"76","0","ADX","16/4/2026 05:19:28"
"www.cijianlink.xingshi","幸识_ios",,,"1","0","ADX","16/4/2026 05:19:16"
"www.jz.com.talkhire","www.jz.com.talkhire",,,"4","0","ADX","16/4/2026 05:19:19"
"www.kuanggongbuluo.com","矿工部落",,,"2","0","ADX","16/4/2026 05:18:49"
"xinxiangge.syxn.com","鑫想阁",,,"2","0","ADX","16/4/2026 05:18:44"
"xj.app.openchat","xj.app.openchat",,,"16579","0","ADX","16/4/2026 05:18:49"
"xj.app.openchat","启明",,,"1","0","ADX","16/4/2026 05:18:48"
"xm.jizhang.app","xm.jizhang.app",,,"1","0","ADX","16/4/2026 05:19:47"
"xyz.longweikj.yxsg","悠闲时光",,,"1","0","ADX","16/4/2026 05:18:52"
"yhb.uonwes.yt","yhb.uonwes.yt",,,"2","0","ADX","16/4/2026 05:18:46"
"youxuan.apgam.knotslogic","",,,"1","0","ADX","16/4/2026 05:18:41"
"--debug-bundle-id-","快影",,,"14","0","ADX","16/4/2026 05:19:58"
"ad.tidescn","潮汐表精灵",,,"373","0","ADX","16/4/2026 05:19:58"
"app.whoo","app.whoo",,,"50076","0","ADX","16/4/2026 05:19:58"
"app.whoo","whoo - 遇见你的好友",,,"1485774","0","ADX","16/4/2026 05:19:58"
"app.woaigomoapp.com","果萌",,,"85","0","ADX","16/4/2026 05:19:58"
"badminton.sportsgame.smash.king","badminton.sportsgame.smash.king",,,"5","0","ADX","16/4/2026 05:19:58"
"caolu.com.cn.superdeer","caolu.com.cn.SuperDeer",,,"2736","0","ADX","16/4/2026 05:19:58"
"caolu.com.cn.superdeer","超鹿运动",,,"2557","0","ADX","16/4/2026 05:19:58"
"cc.fenzi.xiaoqin","cc.fenzi.xiaoqin",,,"17598","0","ADX","16/4/2026 05:19:58"
"cc.fenzi.xiaoqin","乐动力",,,"12675","0","ADX","16/4/2026 05:19:58"
"cc.kixmix.video","KIXMIX",,,"1879","0","ADX","16/4/2026 05:19:58"
"cc.kixmix.video","cc.kixmix.video",,,"18","0","ADX","16/4/2026 05:19:58"
"cc.septnet.student","cc.septnet.student",,,"2808","0","ADX","16/4/2026 05:19:58"
"cc.septnet.student","七天学堂",,,"52985","0","ADX","16/4/2026 05:19:58"
"chenxingyuan.gourmetcam","chenxingyuan.GourmetCam",,,"543","0","ADX","16/4/2026 05:19:58"
"chuxin.shimo.shimowendang","chuxin.shimo.shimowendang","效率办公",,"31","0","ADX","16/4/2026 05:19:58"
"chuxin.shimo.shimowendang","石墨文档","效率办公",,"3081","0","ADX","16/4/2026 05:19:58"
"cn.bamq.app","帮忙趣","全职招聘",,"104","0","ADX","16/4/2026 05:19:58"
"cn.bible.dbs","读圣经",,,"15","0","ADX","16/4/2026 05:19:58"
"cn.cettire.storeapp","CETTIRE希提提",,,"120","0","ADX","16/4/2026 05:19:58"
"cn.chaoyoutek.lvjing","调色Lr滤镜大师",,,"336","0","ADX","16/4/2026 05:19:58"
"cn.colorv.app","cn.colorv.app",,,"9973","0","ADX","16/4/2026 05:19:58"
"cn.com.higgs.tilemaster3d.one","cn.com.higgs.tilemaster3d.one",,,"19","0","ADX","16/4/2026 05:19:58"
"cn.com.higgs.tilemaster3d.three","cn.com.higgs.tilemaster3d.three","游戏-休闲益智",,"34","0","ADX","16/4/2026 05:19:58"
"cn.com.wanbu.iwanbuapp","cn.com.wanbu.iwanbuapp",,,"1080","0","ADX","16/4/2026 05:19:58"
"cn.com.wanbu.iwanbuapp","万步健康",,,"21090","0","ADX","16/4/2026 05:19:58"
"cn.com.yunma.company.app","cn.com.yunma.company.app","效率办公",,"1666","0","ADX","16/4/2026 05:19:58"
"cn.com.yunma.company.app","数智易正","效率办公",,"1999","0","ADX","16/4/2026 05:19:58"
"cn.com.yunma.yischool.app","","教育/校园",,"18","0","ADX","16/4/2026 05:19:58"
"cn.com.yunma.yischool.app","cn.com.yunma.yischool.app","教育/校园",,"123952","0","ADX","16/4/2026 05:19:58"
"cn.com.yunma.yischool.app","易校园","教育/校园",,"1594487","0","ADX","16/4/2026 05:19:58"
"cn.com.yunma.yischool.app","易校园-iOS","教育/校园",,"382","0","ADX","16/4/2026 05:19:58"
"cn.com.yunma.yischool.app","易校园-ios","教育/校园",,"14","0","ADX","16/4/2026 05:19:58"
"cn.com.yunma.yischool.app","易校园Dev","教育/校园",,"16","0","ADX","16/4/2026 05:19:58"
"cn.com.yunma.yischool.app","易校园iOS","教育/校园",,"114623","0","ADX","16/4/2026 05:19:58"
"cn.eagri.liangdibao","易亩测","测距",,"145","0","ADX","16/4/2026 05:19:58"
"cn.eagri.liangdibao","量地宝","测距",,"22","0","ADX","16/4/2026 05:19:58"
"cn.ehanghai.android.hex","cn.ehanghai.android.hex",,,"374","0","ADX","16/4/2026 05:19:58"
"cn.ehanghai.android.hex","海e行-安卓",,,"3508","0","ADX","16/4/2026 05:19:58"
"cn.ehanghai.hex","cn.ehanghai.hex",,,"59","0","ADX","16/4/2026 05:19:58"
"cn.ehanghai.hex","海e行",,,"721","0","ADX","16/4/2026 05:19:58"
"cn.epod.srsf","cn.epod.srsf",,,"97","0","ADX","16/4/2026 05:19:58"
"cn.exlive.shoujichache","cn.exlive.shoujichache",,,"45","0","ADX","16/4/2026 05:19:58"
"cn.exlive.shoujichache","手机查车",,,"491","0","ADX","16/4/2026 05:19:58"
"cn.fzhuayantcoltd.huayaapp","cn.fzhuayantcoltd.huayaapp","漫画",,"70","0","ADX","16/4/2026 05:19:58"
"cn.fzhuayantcoltd.huayaapp","画涯","漫画",,"56726","0","ADX","16/4/2026 05:19:58"
"cn.gogpay.dcb","多彩宝",,,"40","0","ADX","16/4/2026 05:19:58"
"cn.jianyun.worktime","cn.jianyun.worktime",,,"26","0","ADX","16/4/2026 05:19:58"
"cn.jianyun.worktime","极简记工时",,,"3343","0","ADX","16/4/2026 05:19:58"
"cn.juzai.app","剧在",,,"1877","0","ADX","16/4/2026 05:19:58"
"cn.jxhb123.jxhb123ios","cn.jxhb123.jxhb123ios",,,"28888","0","ADX","16/4/2026 05:19:58"
"cn.jxhb123.jxhb123ios","惊喜红包",,,"4020","0","ADX","16/4/2026 05:19:58"
"cn.jxhb123.jxhb123ios","惊喜红包-FBL",,,"4","0","ADX","16/4/2026 05:19:58"
"cn.kaiheila","KOOK","聊天社交",,"120450","0","ADX","16/4/2026 05:19:58"
"cn.kaiheila","cn.kaiheila","聊天社交",,"546","0","ADX","16/4/2026 05:19:58"
"cn.kaiheila","kook","聊天社交",,"1328","0","ADX","16/4/2026 05:19:58"
"cn.ledongli.ldl","cn.ledongli.ldl","体育运动",,"121","0","ADX","16/4/2026 05:19:58"
"cn.ledongli.ldl","乐动力","体育运动",,"9109","0","ADX","16/4/2026 05:19:58"
"cn.lingwoyun.cpc","cn.lingwoyun.cpc",,,"3","0","ADX","16/4/2026 05:19:58"
"cn.lingwoyun.cpc","领沃云电脑",,,"222","0","ADX","16/4/2026 05:19:58"
"cn.maiou.cxj","cn.maiou.cxj",,,"91","0","ADX","16/4/2026 05:19:58"
"cn.maiou.cxj","词小记",,,"1726","0","ADX","16/4/2026 05:19:58"
"cn.mucang.ios.jiakaobaodianhuoche","cn.mucang.ios.jiakaobaodianhuoche","教育/交通",,"54247","0","ADX","16/4/2026 05:19:58"
"cn.mucang.ios.jiakaobaodianhuoche","驾考宝典","教育/交通",,"143729","0","ADX","16/4/2026 05:19:58"
"cn.nlkc.ckin","脑力快车",,,"209","0","ADX","16/4/2026 05:19:58"
"cn.poco.jane","cn.poco.jane",,,"53","0","ADX","16/4/2026 05:19:58"
"cn.poco.jane","简拼",,,"1392","0","ADX","16/4/2026 05:19:58"
"cn.qsfty.timetable","cn.qsfty.timetable",,,"610","0","ADX","16/4/2026 05:19:58"
"cn.sciener.sciener","Sciener",,,"473","0","ADX","16/4/2026 05:19:58"
"cn.sciener.sciener","cn.sciener.sciener",,,"4576","0","ADX","16/4/2026 05:19:58"
"cn.sciener.sciener","科技侠",,,"528","0","ADX","16/4/2026 05:19:58"
"cn.sciener.sciener","科技侠智能锁",,,"105760","0","ADX","16/4/2026 05:19:58"
"cn.sciener.sciener","科技俠智能鎖",,,"434","0","ADX","16/4/2026 05:19:58"
"cn.shmc.cmhs","cn.shmc.cmhs","教育",,"597","0","ADX","16/4/2026 05:19:58"
"cn.shutu.novelread.app","嗑学家",,,"131","0","ADX","16/4/2026 05:19:58"
"cn.soulapp.android","cn.soulapp.android","聊天社交",,"230563","0","ADX","16/4/2026 05:19:58"
"cn.szjn.njzs","cn.szjn.njzs",,,"30","0","ADX","16/4/2026 05:19:58"
"cn.teacheredu.www","师学宝",,,"55","0","ADX","16/4/2026 05:19:58"
"cn.wildbus.remodel","cn.wildbus.remodel",,,"709","0","ADX","16/4/2026 05:19:58"
"cn.yiyou.peace","cn.yiyou.peace",,,"320","0","ADX","16/4/2026 05:19:58"
"cn.yq.wenan","cn.yq.wenan",,,"12098","0","ADX","16/4/2026 05:19:58"
"cn.yq.wenan","文案馆",,,"1383","0","ADX","16/4/2026 05:19:58"
"cn.zslc.clsz","cn.zslc.clsz","信息查询",,"892","0","ADX","16/4/2026 05:19:58"
"com.17zuoye.homework","com.17zuoye.homework","教育",,"436506","0","ADX","16/4/2026 05:19:58"
"com.17zuoye.homework","sdk iOS","教育",,"5","0","ADX","16/4/2026 05:19:58"
"com.17zuoye.homework","一起作业","教育",,"1064807","0","ADX","16/4/2026 05:19:58"
"com.17zuoye.homework","一起作业-IOS","教育",,"34","0","ADX","16/4/2026 05:19:58"
"com.17zuoye.homework","一起作业-ios","教育",,"47760","0","ADX","16/4/2026 05:19:58"
"com.17zuoye.homework","一起作业_iOS","教育",,"33142","0","ADX","16/4/2026 05:19:58"
"com.17zuoye.homework","一起作业iOS","教育",,"88","0","ADX","16/4/2026 05:19:58"
"com.17zuoye.homework","一起作业学生-口语速算阅读，中小学生必备","教育",,"621","0","ADX","16/4/2026 05:19:58"
"com.360ants.yihome","YI Home","智能硬件",,"1014","0","ADX","16/4/2026 05:19:58"
"com.360ants.yihome","com.360ants.yihome","智能硬件",,"3810","0","ADX","16/4/2026 05:19:58"
"com.360ants.yihome","小蚁摄像机","智能硬件",,"309589","0","ADX","16/4/2026 05:19:58"
"com.360ants.yihome","小蟻攝影機","智能硬件",,"2094","0","ADX","16/4/2026 05:19:58"
"com.360ants.yihome","샤오이 카메라","智能硬件",,"50","0","ADX","16/4/2026 05:19:58"
"com.720yun.yun-ios","720云",,,"41","0","ADX","16/4/2026 05:19:58"
"com.9second.xiyiji","com.9second.xiyiji",,,"228","0","ADX","16/4/2026 05:19:58"
"com.9second.xiyiji","蔚来校园",,,"849","0","ADX","16/4/2026 05:19:58"
"com.a3xh1.phoenix.fn","白云视频",,,"106","0","ADX","16/4/2026 05:19:58"
"com.abcdell.ewc","com.abcdell.ewc",,,"2485781","0","ADX","16/4/2026 05:19:58"
"com.ai.h","com.ai.h",,,"13","0","ADX","16/4/2026 05:19:58"
"com.ai.h","爱哈记",,,"1286","0","ADX","16/4/2026 05:19:58"
"com.ai.marki","com.ai.marki","摄影摄像",,"393567","0","ADX","16/4/2026 05:19:58"
"com.ai.marki","马克水印相机","摄影摄像",,"2576264","0","ADX","16/4/2026 05:19:58"
"com.ai.marki","马克水印相机-时间地点和工作水印留痕","摄影摄像",,"296","0","ADX","16/4/2026 05:19:58"
"com.ai.marki","马克水印相机iOS","摄影摄像",,"68","0","ADX","16/4/2026 05:19:58"
"com.ai.marki","马克水印相机单独版","摄影摄像",,"8","0","ADX","16/4/2026 05:19:58"
"com.aili.xxalcp","艾丽测评",,,"1133","0","ADX","16/4/2026 05:19:58"
"com.aimiaozai.app.mtq","com.aimiaozai.app.mtq",,,"11","0","ADX","16/4/2026 05:19:58"
"com.aimiaozai.app.mtq","mtq",,,"3320","0","ADX","16/4/2026 05:19:58"
"com.aiplus.pro","AI Plus",,,"1079","0","ADX","16/4/2026 05:19:58"
"com.air.airlook","AIR Look",,,"3","0","ADX","16/4/2026 05:19:58"
"com.air.airlook","AIR-Look",,,"28492","0","ADX","16/4/2026 05:19:58"
"com.air.airlook","com.air.airlook",,,"535","0","ADX","16/4/2026 05:19:58"
"com.akcxkj.ios","FOWL",,,"206","0","ADX","16/4/2026 05:19:58"
"com.akcxkj.ios","com.AKCXKJ.iOS",,,"17","0","ADX","16/4/2026 05:19:58"
"com.alibaba.mmc.ruyistore517","如意店长助手2",,,"2","0","ADX","16/4/2026 05:19:58"
"com.ancda.app.parents","","实用工具",,"3263","0","ADX","16/4/2026 05:19:58"
"com.ancda.app.parents","Palm Mind School","实用工具",,"7","0","ADX","16/4/2026 05:19:58"
"com.ancda.app.parents","Palm School","实用工具",,"166","0","ADX","16/4/2026 05:19:58"
"com.ancda.app.parents","Parents","实用工具",,"20638","0","ADX","16/4/2026 05:19:58"
"com.ancda.app.parents","com.ancda.app.parents","实用工具",,"7103","0","ADX","16/4/2026 05:19:58"
"com.ancda.app.parents","掌心智校","实用工具",,"260624","0","ADX","16/4/2026 05:19:58"
"com.ancda.app.parents","掌心智校_iOS","实用工具",,"20","0","ADX","16/4/2026 05:19:58"
"com.ancda.app.parents","掌心智校_家长版_IOS","实用工具",,"10234","0","ADX","16/4/2026 05:19:58"
"com.ancda.palmbabyparentts","","教育/家校",,"6293","0","ADX","16/4/2026 05:19:58"
"com.ancda.palmbabyparentts","Palm School","教育/家校",,"412","0","ADX","16/4/2026 05:19:58"
"com.ancda.palmbabyparentts","ParentsBaby","教育/家校",,"102391","0","ADX","16/4/2026 05:19:58"
"com.ancda.palmbabyparentts","com.ancda.PalmbabyParentts","教育/家校",,"3716","0","ADX","16/4/2026 05:19:58"
"com.ancda.palmbabyparentts","掌心宝贝","教育/家校",,"349381","0","ADX","16/4/2026 05:19:58"
"com.ancda.palmbabyparentts","掌心宝贝_iOS","教育/家校",,"40819","0","ADX","16/4/2026 05:19:58"
"com.ancda.palmbabyparentts","棕榈宝宝家长端","教育/家校",,"4","0","ADX","16/4/2026 05:19:58"
"com.ancda.palmbabyteachers","com.ancda.PalmbabyTeachers",,,"21563","0","ADX","16/4/2026 05:19:58"
"com.ancda.palmbabyteachers","掌心宝贝园丁-iOS",,,"15","0","ADX","16/4/2026 05:19:58"
"com.andrew.picmerger","com.andrew.picmerger",,,"3117","0","ADX","16/4/2026 05:19:58"
"com.andrew.picmerger","照片拼图制作器和图片编辑器",,,"229","0","ADX","16/4/2026 05:19:58"
"com.android.jz","微记账",,,"548","0","ADX","16/4/2026 05:19:58"
"com.android.tgq","糖果圈",,,"389","0","ADX","16/4/2026 05:19:58"
"com.androidhonyar.smarthome","鸿雁智家",,,"747","0","ADX","16/4/2026 05:19:58"
"com.anjucloud.opendoor","com.anjucloud.openDoor",,,"698","0","ADX","16/4/2026 05:19:58"
"com.aolafu.leishen","com.aolafu.leishen",,,"569","0","ADX","16/4/2026 05:19:58"
"com.aolafu.leishen","雷神加速器",,,"53176","0","ADX","16/4/2026 05:19:58"
"com.aolafu.leishen","雷神加速器-iOS",,,"15496","0","ADX","16/4/2026 05:19:58"
"com.aosmith.aosmarthome","AI家智控",,,"2593","0","ADX","16/4/2026 05:19:58"
"com.aosmith.aosmarthome","com.aosmith.AOSmartHome",,,"1357","0","ADX","16/4/2026 05:19:58"
"com.aotesiqi.zhongguotianqi","com.aotesiqi.zhongguotianqi",,,"10","0","ADX","16/4/2026 05:19:58"
"com.aotesiqi.zhongguotianqi","天气预报",,,"2364","0","ADX","16/4/2026 05:19:58"
"com.app.cy.hellofitpro","com.app.cy.hellofitpro",,,"14","0","ADX","16/4/2026 05:19:58"
"com.app.yikeshi","com.app.yikeshi",,,"103","0","ADX","16/4/2026 05:19:58"
"com.app.yujiasuxingji","壁纸图片大师",,,"27","0","ADX","16/4/2026 05:19:58"
"com.app3600eyes","3600Eyes",,,"469","0","ADX","16/4/2026 05:19:58"
"com.app3600eyes","3600eyes",,,"158","0","ADX","16/4/2026 05:19:58"
"com.appheader.zhxf.pro.sml","Shimei Global",,,"3185","0","ADX","16/4/2026 05:19:58"
"com.appheader.zhxf.pro.sml","com.appheader.zhxf.pro.sml",,,"49","0","ADX","16/4/2026 05:19:58"
"com.appheader.zhxf.pro.sml","诗梅练",,,"3033","0","ADX","16/4/2026 05:19:58"
"com.arrow.eliminate.maze","com.arrow.eliminate.maze",,,"2396","0","ADX","16/4/2026 05:19:58"
"com.asg.themagicfingerzh","com.asg.themagicfingerZH",,,"8","0","ADX","16/4/2026 05:19:58"
"com.autobotstech.e_drive","com.autobotstech.e_drive",,,"4892","0","ADX","16/4/2026 05:19:58"
"com.auvi.jsxcam","JJhome_IOS","智能监控",,"246","0","ADX","16/4/2026 05:19:58"
"com.auvi.jsxcam","com.auvi.JSXCAM","智能监控",,"3076","0","ADX","16/4/2026 05:19:58"
"com.auvi.jsxcam","家家智联","智能监控",,"22712","0","ADX","16/4/2026 05:19:58"
"com.auvi.jsxcam","家家智联_iOS","智能监控",,"984","0","ADX","16/4/2026 05:19:58"
"com.awfgwfd.afanhyufgevtuyf","com.awfgwfd.afanhyufgevtuyf",,,"7","0","ADX","16/4/2026 05:19:58"
"com.awfgwfd.afanhyufgevtuyf","薅佬生活",,,"301","0","ADX","16/4/2026 05:19:58"
"com.axrecord","",,,"687","0","ADX","16/4/2026 05:19:58"
"com.axrecord","com.AXRecord",,,"3824","0","ADX","16/4/2026 05:19:58"
"com.axrecord","安心计件",,,"26383","0","ADX","16/4/2026 05:19:58"
"com.axrecord","计件工资记账",,,"108212","0","ADX","16/4/2026 05:19:58"
"com.axworkschedule","","工具/日程管理",,"5607","0","ADX","16/4/2026 05:19:58"
"com.axworkschedule","com.axworkschedule","工具/日程管理",,"6363","0","ADX","16/4/2026 05:19:58"
"com.axworkschedule","即日AI日程","工具/日程管理",,"7","0","ADX","16/4/2026 05:19:58"
"com.axworkschedule","排班日历","工具/日程管理",,"269654","0","ADX","16/4/2026 05:19:58"
"com.axworkschedule","排班日历-倒班助手","工具/日程管理",,"180","0","ADX","16/4/2026 05:19:58"
"com.azumio.iphone.sleepcycle","com.azumio.iphone.sleepcycle",,,"1882","0","ADX","16/4/2026 05:19:58"
"com.azumio.iphone.sleepcycle","睡觉时间+",,,"3753","0","ADX","16/4/2026 05:19:58"
"com.babytree.apps.pregnancy","com.babytree.apps.pregnancy","医疗健康",,"424","0","ADX","16/4/2026 05:19:58"
"com.babytree.apps.pregnancy","宝宝树","医疗健康",,"44155","0","ADX","16/4/2026 05:19:58"
"com.babytree.apps.pregnancy","宝宝树孕育","医疗健康",,"89235","0","ADX","16/4/2026 05:19:58"
"com.babytree.pregnancy","",,,"12462","0","ADX","16/4/2026 05:19:58"
"com.babytree.pregnancy","com.babytree.pregnancy",,,"16410","0","ADX","16/4/2026 05:19:58"
"com.babytree.pregnancy","宝宝树",,,"89162","0","ADX","16/4/2026 05:19:58"
"com.babytree.pregnancy","宝宝树孕育",,,"997923","0","ADX","16/4/2026 05:19:58"
"com.baehug.watch","com.baehug.watch",,,"1412","0","ADX","16/4/2026 05:19:58"
"com.baidu.input_oem","百度输入法定制版",,,"120","0","ADX","16/4/2026 05:19:58"
"com.baidu.lbs.map","百度地图",,,"377","0","ADX","16/4/2026 05:19:58"
"com.baidu.map","",,,"124994","0","ADX","16/4/2026 05:19:58"
"com.baidu.map","com.baidu.map",,,"359377","0","ADX","16/4/2026 05:19:58"
"com.baidu.map","百度地图",,,"13266252","0","ADX","16/4/2026 05:19:58"
"com.baidu.map","百度地图iOS",,,"625","0","ADX","16/4/2026 05:19:58"
"com.baidu.netdisk-dev","百度网盘-DEV",,,"4","0","ADX","16/4/2026 05:19:58"
"com.baidu.searchbox.tomas","com.baidu.searchbox.tomas",,,"4","0","ADX","16/4/2026 05:19:58"
"com.baidu.translate","com.baidu.translate","工具/教育",,"62650","0","ADX","16/4/2026 05:19:58"
"com.baidu.translate","百度翻译","工具/教育",,"18499","0","ADX","16/4/2026 05:19:58"
"com.baidu.translate","百度翻译-Ios","工具/教育",,"52","0","ADX","16/4/2026 05:19:58"
"com.baidu.video","","影音视听",,"229","0","ADX","16/4/2026 05:19:58"
"com.baidu.video","com.baidu.video","影音视听",,"322492","0","ADX","16/4/2026 05:19:58"
"com.baidu.video","百度视频","影音视听",,"56352","0","ADX","16/4/2026 05:19:58"
"com.baidu.video","百搜视频","影音视听",,"456752","0","ADX","16/4/2026 05:19:58"
"com.baidu.video.pad","百搜视频HD",,,"10475","0","ADX","16/4/2026 05:19:58"
"com.baidu.videoiphone","","影音娱乐",,"60597","0","ADX","16/4/2026 05:19:58"
"com.baidu.videoiphone","com.baidu.videoiphone","影音娱乐",,"835190","0","ADX","16/4/2026 05:19:58"
"com.baidu.videoiphone","iphone百搜视频","影音娱乐",,"6486","0","ADX","16/4/2026 05:19:58"
"com.baidu.videoiphone","sdk iOS","影音娱乐",,"12","0","ADX","16/4/2026 05:19:58"
"com.baidu.videoiphone","百度视频","影音娱乐",,"87575","0","ADX","16/4/2026 05:19:58"
"com.baidu.videoiphone","百搜视频","影音娱乐",,"955447","0","ADX","16/4/2026 05:19:58"
"com.baidu.youavideo.1","一刻相册2",,,"11","0","ADX","16/4/2026 05:19:58"
"com.baisui.wuyouzd","com.baisui.wuyouzd","时尚购物",,"39","0","ADX","16/4/2026 05:19:58"
"com.baisui.wuyouzd","悦龄生活","时尚购物",,"234325","0","ADX","16/4/2026 05:19:58"
"com.baizhong.cookbook","做菜大全",,,"45","0","ADX","16/4/2026 05:19:58"
"com.baosslyqwjwl.adf","com.baosslyqwjwl.adf",,,"15","0","ADX","16/4/2026 05:19:58"
"com.bating.ssxsqmz","土豆奇遇记",,,"429","0","ADX","16/4/2026 05:19:58"
"com.bating.ssxsqmz","帽子先森奇遇记",,,"363","0","ADX","16/4/2026 05:19:58"
"com.bating.ssxsqmz","我在老城区跑酷",,,"361","0","ADX","16/4/2026 05:19:58"
"com.bating.ssxsqmz","熊猫探险计划",,,"382","0","ADX","16/4/2026 05:19:58"
"com.bating.ssxsqmz","狂飙大卡车",,,"352","0","ADX","16/4/2026 05:19:58"
"com.bating.ssxsqmz","看我奇思妙想",,,"356","0","ADX","16/4/2026 05:19:58"
"com.bazhen.pan","八珍盘",,,"14228","0","ADX","16/4/2026 05:19:58"
"com.beixing.ce","北星准测",,,"291","0","ADX","16/4/2026 05:19:58"
"com.bendiyun.kfwblue","com.bendiyun.KFWBlue",,,"44","0","ADX","16/4/2026 05:19:58"
"com.bendiyun.kfwblue","快服务骑士版",,,"266","0","ADX","16/4/2026 05:19:58"
"com.benqu.wuta","Wuta Cam","摄影摄像",,"175","0","ADX","16/4/2026 05:19:58"
"com.benqu.wuta","com.benqu.wuta","摄影摄像",,"66","0","ADX","16/4/2026 05:19:58"
"com.benqu.wuta","无他相机","摄影摄像",,"186615","0","ADX","16/4/2026 05:19:58"
"com.benqu.wuta","無他相機","摄影摄像",,"348","0","ADX","16/4/2026 05:19:58"
"com.benqumark.kuaimeikuaizhuang","Wuta Camera","装修/工具",,"710","0","ADX","16/4/2026 05:19:58"
"com.benqumark.kuaimeikuaizhuang","com.Benqumark.KuaiMeiKuaiZhuang","装修/工具",,"17845","0","ADX","16/4/2026 05:19:58"
"com.benqumark.kuaimeikuaizhuang","无他相机","装修/工具",,"545468","0","ADX","16/4/2026 05:19:58"
"com.benqumark.kuaimeikuaizhuang","无他相机-IOS","装修/工具",,"96","0","ADX","16/4/2026 05:19:58"
"com.benqumark.kuaimeikuaizhuang","无他相机IOS","装修/工具",,"4123","0","ADX","16/4/2026 05:19:58"
"com.benqumark.kuaimeikuaizhuang","無他相機","装修/工具",,"3286","0","ADX","16/4/2026 05:19:58"
"com.bet007.mobile.micro","VideoProcessor",,,"274","0","ADX","16/4/2026 05:19:58"
"com.bet007.mobile.micro","com.bet007.mobile.micro",,,"199","0","ADX","16/4/2026 05:19:58"
"com.bet007.mobile.micro","微球",,,"62764","0","ADX","16/4/2026 05:19:58"
"com.bet007.mobile.score","VideoProcessor","体育",,"384","0","ADX","16/4/2026 05:19:58"
"com.bet007.mobile.score","com.bet007.mobile.score","体育",,"351","0","ADX","16/4/2026 05:19:58"
"com.bet007.mobile.score","球探体育比分","体育",,"64930","0","ADX","16/4/2026 05:19:58"
"com.bfengtech.diange.diangeapp","com.bfengtech.diange.diangeapp",,,"232","0","ADX","16/4/2026 05:19:58"
"com.biantian.wpkcshy","土豆奇遇记",,,"2274","0","ADX","16/4/2026 05:19:58"
"com.biantian.wpkcshy","帽子先森奇遇记",,,"2240","0","ADX","16/4/2026 05:19:58"
"com.biantian.wpkcshy","我在老城区跑酷",,,"2346","0","ADX","16/4/2026 05:19:58"
"com.biantian.wpkcshy","熊猫探险计划",,,"2230","0","ADX","16/4/2026 05:19:58"
"com.biantian.wpkcshy","狂飙大卡车",,,"2251","0","ADX","16/4/2026 05:19:58"
"com.biantian.wpkcshy","看我奇思妙想",,,"2508","0","ADX","16/4/2026 05:19:58"
"com.bigfeet.photomeasure","图片标记助手",,,"26","0","ADX","16/4/2026 05:19:58"
"com.bikann.dzsk","com.bikann.dzsk",,,"5","0","ADX","16/4/2026 05:19:58"
"com.bikann.dzsk","必阅免费小说",,,"863","0","ADX","16/4/2026 05:19:58"
"com.bikann.mfxssk","洋葱免费小说",,,"1255","0","ADX","16/4/2026 05:19:58"
"com.bishang.bsread","笔尚小说",,,"5396","0","ADX","16/4/2026 05:19:58"
"com.bishen.zuowen","com.bishen.zuowen",,,"189911","0","ADX","16/4/2026 05:19:58"
"com.bjjcy.yybqbao","艺意表情包",,,"200","0","ADX","16/4/2026 05:19:58"
"com.bjsws.shuzhixing","com.bjsws.shuzhixing",,,"27","0","ADX","16/4/2026 05:19:58"
"com.bjsws.shuzhixing","数智计步星",,,"154264","0","ADX","16/4/2026 05:19:58"
"com.bjtongan.anjia365.llpx","com.bjtongan.anjia365.llpx",,,"1069","0","ADX","16/4/2026 05:19:58"
"com.bjtongan.anjia365.llpx","理论培训",,,"1678","0","ADX","16/4/2026 05:19:58"
"com.bjzjf.buzhongxing","com.bjzjf.buzhongxing",,,"3673","0","ADX","16/4/2026 05:19:58"
"com.block.puzzle.wood","com.block.puzzle.wood",,,"131","0","ADX","16/4/2026 05:19:58"
"com.block.puzzle.wood","方块趣拼",,,"701","0","ADX","16/4/2026 05:19:58"
"com.blockpuzzle.jewel.inland.ios","com.blockpuzzle.jewel.inland.ios",,,"28420","0","ADX","16/4/2026 05:19:58"
"com.bluecity.blued","com.bluecity.blued",,,"376","0","ADX","16/4/2026 05:19:58"
"com.bly.dkplat","com.bly.dkplat","实用工具",,"2391","0","ADX","16/4/2026 05:19:58"
"com.bly.dkplat","小X分身","实用工具",,"581897","0","ADX","16/4/2026 05:19:58"
"com.bm.nfccitycard.app","",,,"615","0","ADX","16/4/2026 05:19:58"
"com.bm.nfccitycard.app","com.bm.nfccitycard.app",,,"3796","0","ADX","16/4/2026 05:19:58"
"com.bm.nfccitycard.app","哈尔滨城市通",,,"27473","0","ADX","16/4/2026 05:19:58"
"com.bofsoft.jxxyt","驾考全面通",,,"70","0","ADX","16/4/2026 05:19:58"
"com.boguyi.home","博古弈-OPPO",,,"3478","0","ADX","16/4/2026 05:19:58"
"com.bokecc.dance","com.bokecc.dance",,,"1326","0","ADX","16/4/2026 05:19:58"
"com.bokecc.dance","糖豆",,,"444","0","ADX","16/4/2026 05:19:58"
"com.boohee.foodlibrary","com.boohee.FoodLibrary",,,"11","0","ADX","16/4/2026 05:19:58"
"com.boohee.one","com.boohee.one","医疗健康",,"210","0","ADX","16/4/2026 05:19:58"
"com.boohee.one","薄荷健康","医疗健康",,"115898","0","ADX","16/4/2026 05:19:58"
"com.box.color.shoot","com.box.color.shoot",,,"53","0","ADX","16/4/2026 05:19:58"
"com.box.color.shoot","趣味方块消",,,"344","0","ADX","16/4/2026 05:19:58"
"com.boxkj.student","com.boxkj.student",,,"203","0","ADX","16/4/2026 05:19:58"
"com.boxkj.student","体适能",,,"2704","0","ADX","16/4/2026 05:19:58"
"com.boyaa.chinesechess.platform91","com.boyaa.chinesechess.platform91",,,"10","0","ADX","16/4/2026 05:19:58"
"com.bplus.youshikoudai","幼师口袋",,,"20","0","ADX","16/4/2026 05:19:58"
"com.bpswatch.app","表盘社",,,"11","0","ADX","16/4/2026 05:19:58"
"com.brach.ydiag","com.brach.ydiag",,,"336","0","ADX","16/4/2026 05:19:58"
"com.brach.ydiag","优米短剧",,,"87","0","ADX","16/4/2026 05:19:58"
"com.browser2345","2345浏览器",,,"20647","0","ADX","16/4/2026 05:19:58"
"com.browser2345","com.browser2345",,,"137","0","ADX","16/4/2026 05:19:58"
"com.bsoft.mhealthp.zhongshan","健康中山",,,"14","0","ADX","16/4/2026 05:19:58"
"com.btxnetwork.daoxin","道心购物",,,"918","0","ADX","16/4/2026 05:19:58"
"com.buybal.buybalpay.nxy","com.buybal.buybalpay.nxy","效率办公",,"157420","0","ADX","16/4/2026 05:19:58"
"com.buybal.buybalpay.nxy","农信易扫","效率办公",,"3909","0","ADX","16/4/2026 05:19:58"
"com.bwton.msx.czb","com.bwton.msx.czb",,,"913","0","ADX","16/4/2026 05:19:58"
"com.bwton.msx.czb","常州地铁",,,"100","0","ADX","16/4/2026 05:19:58"
"com.bwton.szfreego","com.bwton.szfreego",,,"9","0","ADX","16/4/2026 05:19:58"
"com.bwton.szfreego","苏e行",,,"7206","0","ADX","16/4/2026 05:19:58"
"com.bwton.szmetro","com.bwton.SZMetro",,,"16289","0","ADX","16/4/2026 05:19:58"
"com.bwton.szmetro","苏e行",,,"53199","0","ADX","16/4/2026 05:19:58"
"com.bwton.tjmetro","com.bwton.TJMetro",,,"165393","0","ADX","16/4/2026 05:19:58"
"com.bwton.tjmetro","com.bwton.tjmetro",,,"15","0","ADX","16/4/2026 05:19:58"
"com.bwton.tjmetro","天津地铁",,,"233039","0","ADX","16/4/2026 05:19:58"
"com.bxkj.student","com.bxkj.student","学生社区",,"880","0","ADX","16/4/2026 05:19:58"
"com.bxkj.student","体适能","学生社区",,"26905","0","ADX","16/4/2026 05:19:58"
"com.by.butter.camera","com.by.butter.camera",,,"68","0","ADX","16/4/2026 05:19:58"
"com.bytrd.gwx","com.bytrd.gwx",,,"303","0","ADX","16/4/2026 05:19:58"
"com.bytrd.gwx","小金牛故事-26.3.15",,,"1551","0","ADX","16/4/2026 05:19:58"
"com.caih.gxbworker","com.caih.gxbworker",,,"6","0","ADX","16/4/2026 05:19:58"
"com.caih.gxbworker","桂薪宝工人端",,,"1829","0","ADX","16/4/2026 05:19:58"
"com.caih.hitworker.xj","com.caih.hitworker.xj",,,"11","0","ADX","16/4/2026 05:19:58"
"com.caih.hitworker.xj","新薪通",,,"1157","0","ADX","16/4/2026 05:19:58"
"com.caih.worker.xinjiang.cn","com.caih.worker.xinjiang.cn",,,"13","0","ADX","16/4/2026 05:19:58"
"com.caih.worker.xinjiang.cn","新薪通",,,"120","0","ADX","16/4/2026 05:19:58"
"com.cainiao.cnwireless","cainiao",,,"3","0","ADX","16/4/2026 05:19:58"
"com.cainiao.cnwireless","com.cainiao.cnwireless",,,"73376","0","ADX","16/4/2026 05:19:58"
"com.cainiao.cnwireless","菜鸟",,,"567534","0","ADX","16/4/2026 05:19:58"
"com.cainiao.cnwireless","菜鸟APP-IOS",,,"106","0","ADX","16/4/2026 05:19:58"
"com.cainiao.wireless","com.cainiao.wireless",,,"1011","0","ADX","16/4/2026 05:19:58"
"com.cainiao.wireless","菜鸟",,,"428779","0","ADX","16/4/2026 05:19:58"
"com.caiyao.tt","汀汀菜肴",,,"49451","0","ADX","16/4/2026 05:19:58"
"com.calendar.timeszy","黄道吉日",,,"2507","0","ADX","16/4/2026 05:19:58"
"com.candybook.chatduck","聊天鸭",,,"22437","0","ADX","16/4/2026 05:19:58"
"com.canmouzhang.home","餐谋长-VIVO",,,"24070","0","ADX","16/4/2026 05:19:58"
"com.canmouzhang.home","餐谋长-小米",,,"665","0","ADX","16/4/2026 05:19:58"
"com.catac.ombed","39-优米短剧ombed",,,"64","0","ADX","16/4/2026 05:19:58"
"com.catac.ombed","com.catac.ombed",,,"2868","0","ADX","16/4/2026 05:19:58"
"com.catarina.catullapack","114-红蛙天气","实用工具",,"36","0","ADX","16/4/2026 05:19:58"
"com.catarina.catullapack","com.catarina.catullapack","实用工具",,"73","0","ADX","16/4/2026 05:19:58"
"com.catarina.catullapack","河马欢乐版","实用工具",,"2969","0","ADX","16/4/2026 05:19:58"
"com.cbn.hmjc","com.cbn.hmjc","短视频/影音播放",,"1572","0","ADX","16/4/2026 05:19:58"
"com.cbn.hmjc","河马剧场","短视频/影音播放",,"15247638","0","ADX","16/4/2026 05:19:58"
"com.cctv4g.cctvmobiletv","CCTV手机电视",,,"5164","0","ADX","16/4/2026 05:19:58"
"com.cctv4g.cctvmobiletv","com.cctv4g.cctvmobiletv",,,"77","0","ADX","16/4/2026 05:19:58"
"com.cecexiangji.appname","com.cecexiangji.appname",,,"2836","0","ADX","16/4/2026 05:19:58"
"com.cecexiangji.appname","测测相机",,,"6726","0","ADX","16/4/2026 05:19:58"
"com.cecurs.bdt","com.cecurs.bdt",,,"5","0","ADX","16/4/2026 05:19:58"
"com.cecurs.cityt","com.cecurs.cityT",,,"244","0","ADX","16/4/2026 05:19:58"
"com.cecurs.cityt","都市通",,,"29","0","ADX","16/4/2026 05:19:58"
"com.changshuo.ui","com.changshuo.ui","聊天社交",,"393","0","ADX","16/4/2026 05:19:58"
"com.changshuo.ui","畅说108","聊天社交",,"80966","0","ADX","16/4/2026 05:19:58"
"com.chanyouji.birth","com.chanyouji.Birth",,,"988","0","ADX","16/4/2026 05:19:58"
"com.chanyouji.birth","com.chanyouji.birth",,,"30","0","ADX","16/4/2026 05:19:58"
"com.chaowan.appname","克特小世界",,,"2","0","ADX","16/4/2026 05:19:58"
"com.chaozh.xincao.only.sk","速看免费小说","电子书城",,"957","0","ADX","16/4/2026 05:19:58"
"com.chdf.media","com.chdf.media",,,"3","0","ADX","16/4/2026 05:19:58"
"com.chdf.media","阅阅赚Mini版",,,"1010","0","ADX","16/4/2026 05:19:58"
"com.chelaile.lite.bigfont","com.chelaile.lite.bigFont",,,"565","0","ADX","16/4/2026 05:19:58"
"com.chelaile.lite.bigfont","车来了大字版-iOS",,,"21","0","ADX","16/4/2026 05:19:58"
"com.chenghao.haomeicpy","com.chenghao.haomeicpy",,,"509","0","ADX","16/4/2026 05:19:58"
"com.chenghao.haomeicpy","颢美菜谱域",,,"12077","0","ADX","16/4/2026 05:19:58"
"com.chengxin.talk","com.chengxin.talk","社交聊天/即时通讯",,"67","0","ADX","16/4/2026 05:19:58"
"com.chengxin.talk","城信","社交聊天/即时通讯",,"2027","0","ADX","16/4/2026 05:19:58"
"com.chengxin.temp","com.chengxin.temp",,,"925","0","ADX","16/4/2026 05:19:58"
"com.chengxin.temp","城信",,,"6368","0","ADX","16/4/2026 05:19:58"
"com.chenyang.wzzyy","文字转语音",,,"48387","0","ADX","16/4/2026 05:19:58"
"com.chessease.wechess","com.chessease.WeChess",,,"73","0","ADX","16/4/2026 05:19:58"
"com.chessease.wechess","国象联盟",,,"1441","0","ADX","16/4/2026 05:19:58"
"com.chinaath.digi","数字心动",,,"66","0","ADX","16/4/2026 05:19:58"
"com.chinaath.szxd","com.chinaath.szxd",,,"118","0","ADX","16/4/2026 05:19:58"
"com.chinarainbow.tft","com.chinarainbow.tft",,,"64","0","ADX","16/4/2026 05:19:58"
"com.chipsea.btcontrol","OKOK","医疗健康",,"59163","0","ADX","16/4/2026 05:19:58"
"com.chipsea.btcontrol","app","医疗健康",,"90","0","ADX","16/4/2026 05:19:58"
"com.chipsea.btcontrol","com.chipsea.btcontrol","医疗健康",,"2851","0","ADX","16/4/2026 05:19:58"
"com.chipsea.btcontrol","okok","医疗健康",,"145233","0","ADX","16/4/2026 05:19:58"
"com.chivox.chivoxlistenspeakonline","驰声听说在线",,,"28","0","ADX","16/4/2026 05:19:58"
"com.chizhang.phonitor","com.chizhang.Phonitor",,,"3763","0","ADX","16/4/2026 05:19:58"
"com.chizhang.phonitor","黑猫监控",,,"11543","0","ADX","16/4/2026 05:19:58"
"com.chmadj.snscvb","com.chmadj.snscvb",,,"88","0","ADX","16/4/2026 05:19:58"
"com.chmadj.snscvb","疯狂夺宝",,,"3580","0","ADX","16/4/2026 05:19:58"
"com.chong.lf","流风充",,,"10271","0","ADX","16/4/2026 05:19:58"
"com.chuangjuyiyunzhan.fyb","com.chuangjuyiyunzhan.fyb",,,"2","0","ADX","16/4/2026 05:19:58"
"com.chubao.hi","嗨厨宝",,,"71686","0","ADX","16/4/2026 05:19:58"
"com.chumi.doudouku","com.chumi.doudouku",,,"51","0","ADX","16/4/2026 05:19:58"
"com.chumi.doudouku","豆豆酷",,,"361","0","ADX","16/4/2026 05:19:58"
"com.cictec.zhaoqing.intelligence.travel","",,,"24","0","ADX","16/4/2026 05:19:58"
"com.cictec.zhaoqing.intelligence.travel","com.cictec.zhaoqing.intelligence.travel",,,"47","0","ADX","16/4/2026 05:19:58"
"com.cictec.zhaoqing.intelligence.travel","肇庆出行",,,"2912","0","ADX","16/4/2026 05:19:58"
"com.cijianlink.cjlk","com.cijianlink.cjlk","兴趣社区",,"60","0","ADX","16/4/2026 05:19:58"
"com.cijingxiancong.cn","com.cijingxiancong.cn",,,"541","0","ADX","16/4/2026 05:19:58"
"com.cijingxiancong.cn","蓝猫词境",,,"964","0","ADX","16/4/2026 05:19:58"
"com.circlely.athomeserver","com.circlely.AtHomeServer",,,"1885","0","ADX","16/4/2026 05:19:58"
"com.circlely.athomeserver","掌上看家采集端",,,"12145","0","ADX","16/4/2026 05:19:58"
"com.cjtec.fmradio","FM手机调频收音机",,,"1192","0","ADX","16/4/2026 05:19:58"
"com.cjtec.fmradio","com.cjtec.fmradio",,,"5","0","ADX","16/4/2026 05:19:58"
"com.closeli.ipc","登虹云视频",,,"89","0","ADX","16/4/2026 05:19:58"
"com.cloud.vpntool","GoLink加速器-海外网络回国加速器",,,"5499","0","ADX","16/4/2026 05:19:58"
"com.cloud.vpntool","com.cloud.vpnTool",,,"7533","0","ADX","16/4/2026 05:19:58"
"com.cloudbirds.aisee","com.cloudbirds.aisee",,,"24","0","ADX","16/4/2026 05:19:58"
"com.cloudbirds.aisee","安芯看看",,,"3","0","ADX","16/4/2026 05:19:58"
"com.cloudstackt.tianqi","i天气",,,"7","0","ADX","16/4/2026 05:19:58"
"com.cmcm.cfwallpaper","com.cmcm.cfwallpaper",,,"15","0","ADX","16/4/2026 05:19:58"
"com.co.yoosee","Yoosee",,,"261465","0","ADX","16/4/2026 05:19:58"
"com.co.yoosee","com.co.Yoosee",,,"25603","0","ADX","16/4/2026 05:19:58"
"com.co.yoosee","有看头",,,"48331","0","ADX","16/4/2026 05:19:58"
"com.co.yoosee","有看頭",,,"451","0","ADX","16/4/2026 05:19:58"
"com.coomix.app.car","汽车在线",,,"755","0","ADX","16/4/2026 05:19:58"
"com.copymanga.app","com.copymanga.app","阅读/漫画",,"5472","0","ADX","16/4/2026 05:19:58"
"com.copymanga.app","拷貝漫畫","阅读/漫画",,"372678","0","ADX","16/4/2026 05:19:58"
"com.copymanga.app","拷贝漫画","阅读/漫画",,"149176","0","ADX","16/4/2026 05:19:58"
"com.counter.sort.arrange","Closet Sort",,,"495","0","ADX","16/4/2026 05:19:58"
"com.counter.sort.arrange","com.counter.sort.arrange",,,"61","0","ADX","16/4/2026 05:19:58"
"com.couplower.jing","京剧迷",,,"20","0","ADX","16/4/2026 05:19:58"
"com.cpplyx.ppdzz","泡泡大作战",,,"5","0","ADX","16/4/2026 05:19:58"
"com.cqooc.app","高教在线",,,"760","0","ADX","16/4/2026 05:19:58"
"com.csrmkj.mzly","萌知乐园",,,"14907","0","ADX","16/4/2026 05:19:58"
"com.csrmkj.qlbz","绮罗壁纸",,,"35","0","ADX","16/4/2026 05:19:58"
"com.cuitebook.bill","com.cuitebook.bill","实用工具",,"5","0","ADX","16/4/2026 05:19:58"
"com.cuitebook.bill","甜心记账","实用工具",,"4895","0","ADX","16/4/2026 05:19:58"
"com.cup.hero.multiply","com.cup.hero.multiply",,,"164","0","ADX","16/4/2026 05:19:58"
"com.cup.hero.multiply","管道梦工厂",,,"11","0","ADX","16/4/2026 05:19:58"
"com.cw.super","com.cw.super",,,"952","0","ADX","16/4/2026 05:19:58"
"com.cw.super","微分身双开",,,"40358","0","ADX","16/4/2026 05:19:58"
"com.cxy.ddfy","点点褔源",,,"38968","0","ADX","16/4/2026 05:19:58"
"com.cxy.tzqd","洮孑清单",,,"162051","0","ADX","16/4/2026 05:19:58"
"com.cy.yyjia.mobilegameh5.zxmobile","com.cy.yyjia.mobilegameh5.zxmobile",,,"84","0","ADX","16/4/2026 05:19:58"
"com.cylan.chatcam","","实用工具",,"326074","0","ADX","16/4/2026 05:19:58"
"com.cylan.chatcam","Im Cam","实用工具",,"92","0","ADX","16/4/2026 05:19:58"
"com.cylan.chatcam","ImCam","实用工具",,"20631","0","ADX","16/4/2026 05:19:58"
"com.cylan.chatcam","com.cylan.chatcam","实用工具",,"18787","0","ADX","16/4/2026 05:19:58"
"com.cylan.chatcam","看家王","实用工具",,"283285","0","ADX","16/4/2026 05:19:58"
"com.daimenghaowu.dmj","呆萌价",,,"2","0","ADX","16/4/2026 05:19:58"
"com.dancebaby.lanwuzhe","com.dancebaby.lanwuzhe",,,"98","0","ADX","16/4/2026 05:19:58"
"com.dancebaby.lanwuzhe","蓝舞者",,,"4444","0","ADX","16/4/2026 05:19:58"
"com.danger.xingce","com.danger.xingce",,,"725","0","ADX","16/4/2026 05:19:58"
"com.danlan.xiaolan","com.danlan.xiaolan",,,"35718","0","ADX","16/4/2026 05:19:58"
"com.darf.removeobject","com.darf.removeobject",,,"3055","0","ADX","16/4/2026 05:19:58"
"com.darf.removeobject","照片橡皮擦",,,"284","0","ADX","16/4/2026 05:19:58"
"com.dayunlinks.cloudbirds","V360 Pro","实用工具",,"3527","0","ADX","16/4/2026 05:19:58"
"com.dayunlinks.cloudbirds","com.dayunlinks.Cloudbirds","实用工具",,"37754","0","ADX","16/4/2026 05:19:58"
"com.dayunlinks.cloudbirds","com.dayunlinks.cloudbirds","实用工具",,"15311","0","ADX","16/4/2026 05:19:58"
"com.dayunlinks.cloudbirds","千鳥物聯","实用工具",,"4507","0","ADX","16/4/2026 05:19:58"
"com.dayunlinks.cloudbirds","千鸟物联","实用工具",,"3358248","0","ADX","16/4/2026 05:19:58"
"com.dayunlinks.cloudbirds","千鸟物联iOS","实用工具",,"2846","0","ADX","16/4/2026 05:19:58"
"com.dd.dmpavilion","云梦轩",,,"1393","0","ADX","16/4/2026 05:19:58"
"com.dd.drawmile","绘万里",,,"17510","0","ADX","16/4/2026 05:19:58"
"com.dd.funread","云趣读",,,"813","0","ADX","16/4/2026 05:19:58"
"com.dd.inspiration","com.dd.inspiration",,,"10723","0","ADX","16/4/2026 05:19:58"
"com.dd.inspiration","灵感圈",,,"661","0","ADX","16/4/2026 05:19:58"
"com.dd.ltplanet","小星球",,,"776","0","ADX","16/4/2026 05:19:58"
"com.dd.wisdom","智慧盒",,,"13918","0","ADX","16/4/2026 05:19:58"
"com.debaole.taskapp","德宝乐",,,"12","0","ADX","16/4/2026 05:19:58"
"com.desn.ffb.paobudiu","跑不丢",,,"20","0","ADX","16/4/2026 05:19:58"
"com.desn.guanaibao","跑不丢",,,"31","0","ADX","16/4/2026 05:19:58"
"com.dfegf.kiou","com.dfegf.kiou",,,"306","0","ADX","16/4/2026 05:19:58"
"com.dfegf.kiou","有米剧场-25.4.11",,,"128","0","ADX","16/4/2026 05:19:58"
"com.dhyej.fyxs","凤颖神技",,,"122","0","ADX","16/4/2026 05:19:58"
"com.dian.wuyou","电无忧",,,"22167","0","ADX","16/4/2026 05:19:58"
"com.dianbolive.www","com.dianboLive.www",,,"6899","0","ADX","16/4/2026 05:19:58"
"com.dianbolive.www","微光",,,"5219","0","ADX","16/4/2026 05:19:58"
"com.dianshiyouhua","com.dianshiyouhua",,,"33","0","ADX","16/4/2026 05:19:58"
"com.dice.reunion.shake","骰子",,,"60","0","ADX","16/4/2026 05:19:58"
"com.differ.xiaoming","com.differ.xiaoming","实用工具",,"777","0","ADX","16/4/2026 05:19:58"
"com.differ.xiaoming","小明计算器","实用工具",,"39549","0","ADX","16/4/2026 05:19:58"
"com.differsoft.tanmushenqi","com.differsoft.tanmushenqi","手电激光",,"6","0","ADX","16/4/2026 05:19:58"
"com.dingdatech.ddtrip","com.dingdatech.ddtrip","旅游出行",,"12427","0","ADX","16/4/2026 05:19:58"
"com.dinstech.dss","鼎山智能",,,"1040","0","ADX","16/4/2026 05:19:58"
"com.diyaiimage.www","com.diyaiimage.www",,,"599","0","ADX","16/4/2026 05:19:58"
"com.dk.huangdaobus","真情巴士e行",,,"167","0","ADX","16/4/2026 05:19:58"
"com.dk.huangdaobus","青岛新区公交查询",,,"3909","0","ADX","16/4/2026 05:19:58"
"com.dlxt.chumo","com.dlxt.chumo",,,"327","0","ADX","16/4/2026 05:19:58"
"com.dlxt.chumo","初墨阅读",,,"51524","0","ADX","16/4/2026 05:19:58"
"com.dmml.exttgcwj.aeokynazzl","香香漫",,,"692","0","ADX","16/4/2026 05:19:58"
"com.dongbao.ygzj","员工之家",,,"1918","0","ADX","16/4/2026 05:19:58"
"com.dongbaosoft.ygzj","com.dongbaosoft.ygzj",,,"75","0","ADX","16/4/2026 05:19:58"
"com.dongbaosoft.ygzj","员工之家",,,"5090","0","ADX","16/4/2026 05:19:58"
"com.doormaster.topkeeper","达管家",,,"1730","0","ADX","16/4/2026 05:19:58"
"com.doudoujizhang.cn","阿兜记账",,,"1682","0","ADX","16/4/2026 05:19:58"
"com.dousong.rider","抖送骑士版",,,"29","0","ADX","16/4/2026 05:19:58"
"com.dream.zncd.intelligentcharge","云智充",,,"149","0","ADX","16/4/2026 05:19:58"
"com.dreamilyai.app","com.dreamilyai.app",,,"1119","0","ADX","16/4/2026 05:19:58"
"com.dreamilyai.app","彩云小梦",,,"3845","0","ADX","16/4/2026 05:19:58"
"com.drinkwater.tool","com.drinkwater.tool",,,"212","0","ADX","16/4/2026 05:19:58"
"com.drinkwater.tool","喝水多多",,,"30","0","ADX","16/4/2026 05:19:58"
"com.dshaon.hnncv","com.dshaon.hnncv",,,"158","0","ADX","16/4/2026 05:19:58"
"com.dt.zsyd","com.dt.zsyd","江西聚文信息技术有限公司",,"45","0","ADX","16/4/2026 05:19:58"
"com.dt.zsyd","追书阅读免费版","江西聚文信息技术有限公司",,"45843","0","ADX","16/4/2026 05:19:58"
"com.duanju.hui","短剧汇",,,"15892","0","ADX","16/4/2026 05:19:58"
"com.duoduocz.app","com.duoduocz.app",,,"15","0","ADX","16/4/2026 05:19:58"
"com.duokan.reader","多看",,,"1663","0","ADX","16/4/2026 05:19:58"
"com.duoyi.yanliao.ios","com.duoyi.yanliao.ios",,,"21","0","ADX","16/4/2026 05:19:58"
"com.dxjd.xw","com.dxjd.xw","驾考培训",,"3","0","ADX","16/4/2026 05:19:58"
"com.dxjd.xw","大象驾到","驾考培训",,"14307","0","ADX","16/4/2026 05:19:58"
"com.dxvs.android","com.dxvs.android",,,"48","0","ADX","16/4/2026 05:19:58"
"com.dz.ptdq.huawei","拼图大全",,,"1992","0","ADX","16/4/2026 05:19:58"
"com.dzhong.fhjc","com.dzhong.fhjc",,,"454","0","ADX","16/4/2026 05:19:58"
"com.dzhong.fhjc","繁花剧场",,,"3213","0","ADX","16/4/2026 05:19:58"
"com.east.regimen0812","com.east.regimen0812",,,"15","0","ADX","16/4/2026 05:19:58"
"com.east.regimen0812","新GB",,,"415","0","ADX","16/4/2026 05:19:58"
"com.ecareyun.yunkufangthree","com.ecareyun.yunkufangthree","实用工具",,"24","0","ADX","16/4/2026 05:19:58"
"com.ecareyun.yunkufangthree","云库房优化版","实用工具",,"4189","0","ADX","16/4/2026 05:19:58"
"com.ecellsz.lekang.guard","com.ecellsz.lekang.guard",,,"13370","0","ADX","16/4/2026 05:19:58"
"com.ecellsz.lekang.guard","乐康守护",,,"36606","0","ADX","16/4/2026 05:19:58"
"com.ecellsz.watch.guard","乐康守护",,,"2645","0","ADX","16/4/2026 05:19:58"
"com.echin.ulate","com.echin.ulate",,,"6525","0","ADX","16/4/2026 05:19:58"
"com.echin.ulate","hh-优米短剧-260319",,,"474","0","ADX","16/4/2026 05:19:58"
"com.edujia.weimai","com.edujia.weimai","聊天社交",,"26081","0","ADX","16/4/2026 05:19:58"
"com.edujia.weimai","微脈圈","聊天社交",,"549","0","ADX","16/4/2026 05:19:58"
"com.edujia.weimai","微脉圈","聊天社交",,"124325","0","ADX","16/4/2026 05:19:58"
"com.edujia.weimai","微脉圈iOS","聊天社交",,"14","0","ADX","16/4/2026 05:19:58"
"com.emperor.flashlight","手电王",,,"186280","0","ADX","16/4/2026 05:19:58"
"com.enqualcomm.kids.cyp","com.enqualcomm.kids.cyp",,,"8433","0","ADX","16/4/2026 05:19:58"
"com.eqkeyboard.foreverl","Forlove键盘",,,"435","0","ADX","16/4/2026 05:19:58"
"com.eques.doorbell","叮咚",,,"13208","0","ADX","16/4/2026 05:19:58"
"com.errq.gswa","com.errq.gswa",,,"555","0","ADX","16/4/2026 05:19:58"
"com.errq.gswa","小金牛故事-26.3.4",,,"3334","0","ADX","16/4/2026 05:19:58"
"com.esaipay.onsiteservice-master","com.esaipay.OnSiteService-Master",,,"312","0","ADX","16/4/2026 05:19:58"
"com.esaipay.onsiteservice-master","工奇兵-接单找活平台",,,"1231","0","ADX","16/4/2026 05:19:58"
"com.eshize.tiku.jianzaoshi","com.eshize.tiku.jianzaoshi",,,"674","0","ADX","16/4/2026 05:19:58"
"com.estrongs.android.pop","ES Explorateur de Fichiers","实用工具",,"163","0","ADX","16/4/2026 05:19:58"
"com.estrongs.android.pop","ES File Explorer","实用工具",,"707","0","ADX","16/4/2026 05:19:58"
"com.estrongs.android.pop","ES Penjelajah File","实用工具",,"25","0","ADX","16/4/2026 05:19:58"
"com.estrongs.android.pop","ES Проводник","实用工具",,"1316","0","ADX","16/4/2026 05:19:58"
"com.estrongs.android.pop","ES文件浏览器","实用工具",,"43702","0","ADX","16/4/2026 05:19:58"
"com.estrongs.android.pop","ES檔案瀏覽器","实用工具",,"192","0","ADX","16/4/2026 05:19:58"
"com.estrongs.android.pop","ES浏览器","实用工具",,"3591","0","ADX","16/4/2026 05:19:58"
"com.estrongs.android.pop","com.estrongs.android.pop","实用工具",,"272","0","ADX","16/4/2026 05:19:58"
"com.esun.ui","500彩票",,,"13603","0","ADX","16/4/2026 05:19:58"
"com.esun.ui","com.esun.ui",,,"60","0","ADX","16/4/2026 05:19:58"
"com.etalien.booster.mobile","com.etalien.booster.mobile","工具",,"18","0","ADX","16/4/2026 05:19:58"
"com.etalien.booster.mobile","外星人加速器","工具",,"240","0","ADX","16/4/2026 05:19:58"
"com.eun.yipairemote","多屏互动",,,"98","0","ADX","16/4/2026 05:19:58"
"com.everydaytreasure.www","熊猫日记",,,"100","0","ADX","16/4/2026 05:19:58"
"com.exam.jkdexam","com.exam.jkdexam",,,"817","0","ADX","16/4/2026 05:19:58"
"com.exam.jkdexam","金考典",,,"7472","0","ADX","16/4/2026 05:19:58"
"com.example.desktopmeow","com.example.desktopmeow","娱乐消遣",,"35","0","ADX","16/4/2026 05:19:58"
"com.example.desktopmeow","桌面喵","娱乐消遣",,"2490","0","ADX","16/4/2026 05:19:58"
"com.example.gogogo","点点创美",,,"30","0","ADX","16/4/2026 05:19:58"
"com.excean.multiaid","com.excean.multiaid",,,"127","0","ADX","16/4/2026 05:19:58"
"com.excean.multiaid","微信多开",,,"170","0","ADX","16/4/2026 05:19:58"
"com.excean.multiaid","微多开分身",,,"5070","0","ADX","16/4/2026 05:19:58"
"com.excean.na","com.excean.na","实用工具",,"113","0","ADX","16/4/2026 05:19:58"
"com.excean.splay","OurPlay加速器",,,"30","0","ADX","16/4/2026 05:19:58"
"com.excean.splay","com.excean.splay",,,"126","0","ADX","16/4/2026 05:19:58"
"com.eyewind.case.master.cn","com.eyewind.case.master.cn","益智解谜",,"20","0","ADX","16/4/2026 05:19:58"
"com.eyewind.case.master.cn","案件大师","益智解谜",,"39","0","ADX","16/4/2026 05:19:58"
"com.f1player","51虚拟机","实用工具",,"1408","0","ADX","16/4/2026 05:19:58"
"com.f1player","51虚拟机Lite","实用工具",,"2151","0","ADX","16/4/2026 05:19:58"
"com.f1player","com.f1player","实用工具",,"12","0","ADX","16/4/2026 05:19:58"
"com.fajuoh.wfnajiopfhuinjhu","承德云极",,,"253","0","ADX","16/4/2026 05:19:58"
"com.fant.occin","com.fant.occin",,,"131","0","ADX","16/4/2026 05:19:58"
"com.fant.occin","轻萌18",,,"176","0","ADX","16/4/2026 05:19:58"
"com.fasteffic.judgemanager","速效判识管家",,,"44","0","ADX","16/4/2026 05:19:58"
"com.fcbox.hivebox","丰巢管家","实用工具",,"416","0","ADX","16/4/2026 05:19:58"
"com.fdyu.dejl","com.fdyu.dejl",,,"298","0","ADX","16/4/2026 05:19:58"
"com.fdyu.dejl","小金牛短剧-25.9.18",,,"58","0","ADX","16/4/2026 05:19:58"
"com.fejfd.aksd","com.fejfd.aksd",,,"2","0","ADX","16/4/2026 05:19:58"
"com.fejfd.aksd","玩赚部落-安卓",,,"141","0","ADX","16/4/2026 05:19:58"
"com.fengeek.f002","com.fengeek.f002",,,"98","0","ADX","16/4/2026 05:19:58"
"com.fengeek.f002","fiil",,,"646","0","ADX","16/4/2026 05:19:58"
"com.fengqun.app","远方好物",,,"5369","0","ADX","16/4/2026 05:19:58"
"com.fengxiangscdj.android","丰享视界",,,"71","0","ADX","16/4/2026 05:19:58"
"com.fengyuncx.passenger","风韵出行",,,"244","0","ADX","16/4/2026 05:19:58"
"com.ffvideo.ali","FF","智能家居",,"8054","0","ADX","16/4/2026 05:19:58"
"com.ffvideo.ali","FFvideo","智能家居",,"6833","0","ADX","16/4/2026 05:19:58"
"com.ffvideo.ali","com.ffvideo.ali","智能家居",,"68","0","ADX","16/4/2026 05:19:58"
"com.fgame.eye.adm.zjm","com.fgame.eye.adm.zjm",,,"13","0","ADX","16/4/2026 05:19:58"
"com.fgame.eye.adm.zjm","数字翻牌3",,,"74","0","ADX","16/4/2026 05:19:58"
"com.fgame.eye.adm.zjm","追剧喵",,,"538","0","ADX","16/4/2026 05:19:58"
"com.fileunzip.zxwknight","com.fileunzip.zxwknight","效率办公",,"195","0","ADX","16/4/2026 05:19:58"
"com.fileunzip.zxwknight","解压专家","效率办公",,"44554","0","ADX","16/4/2026 05:19:58"
"com.find.hidden.things","com.find.hidden.things",,,"317","0","ADX","16/4/2026 05:19:58"
"com.fiveplay","5EPlay",,,"104462","0","ADX","16/4/2026 05:19:58"
"com.fiveplay","com.fiveplay",,,"188","0","ADX","16/4/2026 05:19:58"
"com.fjxm.lypt","洛伊拼图",,,"130","0","ADX","16/4/2026 05:19:58"
"com.fjxm.zycy","掌钥诚语",,,"940","0","ADX","16/4/2026 05:19:58"
"com.flabe.llate","com.flabe.llate",,,"10744","0","ADX","16/4/2026 05:19:58"
"com.flabe.llate","hh-优米短剧-260323",,,"427","0","ADX","16/4/2026 05:19:58"
"com.flu.ziotcam","Z-IOT CAM",,,"4","0","ADX","16/4/2026 05:19:58"
"com.fly.fish","飞渔读书",,,"4337","0","ADX","16/4/2026 05:19:58"
"com.flyer.flyhealth","Relax Watch",,,"2710","0","ADX","16/4/2026 05:19:58"
"com.flyer.flyhealth","com.flyer.FlyHealth",,,"2883","0","ADX","16/4/2026 05:19:58"
"com.flyer.flyhealth","relax",,,"106","0","ADX","16/4/2026 05:19:58"
"com.foxit.mobile.pdf.lite","福昕pdf阅读器",,,"268","0","ADX","16/4/2026 05:19:58"
"com.foxitcorporation.reader.fw","com.foxitcorporation.reader.fw",,,"4552","0","ADX","16/4/2026 05:19:58"
"com.foxitcorporation.reader.fw","福昕pdf阅读器",,,"224","0","ADX","16/4/2026 05:19:58"
"com.fqapps.fdsh","com.fqapps.fdsh",,,"55","0","ADX","16/4/2026 05:19:58"
"com.fqapps.fdsh","福袋生活",,,"908","0","ADX","16/4/2026 05:19:58"
"com.frank.ssgjx","com.frank.ssgjx",,,"13323","0","ADX","16/4/2026 05:19:58"
"com.free.compass","免费指南针",,,"8269","0","ADX","16/4/2026 05:19:58"
"com.freeway.calendar","com.freeway.calendar",,,"2469","0","ADX","16/4/2026 05:19:58"
"com.fs.v","com.fs.v",,,"38","0","ADX","16/4/2026 05:19:58"
"com.fs.v","风速加速器",,,"1200","0","ADX","16/4/2026 05:19:58"
"com.fthmi.lihf","com.fthmi.lihf",,,"375","0","ADX","16/4/2026 05:19:58"
"com.fthmi.lihf","必赚剧场-25.3.26",,,"176","0","ADX","16/4/2026 05:19:58"
"com.funhan.iosweather","com.funhan.iosweather",,,"91","0","ADX","16/4/2026 05:19:58"
"com.funhan.iosweather","七彩天气预报",,,"291","0","ADX","16/4/2026 05:19:58"
"com.funny.kyk","有趣生活-ios",,,"8","0","ADX","16/4/2026 05:19:58"
"com.funny.phrase","com.funny.phrase",,,"527","0","ADX","16/4/2026 05:19:58"
"com.funny.phrase","墨韵字谜",,,"54","0","ADX","16/4/2026 05:19:58"
"com.futurefleet.changzhi","",,,"15","0","ADX","16/4/2026 05:19:58"
"com.futurefleet.changzhi","长治公交通",,,"172","0","ADX","16/4/2026 05:19:58"
"com.futurefleet.fuyang","公交颍州通",,,"32","0","ADX","16/4/2026 05:19:58"
"com.futurefleet.pandabus","com.futurefleet.PandaBus",,,"20","0","ADX","16/4/2026 05:19:58"
"com.fx678.appfinace","com.fx678.appfinace",,,"2860","0","ADX","16/4/2026 05:19:58"
"com.fx678.appfinace","汇通财经",,,"5448","0","ADX","16/4/2026 05:19:58"
"com.fxicrazy.sjml","com.fxicrazy.sjml","居家生活",,"2219","0","ADX","16/4/2026 05:19:58"
"com.fxicrazy.sjml","联掌门户","居家生活",,"19623","0","ADX","16/4/2026 05:19:58"
"com.fy.pzlzz","com.fy.pzlzz",,,"31","0","ADX","16/4/2026 05:19:58"
"com.fywl.fengxiuxiu","沣秀秀",,,"61341","0","ADX","16/4/2026 05:19:58"
"com.gameley.aifemhealth","com.gameley.aifemhealth","女性健康管理",,"16106","0","ADX","16/4/2026 05:19:58"
"com.gameley.mhttl","com.gameley.mhttl","实用工具",,"2","0","ADX","16/4/2026 05:19:58"
"com.gameley.mhttl","梦幻涂涂乐","实用工具",,"43721","0","ADX","16/4/2026 05:19:58"
"com.gameley.ttjz","com.gameley.ttjz","记账",,"230","0","ADX","16/4/2026 05:19:58"
"com.gameley.ttjz","团团记账","记账",,"45409","0","ADX","16/4/2026 05:19:58"
"com.gameley.ttwd","兔兔温度","休闲游戏",,"318","0","ADX","16/4/2026 05:19:58"
"com.gamm.adion","com.gamm.adion",,,"204","0","ADX","16/4/2026 05:19:58"
"com.gamm.adion","轻萌19",,,"91","0","ADX","16/4/2026 05:19:58"
"com.gcys.tools","阅阅赚极速版",,,"70","0","ADX","16/4/2026 05:19:58"
"com.generalcomp.batian","com.generalcomp.batian","居家生活",,"5382","0","ADX","16/4/2026 05:19:58"
"com.generalcomp.batian","霸天安云","居家生活",,"512157","0","ADX","16/4/2026 05:19:58"
"com.generalcomp.liejuyun","Lincam","实用工具",,"67796","0","ADX","16/4/2026 05:19:58"
"com.generalcomp.liejuyun","com.generalcomp.liejuyun","实用工具",,"3548","0","ADX","16/4/2026 05:19:58"
"com.generalcomp.luowice","com.generalcomp.luowice","硬件配套控制工具|视频监控",,"12158","0","ADX","16/4/2026 05:19:58"
"com.generalcomp.luowice","鐳威視雲","硬件配套控制工具|视频监控",,"36","0","ADX","16/4/2026 05:19:58"
"com.generalcomp.luowice","镭威视云","硬件配套控制工具|视频监控",,"477411","0","ADX","16/4/2026 05:19:58"
"com.giantchina.giant","com.giantchina.giant",,,"38","0","ADX","16/4/2026 05:19:58"
"com.giantchina.giant","捷安特骑行-ios",,,"700","0","ADX","16/4/2026 05:19:58"
"com.giantkunshan.giant","捷安特骑行-安卓",,,"56","0","ADX","16/4/2026 05:19:58"
"com.globalpat.philipscamera","CAM365","视频监控",,"498","0","ADX","16/4/2026 05:19:58"
"com.globalpat.philipscamera","com.globalpat.philipscamera","视频监控",,"2","0","ADX","16/4/2026 05:19:58"
"com.globaltide","Global Tide",,,"35","0","ADX","16/4/2026 05:19:58"
"com.globaltide","com.globaltide",,,"111","0","ADX","16/4/2026 05:19:58"
"com.globaltide","全球潮汐",,,"68518","0","ADX","16/4/2026 05:19:58"
"com.gmy.whkdty","com.gmy.whkdty",,,"3","0","ADX","16/4/2026 05:19:58"
"com.gmy.whkdty","熊猫万联",,,"655","0","ADX","16/4/2026 05:19:58"
"com.gnssgis.luxingtong","com.gnssgis.luxingtong",,,"5098","0","ADX","16/4/2026 05:19:58"
"com.gonlan.iplaymtg","com.gonlan.iplaymtg","聊天社交",,"37","0","ADX","16/4/2026 05:19:58"
"com.gonlan.iplaymtg","旅法师营地","聊天社交",,"2346","0","ADX","16/4/2026 05:19:58"
"com.gp.rovercraft3.ios","com.gp.rovercraft3.ios",,,"5","0","ADX","16/4/2026 05:19:58"
"com.gqtm.rtdi","com.gqtm.rtdi",,,"1159","0","ADX","16/4/2026 05:19:58"
"com.gqtm.rtdi","绘画大作战5",,,"528","0","ADX","16/4/2026 05:19:58"
"com.gramtree.lightningcleaner","com.gramtree.lightningcleaner",,,"79","0","ADX","16/4/2026 05:19:58"
"com.grandsoft.constructioncaculators","com.grandsoft.constructioncaculators",,,"36","0","ADX","16/4/2026 05:19:58"
"com.grandsoft.constructioncaculators","建工计算器",,,"341","0","ADX","16/4/2026 05:19:58"
"com.growing.topwidgets","com.growing.topwidgets","系统工具/桌面美化",,"154","0","ADX","16/4/2026 05:19:58"
"com.growing.topwidgets","万能小组件","系统工具/桌面美化",,"4458","0","ADX","16/4/2026 05:19:58"
"com.growing.topwidgets","万能小组件 Top Widgets","系统工具/桌面美化",,"22009","0","ADX","16/4/2026 05:19:58"
"com.growing.topwidgets","万能小组件TopWidgets","系统工具/桌面美化",,"98","0","ADX","16/4/2026 05:19:58"
"com.gstarmc.android","CAD看图王","效率办公",,"145435","0","ADX","16/4/2026 05:19:58"
"com.gstarmc.android","DWG FastView","效率办公",,"65","0","ADX","16/4/2026 05:19:58"
"com.gstarmc.android","com.gstarmc.android","效率办公",,"14841","0","ADX","16/4/2026 05:19:58"
"com.gswatch.mainapp","Gs Fit",,,"31638","0","ADX","16/4/2026 05:19:58"
"com.gswatch.mainapp","com.gsWatch.mainApp",,,"3048","0","ADX","16/4/2026 05:19:58"
"com.gtxy.yyf.hy","星驿付",,,"109","0","ADX","16/4/2026 05:19:58"
"com.guangdongweather","com.guangdongweather","实用工具",,"298","0","ADX","16/4/2026 05:19:58"
"com.guangdongweather","天气预报星","实用工具",,"69327","0","ADX","16/4/2026 05:19:58"
"com.guyu.home","谷语-OPPO",,,"4307","0","ADX","16/4/2026 05:19:58"
"com.guyu.home","谷语-小米",,,"2085","0","ADX","16/4/2026 05:19:58"
"com.gzxc.jyyxh.vivo","解压游戏盒",,,"71","0","ADX","16/4/2026 05:19:58"
"com.haixin.huangdao","",,,"207","0","ADX","16/4/2026 05:19:58"
"com.haixin.huangdao","com.haixin.huangdao",,,"6966","0","ADX","16/4/2026 05:19:58"
"com.haixin.huangdao","真情巴士e行",,,"303","0","ADX","16/4/2026 05:19:58"
"com.haixin.huangdao","真情巴士e行-ios",,,"6","0","ADX","16/4/2026 05:19:58"
"com.haixin.huangdao","青岛新区公交查询",,,"7023","0","ADX","16/4/2026 05:19:58"
"com.haixin.liaochengliaocheng","",,,"12","0","ADX","16/4/2026 05:19:58"
"com.haixin.liaochengliaocheng","水城通e行",,,"121","0","ADX","16/4/2026 05:19:58"
"com.haizhen.smartcar","com.haizhen.smartcar",,,"33","0","ADX","16/4/2026 05:19:58"
"com.hanhai.cdyj","com.hanhai.cdyj",,,"8","0","ADX","16/4/2026 05:19:58"
"com.hanhai.cdyj","承德云极",,,"682","0","ADX","16/4/2026 05:19:58"
"com.hanhai.zyllx","卓禹鑫连连消软件",,,"9","0","ADX","16/4/2026 05:19:58"
"com.hanling.befun","com.hanling.befun","实用工具",,"91","0","ADX","16/4/2026 05:19:58"
"com.hanling.befun","必访","实用工具",,"134378","0","ADX","16/4/2026 05:19:58"
"com.hanvonscanner.app","com.hanvonscanner.app","效率办公",,"176","0","ADX","16/4/2026 05:19:58"
"com.hanvonscanner.app","汉王扫描王","效率办公",,"11355","0","ADX","16/4/2026 05:19:58"
"com.haohan.shumian","舒眠舱",,,"3129","0","ADX","16/4/2026 05:19:58"
"com.haohan.tiquge","题趣阁",,,"4887","0","ADX","16/4/2026 05:19:58"
"com.haohan.tuzidanci","兔子学单词",,,"27011","0","ADX","16/4/2026 05:19:58"
"com.haohan.yisaomiao","易扫描",,,"1883","0","ADX","16/4/2026 05:19:58"
"com.haohan.yuebushenghuo","步悦生活圈",,,"928","0","ADX","16/4/2026 05:19:58"
"com.haohan.zhidaleyuan","com.haohan.zhidaleyuan",,,"2664","0","ADX","16/4/2026 05:19:58"
"com.haohan.zhidaleyuan","慧点答题",,,"395","0","ADX","16/4/2026 05:19:58"
"com.haozhuanmuchang.app","com.haozhuanmuchang.app","游戏-模拟经营",,"33","0","ADX","16/4/2026 05:19:58"
"com.haozhuanmuchang.app","鱼塘","游戏-模拟经营",,"1424","0","ADX","16/4/2026 05:19:58"
"com.hasmash.photoby","三韵藏","摄影摄像",,"476","0","ADX","16/4/2026 05:19:58"
"com.hasmash.photoby","字由码生成","摄影摄像",,"880","0","ADX","16/4/2026 05:19:58"
"com.hasmash.photoby","文捷通","摄影摄像",,"264","0","ADX","16/4/2026 05:19:58"
"com.hasmash.photoby","纪恋伴忆","摄影摄像",,"109","0","ADX","16/4/2026 05:19:58"
"com.hasmash.photoby","绿宝管家","摄影摄像",,"2524","0","ADX","16/4/2026 05:19:58"
"com.hdjzds.ubhjz","com.hdjzds.ubhjz",,,"26","0","ADX","16/4/2026 05:19:58"
"com.hdjzds.ubhjz","黑洞建造大师",,,"134","0","ADX","16/4/2026 05:19:58"
"com.hdwl.haoxiangxiang","浩香香",,,"1484","0","ADX","16/4/2026 05:19:58"
"com.heart.xdzmbz","心动桌面壁纸",,,"56391","0","ADX","16/4/2026 05:19:58"
"com.hegsyt.bzysg","com.hegsyt.bzysg",,,"919","0","ADX","16/4/2026 05:19:58"
"com.hehacat","嘿哈猫健身",,,"2989","0","ADX","16/4/2026 05:19:58"
"com.hfmm.thefreeshortplays","夸夸免费短剧",,,"12487","0","ADX","16/4/2026 05:19:58"
"com.hgj.truck","com.hgj.truck",,,"4892","0","ADX","16/4/2026 05:19:58"
"com.hgkj.peace","com.hgkj.peace",,,"871","0","ADX","16/4/2026 05:19:58"
"com.hgkj.peace","安心工具",,,"55879","0","ADX","16/4/2026 05:19:58"
"com.hgkj.qhshopping","券惠购",,,"7268","0","ADX","16/4/2026 05:19:58"
"com.hgxr.ccfy","com.hgxr.ccfy",,,"26","0","ADX","16/4/2026 05:19:58"
"com.hgxr.hzzt","com.hgxr.hzzt",,,"30","0","ADX","16/4/2026 05:19:58"
"com.hichip","CamHi","摄影摄像",,"8477","0","ADX","16/4/2026 05:19:58"
"com.hichip","com.hichip","摄影摄像",,"147","0","ADX","16/4/2026 05:19:58"
"com.hidden.find.puzzle","com.hidden.find.puzzle",,,"1461","0","ADX","16/4/2026 05:19:58"
"com.hihonor.android.totemweather","com.hihonor.android.totemweather",,,"20","0","ADX","16/4/2026 05:19:58"
"com.hizhg.tong","com.hizhg.tong",,,"5","0","ADX","16/4/2026 05:19:58"
"com.hizhg.tong","世链通",,,"226","0","ADX","16/4/2026 05:19:58"
"com.hjhz.squirrelaccount","com.hjhz.SquirrelAccount",,,"276","0","ADX","16/4/2026 05:19:58"
"com.hjhz.squirrelaccount","松鼠记账",,,"680","0","ADX","16/4/2026 05:19:58"
"com.hjkl.mdia","云财宝青春版",,,"1880","0","ADX","16/4/2026 05:19:58"
"com.hjmore.aihumei","鸭梨鸭梨",,,"110","0","ADX","16/4/2026 05:19:58"
"com.hjmore.hdcre","com.hjmore.hdcre",,,"266","0","ADX","16/4/2026 05:19:58"
"com.hjmore.hdcre","彩虹视频",,,"1207853","0","ADX","16/4/2026 05:19:58"
"com.hjmore.hdcre","锁妖迷途",,,"14967","0","ADX","16/4/2026 05:19:58"
"com.hjmore.wuyu","com.hjmore.wuyu","影音播放/短视频",,"10","0","ADX","16/4/2026 05:19:58"
"com.hjmore.wuyu","nanguasp","影音播放/短视频",,"39","0","ADX","16/4/2026 05:19:58"
"com.hjmore.wuyu","南瓜视频","影音播放/短视频",,"26981","0","ADX","16/4/2026 05:19:58"
"com.hndk.kxjyds","com.hndk.kxjyds",,,"108678","0","ADX","16/4/2026 05:19:58"
"com.hnhello.kiki","黄柚水印工具",,,"517","0","ADX","16/4/2026 05:19:58"
"com.hnjiajie.zhixiaole","com.hnjiajie.zhixiaole","其他",,"372","0","ADX","16/4/2026 05:19:58"
"com.hnjiajie.zhixiaole","智校乐","其他",,"12173","0","ADX","16/4/2026 05:19:58"
"com.hnjlhy.qcsp","com.hnjlhy.qcsp",,,"4","0","ADX","16/4/2026 05:19:58"
"com.hnwx.wxj","com.hnwx.wxj",,,"4061","0","ADX","16/4/2026 05:19:58"
"com.hongbaoshuapp","com.hongbaoshuapp",,,"3","0","ADX","16/4/2026 05:19:58"
"com.hongbaoshuapp","红宝书词汇",,,"1013","0","ADX","16/4/2026 05:19:58"
"com.honghusaas.landao.driver","蓝道打车司机",,,"16","0","ADX","16/4/2026 05:19:58"
"com.hopeway.hopewaycam","Hopeway","监控",,"32884","0","ADX","16/4/2026 05:19:58"
"com.hopeway.hopewaycam","com.hopeway.hopewaycam","监控",,"14042","0","ADX","16/4/2026 05:19:58"
"com.hopeway.hopewaycam","有我看家","监控",,"136140","0","ADX","16/4/2026 05:19:58"
"com.hopeway.hopewaycam","有我看家-iOS","监控",,"15710","0","ADX","16/4/2026 05:19:58"
"com.hopeway.hopewaycam","有我看家_IOS_Taku","监控",,"492","0","ADX","16/4/2026 05:19:58"
"com.hopeway.hopewaycam","有我看家_iOS","监控",,"2303","0","ADX","16/4/2026 05:19:58"
"com.houren.ckczxs","com.houren.ckczxs",,,"1361","0","ADX","16/4/2026 05:19:58"
"com.houren.ckczxs","出口成章",,,"18088","0","ADX","16/4/2026 05:19:58"
"com.hq.hqsj","com.hq.hqsj",,,"22","0","ADX","16/4/2026 05:19:58"
"com.hq.hqsj","球天下",,,"239","0","ADX","16/4/2026 05:19:58"
"com.hq.video","",,,"1142","0","ADX","16/4/2026 05:19:58"
"com.hq.video","com.hq.video",,,"146","0","ADX","16/4/2026 05:19:58"
"com.hq.video","韩圈视频",,,"12340","0","ADX","16/4/2026 05:19:58"
"com.hq.video","韩圈视频_iOS",,,"210","0","ADX","16/4/2026 05:19:58"
"com.hs.julijuwai.android","好省短剧",,,"364","0","ADX","16/4/2026 05:19:58"
"com.hshs.zdx","智多星",,,"97","0","ADX","16/4/2026 05:19:58"
"com.htkj.daywallpaper","com.htkj.daywallpaper",,,"1038","0","ADX","16/4/2026 05:19:58"
"com.htwl.huidedao","汇得到",,,"1796","0","ADX","16/4/2026 05:19:58"
"com.htwl.huijinbao","汇进宝",,,"3848","0","ADX","16/4/2026 05:19:58"
"com.htwl.hzzs","汇朝助手",,,"6022","0","ADX","16/4/2026 05:19:58"
"com.htzzj.mmzls","com.htzzj.mmzls",,,"4313","0","ADX","16/4/2026 05:19:58"
"com.htzzj.mmzls","猫咪整理师",,,"24961","0","ADX","16/4/2026 05:19:58"
"com.huabenapp","com.huabenapp","阅读",,"3176","0","ADX","16/4/2026 05:19:58"
"com.huabenapp","话本小说","阅读",,"325879","0","ADX","16/4/2026 05:19:58"
"com.huachuang.neteyes","com.huachuang.neteyes","实用工具",,"25","0","ADX","16/4/2026 05:19:58"
"com.huachuang.neteyes","网络眼","实用工具",,"1654","0","ADX","16/4/2026 05:19:58"
"com.huahua.block3","黑白块",,,"88","0","ADX","16/4/2026 05:19:58"
"com.huahua.saolei","com.huahua.saolei","游戏-休闲益智",,"2144","0","ADX","16/4/2026 05:19:58"
"com.huahua.saolei","扫雷世界","游戏-休闲益智",,"5856","0","ADX","16/4/2026 05:19:58"
"com.huajuanceep.quickapp","花卷测评",,,"22350","0","ADX","16/4/2026 05:19:58"
"com.huashi6.hst","com.huashi6.hst",,,"8640","0","ADX","16/4/2026 05:19:58"
"com.hubeileyou.lelingquan","乐龄圈",,,"6","0","ADX","16/4/2026 05:19:58"
"com.hudong.junqi","com.hudong.junqi",,,"2030","0","ADX","16/4/2026 05:19:58"
"com.hudong.junqi","军棋",,,"12879","0","ADX","16/4/2026 05:19:58"
"com.hui.yuefang","com.hui.yuefang",,,"1665","0","ADX","16/4/2026 05:19:58"
"com.hui.yuefang","荟悦坊",,,"4486","0","ADX","16/4/2026 05:19:58"
"com.huifeng.hc","惠风和畅",,,"13119","0","ADX","16/4/2026 05:19:58"
"com.huiju.xing","惠聚星",,,"88255","0","ADX","16/4/2026 05:19:58"
"com.huimai365.shop","com.huimai365.shop",,,"20","0","ADX","16/4/2026 05:19:58"
"com.huimai365.shop","惠买",,,"916","0","ADX","16/4/2026 05:19:58"
"com.hujiang.cichang-ipad","com.hujiang.Cichang-iPad",,,"44778","0","ADX","16/4/2026 05:19:58"
"com.hujiang.cichang-ipad","沪江开心词场",,,"28482","0","ADX","16/4/2026 05:19:58"
"com.huohuo.bishang816","com.huohuo.bishang816",,,"587","0","ADX","16/4/2026 05:19:58"
"com.huohuo.bishang816","火星",,,"11699","0","ADX","16/4/2026 05:19:58"
"com.hx.hxcloud","华西云课堂",,,"344","0","ADX","16/4/2026 05:19:58"
"com.hzdx.fkzdx.huawei","疯狂找东西",,,"73","0","ADX","16/4/2026 05:19:58"
"com.hzfandeng.ddkanjia","Z61","视频监控",,"70","0","ADX","16/4/2026 05:19:58"
"com.hzgame.wzbl","com.hzgame.wzbl","棋牌游戏",,"17","0","ADX","16/4/2026 05:19:58"
"com.hzgame.wzbl","玩赚-安卓-24.8.27","棋牌游戏",,"6","0","ADX","16/4/2026 05:19:58"
"com.hzlc.driver.jsjkfcs","com.hzlc.driver.jsjkfcs",,,"104","0","ADX","16/4/2026 05:19:58"
"com.hzsmk.citizencardapp","com.hzsmk.CitizenCardapp",,,"511","0","ADX","16/4/2026 05:19:58"
"com.hzsmk.citizencardapp","sdk iOS",,,"34","0","ADX","16/4/2026 05:19:58"
"com.ibuscloud.weihaibus","com.ibuscloud.weihaibus",,,"33","0","ADX","16/4/2026 05:19:58"
"com.ibuscloud.weihaibus","威海公交",,,"194","0","ADX","16/4/2026 05:19:58"
"com.ichano.athome.camera","com.ichano.athome.camera",,,"195","0","ADX","16/4/2026 05:19:58"
"com.ichano.viewer","com.ichano.viewer",,,"296","0","ADX","16/4/2026 05:19:58"
"com.idejian.listen","com.idejian.listen","听书/阅读",,"96","0","ADX","16/4/2026 05:19:58"
"com.idejian.listen","得间畅听","听书/阅读",,"2712","0","ADX","16/4/2026 05:19:58"
"com.idreamsky.buff","com.idreamsky.buff",,,"6","0","ADX","16/4/2026 05:19:58"
"com.idreamsky.buff","fanbook",,,"749","0","ADX","16/4/2026 05:19:58"
"com.ifeimo.audiorecord","录音大师",,,"53274","0","ADX","16/4/2026 05:19:58"
"com.iflytek.inputmethod","com.iflytek.inputmethod",,,"15","0","ADX","16/4/2026 05:19:58"
"com.ifmoc.doukouyuedu","com.ifmoc.DouKouYueDu",,,"185","0","ADX","16/4/2026 05:19:58"
"com.ifmoc.doukouyuedu","饭团追书iOS",,,"1124","0","ADX","16/4/2026 05:19:58"
"com.ifmoc.ninenine","com.ifmoc.ninenine",,,"3","0","ADX","16/4/2026 05:19:58"
"com.ifmoc.ninenine","袋鼠阅读",,,"5","0","ADX","16/4/2026 05:19:58"
"com.iiyu.kiuy","com.iiyu.kiuy",,,"175","0","ADX","16/4/2026 05:19:58"
"com.iiyu.kiuy","小金牛故事-26.3.26",,,"19","0","ADX","16/4/2026 05:19:58"
"com.ikiwent.pe","旋风",,,"2","0","ADX","16/4/2026 05:19:58"
"com.imendon.fomz","Fomz","相机",,"646","0","ADX","16/4/2026 05:19:58"
"com.imendon.fomz","com.imendon.fomz","相机",,"10118","0","ADX","16/4/2026 05:19:58"
"com.imendon.lumefilm","com.imendon.lumefilm",,,"209","0","ADX","16/4/2026 05:19:58"
"com.inch.publicparents","com.inch.publicParents",,,"7600","0","ADX","16/4/2026 05:19:58"
"com.ind4.ind4","IND4汽车人",,,"634","0","ADX","16/4/2026 05:19:58"
"com.ind4.ind4","com.ind4.IND4",,,"14","0","ADX","16/4/2026 05:19:58"
"com.iningke.jiakaojl","com.iningke.jiakaojl",,,"111","0","ADX","16/4/2026 05:19:58"
"com.iningke.jiakaojl","驾考精灵",,,"25402","0","ADX","16/4/2026 05:19:58"
"com.intimetech.qiang","com.intimetech.qiang",,,"48","0","ADX","16/4/2026 05:19:58"
"com.iospdragon.new2048","com.iospdragon.new2048",,,"1542","0","ADX","16/4/2026 05:19:58"
"com.iospdragon.new2048","新2048",,,"5622","0","ADX","16/4/2026 05:19:58"
"com.iot.iot360","com.iot.iot360",,,"920","0","ADX","16/4/2026 05:19:58"
"com.iot.iot360","云看看",,,"19859","0","ADX","16/4/2026 05:19:58"
"com.ireadercity.weather","com.ireadercity.weather",,,"112","0","ADX","16/4/2026 05:19:58"
"com.ireadercity.zhwll","com.ireadercity.zhwll","阅读",,"128131","0","ADX","16/4/2026 05:19:58"
"com.ireadercity.zhwll","万年历-iOS","阅读",,"31","0","ADX","16/4/2026 05:19:58"
"com.ishowtalk.dubbing","com.ishowtalk.dubbing",,,"54","0","ADX","16/4/2026 05:19:58"
"com.itaojin.distribution","com.iTaojin.distribution",,,"24","0","ADX","16/4/2026 05:19:58"
"com.itaojin.distribution","淘金云客服",,,"489","0","ADX","16/4/2026 05:19:58"
"com.iuyt.rrng","com.iuyt.rrng",,,"152","0","ADX","16/4/2026 05:19:58"
"com.iuyt.rrng","玩赚小故事-25.10.4",,,"42","0","ADX","16/4/2026 05:19:58"
"com.ixiaoma.shiyanbus","com.ixiaoma.shiyanbus",,,"65","0","ADX","16/4/2026 05:19:58"
"com.ixiaoma.shiyanbus","十堰公交",,,"1828","0","ADX","16/4/2026 05:19:58"
"com.iyhisng.tttanna.oiui","天天影视",,,"292920","0","ADX","16/4/2026 05:19:58"
"com.jc.jjylc.huawei","com.jc.jjylc.huawei",,,"2852","0","ADX","16/4/2026 05:19:58"
"com.jco.huiseehouse","com.jco.huiseehouse",,,"4","0","ADX","16/4/2026 05:19:58"
"com.jco.huiseehouse","慧眼看家",,,"983","0","ADX","16/4/2026 05:19:58"
"com.jdsq","com.jdsq",,,"186","0","ADX","16/4/2026 05:19:58"
"com.jdsq","鲁班到家师傅版",,,"954","0","ADX","16/4/2026 05:19:58"
"com.jdsq","鲁班到家师傅版-接单赚钱",,,"742","0","ADX","16/4/2026 05:19:58"
"com.jf.lkrj","com.jf.lkrj","时尚购物",,"27","0","ADX","16/4/2026 05:19:58"
"com.jf.lkrj","花生日记","时尚购物",,"4545","0","ADX","16/4/2026 05:19:58"
"com.jf.my","com.jf.my",,,"118","0","ADX","16/4/2026 05:19:58"
"com.jf.my","蜜源",,,"17889","0","ADX","16/4/2026 05:19:58"
"com.jianyu.cloud","com.jianyu.cloud",,,"71","0","ADX","16/4/2026 05:19:58"
"com.jianyu.cloud","简语云",,,"2284","0","ADX","16/4/2026 05:19:58"
"com.jiaxun.acupoint","com.jiaxun.acupoint",,,"65","0","ADX","16/4/2026 05:19:58"
"com.jiaxun.acupoint","经络穴位图解",,,"3089","0","ADX","16/4/2026 05:19:58"
"com.jiebaoslim","com.jiebaoslim",,,"56","0","ADX","16/4/2026 05:19:58"
"com.jiebaoslim","捷報體育",,,"201","0","ADX","16/4/2026 05:19:58"
"com.jiebaoslim","捷报体育",,,"14923","0","ADX","16/4/2026 05:19:58"
"com.jiebaoslim","捷报体育比分",,,"2729","0","ADX","16/4/2026 05:19:58"
"com.jieruitech1.jingjiang-ios","晋江小说阅读",,,"2122","0","ADX","16/4/2026 05:19:58"
"com.jieti.xia","解题侠",,,"39508","0","ADX","16/4/2026 05:19:58"
"com.jimi.houshijing.appstore","ibeidou",,,"39","0","ADX","16/4/2026 05:19:58"
"com.jimi.tuqiang.cheshangzaixian","几米在线",,,"38","0","ADX","16/4/2026 05:19:58"
"com.jingmu.xueweichaxun","com.jingmu.xueweichaxun",,,"26","0","ADX","16/4/2026 05:19:58"
"com.jingmu.xueweichaxun","景募-针灸经络穴位",,,"639","0","ADX","16/4/2026 05:19:58"
"com.jinshu.jzt","com.jinshu.jzt","实用工具",,"21348","0","ADX","16/4/2026 05:19:58"
"com.jinshu.jzt","家长通","实用工具",,"137096","0","ADX","16/4/2026 05:19:58"
"com.jiritqwhite","com.jiritqwhite","实用工具",,"1413","0","ADX","16/4/2026 05:19:58"
"com.jiritqwhite","天气预报气象报","实用工具",,"761498","0","ADX","16/4/2026 05:19:58"
"com.jiujia.sqiyan","com.jiujia.sqiyan",,,"45","0","ADX","16/4/2026 05:19:58"
"com.jj.llmarket","小集市",,,"433262","0","ADX","16/4/2026 05:19:58"
"com.jj.mhcollection","麦穗集",,,"6696","0","ADX","16/4/2026 05:19:58"
"com.jjpengcheng.callshow.zjm","com.jjpengcheng.callshow.zjm",,,"23","0","ADX","16/4/2026 05:19:58"
"com.jjpengcheng.callshow.zjm","zjm",,,"7321","0","ADX","16/4/2026 05:19:58"
"com.jkjx.ytnovel","com.jkjx.ytnovel",,,"30","0","ADX","16/4/2026 05:19:58"
"com.jkjx.ytnovel","云吞小说",,,"216","0","ADX","16/4/2026 05:19:58"
"com.jmx.fapp","金质花",,,"1205","0","ADX","16/4/2026 05:19:58"
"com.jng.kzdnq","com.jng.kzdnq","实用工具",,"36","0","ADX","16/4/2026 05:19:58"
"com.jnhj.ghyu","com.jnhj.ghyu",,,"536","0","ADX","16/4/2026 05:19:58"
"com.jnhj.ghyu","小金牛短剧-25.5.27",,,"156","0","ADX","16/4/2026 05:19:58"
"com.jnzc.recipebook","com.jnzc.recipebook",,,"16","0","ADX","16/4/2026 05:19:58"
"com.jnzc.recipebook","菜谱大全",,,"227","0","ADX","16/4/2026 05:19:58"
"com.join.android.app.mgsim.wufun","com.join.android.app.mgsim.wufun","游戏",,"64","0","ADX","16/4/2026 05:19:58"
"com.join.android.app.mgsim.wufun","悟饭游戏厅","游戏",,"5959","0","ADX","16/4/2026 05:19:58"
"com.jooan.cateyeelf","CatEyeElf",,,"6558","0","ADX","16/4/2026 05:19:58"
"com.jooan.cateyeelf","com.jooan.cateyeelf",,,"49465","0","ADX","16/4/2026 05:19:58"
"com.jooan.cateyeelf","喵眼精灵",,,"1754995","0","ADX","16/4/2026 05:19:58"
"com.jooan.cateyeelf","喵眼精灵-ios",,,"3598","0","ADX","16/4/2026 05:19:58"
"com.jooan.cateyeelf","喵眼精灵_iOS",,,"16334","0","ADX","16/4/2026 05:19:58"
"com.jooan.cowelf","com.jooan.cowelf","实用工具",,"1563","0","ADX","16/4/2026 05:19:58"
"com.jooan.cowelf","牛精灵","实用工具",,"976583","0","ADX","16/4/2026 05:19:58"
"com.jooan.cowelf","牛精灵-android","实用工具",,"103","0","ADX","16/4/2026 05:19:58"
"com.jooan.cowelf","牛精灵_安卓","实用工具",,"30192","0","ADX","16/4/2026 05:19:58"
"com.jooan.leanfu","com.jooan.leanfu",,,"74","0","ADX","16/4/2026 05:19:58"
"com.jooan.leanfumonito","com.jooan.leanfuMonito",,,"109","0","ADX","16/4/2026 05:19:58"
"com.jooan.smarteye.lenovo","com.jooan.smarteye.lenovo",,,"76","0","ADX","16/4/2026 05:19:58"
"com.jooan.smarteye.lenovo","联想慧眼-android",,,"1492","0","ADX","16/4/2026 05:19:58"
"com.jooan.taisiwei","com.jooan.taisiwei","视频监控",,"563","0","ADX","16/4/2026 05:19:58"
"com.jooan.taisiwei","多多监控","视频监控",,"150588","0","ADX","16/4/2026 05:19:58"
"com.jooan.zhijian","com.jooan.zhiJian",,,"17733","0","ADX","16/4/2026 05:19:58"
"com.jooan.zhijian","指尖看看-ios",,,"143","0","ADX","16/4/2026 05:19:58"
"com.jove.temp","甘肃学驾",,,"54","0","ADX","16/4/2026 05:19:58"
"com.jovetech.cloudsee.temp","com.jovetech.CloudSee.temp","实用工具",,"6817","0","ADX","16/4/2026 05:19:58"
"com.jovetech.cloudsee.temp","云视通","实用工具",,"623507","0","ADX","16/4/2026 05:19:58"
"com.jovision.cloudseepro","","安防监控",,"1777","0","ADX","16/4/2026 05:19:58"
"com.jovision.cloudseepro","CloudSEE Pro","安防监控",,"234203","0","ADX","16/4/2026 05:19:58"
"com.jovision.cloudseepro","CloudSEEPro","安防监控",,"5","0","ADX","16/4/2026 05:19:58"
"com.jovision.cloudseepro","com.jovision.CloudSEEPro","安防监控",,"37261","0","ADX","16/4/2026 05:19:58"
"com.jovision.cloudseepro","云视通","安防监控",,"380","0","ADX","16/4/2026 05:19:58"
"com.jovision.cloudseepro","云视通+","安防监控",,"520916","0","ADX","16/4/2026 05:19:58"
"com.jovision.cloudseepro","云视通_iOS","安防监控",,"5405","0","ADX","16/4/2026 05:19:58"
"com.joy.woodenfish","com.joy.woodenfish",,,"2","0","ADX","16/4/2026 05:19:58"
"com.joypuzzle.tileconnect2","com.joypuzzle.tileconnect2",,,"51","0","ADX","16/4/2026 05:19:58"
"com.jsppqt.www","com.JSPPQT.www",,,"7348","0","ADX","16/4/2026 05:19:58"
"com.jsy.jinshiyun","com.jsy.jinshiyun",,,"8","0","ADX","16/4/2026 05:19:58"
"com.jsy.jinshiyun","金石云",,,"1067","0","ADX","16/4/2026 05:19:58"
"com.juejinchain.qyb","com.juejinchain.qyb",,,"97","0","ADX","16/4/2026 05:19:58"
"com.juejinchain.qyb","千阅宝",,,"850","0","ADX","16/4/2026 05:19:58"
"com.julanling.app","com.julanling.app","实用工具",,"431","0","ADX","16/4/2026 05:19:58"
"com.julanling.app","安心记加班","实用工具",,"5024550","0","ADX","16/4/2026 05:19:58"
"com.julanling.overtime","","办公/考勤",,"10211","0","ADX","16/4/2026 05:19:58"
"com.julanling.overtime","com.julanling.overtime","办公/考勤",,"15021","0","ADX","16/4/2026 05:19:58"
"com.julanling.overtime","安心记加班","办公/考勤",,"667715","0","ADX","16/4/2026 05:19:58"
"com.just4fun.pyramidblocks","com.just4fun.PyramidBlocks",,,"139","0","ADX","16/4/2026 05:19:58"
"com.justmmock.location","模拟定位",,,"15","0","ADX","16/4/2026 05:19:58"
"com.juxingshan.home","com.juxingshan.home",,,"8","0","ADX","16/4/2026 05:19:58"
"com.juxingshan.home","剧星闪-小米",,,"24660","0","ADX","16/4/2026 05:19:58"
"com.jx885.lrjk","com.jx885.lrjk",,,"64","0","ADX","16/4/2026 05:19:58"
"com.jx885.lrjk","懒人驾考",,,"1981","0","ADX","16/4/2026 05:19:58"
"com.jx885.sdjk","com.jx885.sdjk",,,"10","0","ADX","16/4/2026 05:19:58"
"com.jxedt","com.jxedt",,,"17855","0","ADX","16/4/2026 05:19:58"
"com.jxedt","驾校一点通",,,"48975","0","ADX","16/4/2026 05:19:58"
"com.jxedt.driverhd","com.jxedt.driverHD","驾考学习",,"4303","0","ADX","16/4/2026 05:19:58"
"com.jxedt.driverhd","驾校一点通极速版","驾考学习",,"10395","0","ADX","16/4/2026 05:19:58"
"com.jy.x.separation.manager","com.jy.x.separation.manager",,,"70","0","ADX","16/4/2026 05:19:58"
"com.jygwc.xhtkv.koda","com.jygwc.xhtkv.koda",,,"30","0","ADX","16/4/2026 05:19:58"
"com.jygwc.xhtkv.koda","火爆爱消除",,,"1338","0","ADX","16/4/2026 05:19:58"
"com.jygwc.xhtkv.maya","com.jygwc.xhtkv.maya",,,"10","0","ADX","16/4/2026 05:19:58"
"com.jygwc.xhtkv.maya","火爆爱消除",,,"300","0","ADX","16/4/2026 05:19:58"
"com.jyl.preferentialltt","优惠乐淘淘",,,"16238","0","ADX","16/4/2026 05:19:58"
"com.jywl.yscd","悦书畅读",,,"3009","0","ADX","16/4/2026 05:19:58"
"com.jywl.yueshupu","悦书铺",,,"3591","0","ADX","16/4/2026 05:19:58"
"com.jzc.brainboom","脑洞大爆炸",,,"9157","0","ADX","16/4/2026 05:19:58"
"com.kass.kabala.android","开始云盘",,,"10335","0","ADX","16/4/2026 05:19:58"
"com.kbs.txzkbsapp","卡博士",,,"5409","0","ADX","16/4/2026 05:19:58"
"com.kdmei.huifuwang","com.kdmei.huifuwang","阅读/小说",,"175","0","ADX","16/4/2026 05:19:58"
"com.kdmei.huifuwang","一键书阁","阅读/小说",,"3545","0","ADX","16/4/2026 05:19:58"
"com.kdmei.huifuwang","起源书阁","阅读/小说",,"1308","0","ADX","16/4/2026 05:19:58"
"com.kedang.globalspeed","com.kedang.globalspeed",,,"32","0","ADX","16/4/2026 05:19:58"
"com.kgbs.ticket","com.kgbs.ticket",,,"75","0","ADX","16/4/2026 05:19:58"
"com.kiloo.subwaysurf.bz","地铁跑酷",,,"109","0","ADX","16/4/2026 05:19:58"
"com.kinet.oscop","com.kinet.oscop",,,"4251","0","ADX","16/4/2026 05:19:58"
"com.kinet.oscop","轻萌短剧",,,"265","0","ADX","16/4/2026 05:19:58"
"com.kingbi.oilquotes","com.kingbi.oilquotes",,,"1161","0","ADX","16/4/2026 05:19:58"
"com.kingbi.oilquotes","口袋原油",,,"31800","0","ADX","16/4/2026 05:19:58"
"com.kingdee.mymoney","com.kingdee.MyMoney","财务管理",,"10240","0","ADX","16/4/2026 05:19:58"
"com.kingdee.mymoney","随手记","财务管理",,"224496","0","ADX","16/4/2026 05:19:58"
"com.kingdee.mymoney","随手记iOS","财务管理",,"30","0","ADX","16/4/2026 05:19:58"
"com.kmxs.reader","com.kmxs.reader",,,"44206","0","ADX","16/4/2026 05:19:58"
"com.kmxs.reader","七猫免费小说",,,"4526845","0","ADX","16/4/2026 05:19:58"
"com.kongfu.chu","功夫厨",,,"8953","0","ADX","16/4/2026 05:19:58"
"com.kuaibao.skuaidi","com.kuaibao.skuaidi",,,"925","0","ADX","16/4/2026 05:19:58"
"com.kuaibao.skuaidi","快宝快递员",,,"7106","0","ADX","16/4/2026 05:19:58"
"com.kuaibao.skuaidi","快递员",,,"5826","0","ADX","16/4/2026 05:19:58"
"com.kuaicheng.ktjk","com.kuaicheng.ktjk","学习教育",,"4","0","ADX","16/4/2026 05:19:58"
"com.kuaicheng.ktjk","快通驾考","学习教育",,"14027","0","ADX","16/4/2026 05:19:58"
"com.kuaiduizuoye.scan","com.kuaiduizuoye.scan",,,"87357","0","ADX","16/4/2026 05:19:58"
"com.kuaiduizuoye.scan","快对AI",,,"982","0","ADX","16/4/2026 05:19:58"
"com.kuaikan.comic","com.kuaikan.comic",,,"42","0","ADX","16/4/2026 05:19:58"
"com.kuaishou.nebula","com.kuaishou.nebula",,,"3158","0","ADX","16/4/2026 05:19:58"
"com.kuaiyun.app.driver","成丰司机",,,"2","0","ADX","16/4/2026 05:19:58"
"com.kuangsheng.tklmdld","帽子先森奇遇记",,,"77","0","ADX","16/4/2026 05:19:58"
"com.kuangxiangciweimao.novel","com.kuangxiangciweimao.novel","图书阅读",,"124","0","ADX","16/4/2026 05:19:58"
"com.kuangxiangciweimao.novel","刺猬猫阅读","图书阅读",,"6826","0","ADX","16/4/2026 05:19:58"
"com.kuodong.ninesix.say","众益平台",,,"33","0","ADX","16/4/2026 05:19:58"
"com.kuying.xiaoku","com.kuying.xiaoku",,,"7","0","ADX","16/4/2026 05:19:58"
"com.ky.hjq","com.ky.hjq",,,"28592","0","ADX","16/4/2026 05:19:58"
"com.ky.hjq","韩剧圈",,,"163974","0","ADX","16/4/2026 05:19:58"
"com.ky.hjq","韩剧圈-iOS",,,"18","0","ADX","16/4/2026 05:19:58"
"com.ky.hjq","韩剧圈_iOS",,,"1775","0","ADX","16/4/2026 05:19:58"
"com.laicam.ios","LaiCam",,,"250","0","ADX","16/4/2026 05:19:58"
"com.laicam.ios","com.LaiCam.ios",,,"17","0","ADX","16/4/2026 05:19:58"
"com.laisitech.rehealth","com.laisitech.rehealth",,,"43","0","ADX","16/4/2026 05:19:58"
"com.laisitech.rehealth","派健康",,,"796","0","ADX","16/4/2026 05:19:58"
"com.lanfeng.bookstore","岚风书斋",,,"8079","0","ADX","16/4/2026 05:19:58"
"com.lanjingren.ivwen","com.lanjingren.ivwen",,,"92547","0","ADX","16/4/2026 05:19:58"
"com.lanjingren.ivwen","美篇",,,"182654","0","ADX","16/4/2026 05:19:58"
"com.lanjingren.ivwen","美篇 - 记录美好，分享感动",,,"2908","0","ADX","16/4/2026 05:19:58"
"com.lanjingren.ivwen","美篇-ios",,,"165263","0","ADX","16/4/2026 05:19:58"
"com.lanyuxl.mi","蓝宇",,,"217","0","ADX","16/4/2026 05:19:58"
"com.laoyouzhibo.app","老柚",,,"2240","0","ADX","16/4/2026 05:19:58"
"com.le123.ysdq","com.le123.ysdq",,,"5","0","ADX","16/4/2026 05:19:58"
"com.le123.ysdq","影视大全",,,"926","0","ADX","16/4/2026 05:19:58"
"com.learn.words.mouse","com.learn.words.mouse",,,"71","0","ADX","16/4/2026 05:19:58"
"com.lefun.tjd.cn","com.lefun.tjd.cn",,,"65","0","ADX","16/4/2026 05:19:58"
"com.lefun.tjd.cn","乐动健康生活",,,"1520","0","ADX","16/4/2026 05:19:58"
"com.legan.browser","乐感浏览器",,,"212","0","ADX","16/4/2026 05:19:58"
"com.lehofaster.mm","com.lehofaster.mm",,,"575","0","ADX","16/4/2026 05:19:58"
"com.lehofaster.mm","乐活极速版",,,"9125","0","ADX","16/4/2026 05:19:58"
"com.leholady.colorfy","com.leholady.colorfy",,,"1609","0","ADX","16/4/2026 05:19:58"
"com.lehyk.wugjv","微光追寻",,,"126","0","ADX","16/4/2026 05:19:58"
"com.leig.nnacc","雷神加速器",,,"9","0","ADX","16/4/2026 05:19:58"
"com.leisu.sports.18","leisu18",,,"4","0","ADX","16/4/2026 05:19:58"
"com.leisu.sports.5","leisu5",,,"6","0","ADX","16/4/2026 05:19:58"
"com.leisu.sports洋洋洋洋","洋",,,"2","0","ADX","16/4/2026 05:19:58"
"com.leisure.novel","com.leisure.novel",,,"887","0","ADX","16/4/2026 05:19:58"
"com.lemon.lv","com.lemon.lv",,,"533225","0","ADX","16/4/2026 05:19:58"
"com.lemon.lv","剪映",,,"19281","0","ADX","16/4/2026 05:19:58"
"com.lemon.lv","剪映-Android",,,"45685","0","ADX","16/4/2026 05:19:58"
"com.lemon.nmsz","com.lemon.nmsz",,,"8033","0","ADX","16/4/2026 05:19:58"
"com.lemon.nmsz","暖暖手帐",,,"3080","0","ADX","16/4/2026 05:19:58"
"com.lenchi.cjpcjbs","土豆奇遇记",,,"6","0","ADX","16/4/2026 05:19:58"
"com.lenchi.lzdzwxr","土豆奇遇记",,,"108","0","ADX","16/4/2026 05:19:58"
"com.lenchi.lzdzwxr","帽子先森奇遇记",,,"119","0","ADX","16/4/2026 05:19:58"
"com.lenchi.lzdzwxr","我在老城区跑酷",,,"112","0","ADX","16/4/2026 05:19:58"
"com.lenchi.lzdzwxr","熊猫探险计划",,,"126","0","ADX","16/4/2026 05:19:58"
"com.lenchi.lzdzwxr","狂飙大卡车",,,"179","0","ADX","16/4/2026 05:19:58"
"com.lenchi.lzdzwxr","看我奇思妙想",,,"128","0","ADX","16/4/2026 05:19:58"
"com.lenchi.qbzndk","土豆奇遇记",,,"325","0","ADX","16/4/2026 05:19:58"
"com.lenchi.qbzndk","帽子先森奇遇记",,,"316","0","ADX","16/4/2026 05:19:58"
"com.lenchi.qbzndk","我在老城区跑酷",,,"296","0","ADX","16/4/2026 05:19:58"
"com.lenchi.qbzndk","熊猫探险计划",,,"339","0","ADX","16/4/2026 05:19:58"
"com.lenchi.qbzndk","狂飙大卡车",,,"350","0","ADX","16/4/2026 05:19:58"
"com.lenchi.qbzndk","看我奇思妙想",,,"303","0","ADX","16/4/2026 05:19:58"
"com.lenchi.sswll","土豆奇遇记",,,"492","0","ADX","16/4/2026 05:19:58"
"com.lenchi.sswll","帽子先森奇遇记",,,"501","0","ADX","16/4/2026 05:19:58"
"com.lenchi.sswll","我在老城区跑酷",,,"451","0","ADX","16/4/2026 05:19:58"
"com.lenchi.sswll","熊猫探险计划",,,"508","0","ADX","16/4/2026 05:19:58"
"com.lenchi.sswll","狂飙大卡车",,,"493","0","ADX","16/4/2026 05:19:58"
"com.lenchi.sswll","看我奇思妙想",,,"478","0","ADX","16/4/2026 05:19:58"
"com.lenchi.xmtxjh","土豆奇遇记",,,"1767","0","ADX","16/4/2026 05:19:58"
"com.lenchi.zkxns","帽子先森奇遇记",,,"828","0","ADX","16/4/2026 05:19:58"
"com.lenovo.smarteye.qiaoan","com.lenovo.smarteye.qiaoan",,,"100903","0","ADX","16/4/2026 05:19:58"
"com.lenovo.smarteye.qiaoan","联想慧眼-ios",,,"1114","0","ADX","16/4/2026 05:19:58"
"com.lequwuxian.squirrelreader","com.lequwuxian.squirrelreader",,,"19","0","ADX","16/4/2026 05:19:58"
"com.lequwuxian.squirrelreader","八蕉小说",,,"1176","0","ADX","16/4/2026 05:19:58"
"com.lew.game.hhxtc.huawei","com.lew.game.hhxtc.huawei",,,"2","0","ADX","16/4/2026 05:19:58"
"com.lew.game.hhxtc.huawei","画画小天才",,,"34","0","ADX","16/4/2026 05:19:58"
"com.lfkj.barometer","晴雨计",,,"7052","0","ADX","16/4/2026 05:19:58"
"com.lfkj.qdstudy","趣点学习1",,,"7642","0","ADX","16/4/2026 05:19:58"
"com.lfkj.qxcalculation","亲系测算",,,"1357","0","ADX","16/4/2026 05:19:58"
"com.lfkj.sqbox","省钱宝盒",,,"51676","0","ADX","16/4/2026 05:19:58"
"com.lfkj.stepcounting","计步助手",,,"2135","0","ADX","16/4/2026 05:19:58"
"com.lhw.emoji","表情符号笑脸",,,"250","0","ADX","16/4/2026 05:19:58"
"com.lhzpst.iartbook","iArtbook绘画",,,"74","0","ADX","16/4/2026 05:19:58"
"com.lianjiangshangquan.waimai.mycomic","My漫画",,,"11","0","ADX","16/4/2026 05:19:58"
"com.lilian.chat","com.lilian.chat",,,"5","0","ADX","16/4/2026 05:19:58"
"com.lilian.chat","蚂蚁甄选",,,"54","0","ADX","16/4/2026 05:19:58"
"com.linecorp.foodiecn","Foodie",,,"9002","0","ADX","16/4/2026 05:19:58"
"com.linecorp.foodiecn","com.linecorp.Foodiecn",,,"570","0","ADX","16/4/2026 05:19:58"
"com.lingli.ly","熊猫生活",,,"562","0","ADX","16/4/2026 05:19:58"
"com.lingli.ly","邻里乐居",,,"25","0","ADX","16/4/2026 05:19:58"
"com.link.conring","CONRING",,,"36390","0","ADX","16/4/2026 05:19:58"
"com.link.conring","com.link.conring",,,"512","0","ADX","16/4/2026 05:19:58"
"com.link.netcam_nabao","守卫",,,"250","0","ADX","16/4/2026 05:19:58"
"com.linkwifi.wifikey","com.linkwifi.wifikey","工具/网络",,"37","0","ADX","16/4/2026 05:19:58"
"com.lintuo.gbnbdw","土豆奇遇记",,,"61","0","ADX","16/4/2026 05:19:58"
"com.lintuo.gbnbdw","帽子先森奇遇记",,,"38","0","ADX","16/4/2026 05:19:58"
"com.lintuo.gbnbdw","我在老城区跑酷",,,"42","0","ADX","16/4/2026 05:19:58"
"com.lintuo.gbnbdw","熊猫探险计划",,,"27","0","ADX","16/4/2026 05:19:58"
"com.lintuo.gbnbdw","狂飙大卡车",,,"53","0","ADX","16/4/2026 05:19:58"
"com.liqun.zhuju","com.liqun.zhuju",,,"1920","0","ADX","16/4/2026 05:19:58"
"com.liqun.zhuju","韩剧圈",,,"42575","0","ADX","16/4/2026 05:19:58"
"com.liuyt.hnmu","com.liuyt.hnmu","教育",,"424","0","ADX","16/4/2026 05:19:58"
"com.liuyt.hnmu","趣刷趣赚-25.4.9","教育",,"100","0","ADX","16/4/2026 05:19:58"
"com.lltskb.lltskb","com.lltskb.lltskb","旅行交通",,"3679","0","ADX","16/4/2026 05:19:58"
"com.lltskb.lltskb","路路通","旅行交通",,"28806","0","ADX","16/4/2026 05:19:58"
"com.love.yuebizhi","com.love.yuebizhi",,,"29690","0","ADX","16/4/2026 05:19:58"
"com.love.yuebizhi","小月壁纸",,,"1983","0","ADX","16/4/2026 05:19:58"
"com.loveshang","张家港爱上网",,,"205","0","ADX","16/4/2026 05:19:58"
"com.lowpricesfy.shopping","购物低价联盟","南宁春晖四方科技有限公司",,"605","0","ADX","16/4/2026 05:19:58"
"com.lstech.rehealth","派健康",,,"241","0","ADX","16/4/2026 05:19:58"
"com.lsx.zxyzyys.jm","小炅通","小说漫画",,"4","0","ADX","16/4/2026 05:19:58"
"com.lt.rewardspace","悬赏空间",,,"26","0","ADX","16/4/2026 05:19:58"
"com.ltf.home","灵图坊-OPPO",,,"6895","0","ADX","16/4/2026 05:19:58"
"com.lunaris.spark","com.lunaris.spark",,,"21","0","ADX","16/4/2026 05:19:58"
"com.lunaris.spark","麦客-lunaris",,,"7","0","ADX","16/4/2026 05:19:58"
"com.lws207lws","lwscam",,,"28","0","ADX","16/4/2026 05:19:58"
"com.lxbc.translate.dcfyq","com.lxbc.translate.dcfyq",,,"41","0","ADX","16/4/2026 05:19:58"
"com.lxt.app","com.lxt.app",,,"72","0","ADX","16/4/2026 05:19:58"
"com.lxwd.translate.duoduo","com.lxwd.translate.duoduo",,,"69","0","ADX","16/4/2026 05:19:58"
"com.lzpxfzj.ios.app","com.lzpxfzj.ios.app",,,"49210","0","ADX","16/4/2026 05:19:58"
"com.m1905.mobilefree","com.m1905.mobilefree",,,"14","0","ADX","16/4/2026 05:19:58"
"com.m7788.coin","7788钱币",,,"527","0","ADX","16/4/2026 05:19:58"
"com.macrovideo.a380","V380",,,"1277","0","ADX","16/4/2026 05:19:58"
"com.macrovideo.a380pro","V380 Pro","系统工具/监控",,"50284","0","ADX","16/4/2026 05:19:58"
"com.macrovideo.a380pro","V380Pro","系统工具/监控",,"34435","0","ADX","16/4/2026 05:19:58"
"com.macrovideo.a380pro","V380pro","系统工具/监控",,"175","0","ADX","16/4/2026 05:19:58"
"com.macrovideo.a380pro","com.macrovideo.a380pro","系统工具/监控",,"20742","0","ADX","16/4/2026 05:19:58"
"com.macrovideo.bjjl","bjjl","摄影摄像",,"60530","0","ADX","16/4/2026 05:19:58"
"com.macrovideo.bjjl","com.macrovideo.bjjl","摄影摄像",,"7913","0","ADX","16/4/2026 05:19:58"
"com.macrovideo.bjjl","北境精灵","摄影摄像",,"176968","0","ADX","16/4/2026 05:19:58"
"com.macrovideo.bjjl","北境精灵iOS","摄影摄像",,"2","0","ADX","16/4/2026 05:19:58"
"com.macrovideo.bjjl","北境精靈","摄影摄像",,"865","0","ADX","16/4/2026 05:19:58"
"com.macrovideo.lws380","lws380",,,"5","0","ADX","16/4/2026 05:19:58"
"com.macrovideo.v380pro","V380 Pro","居家生活",,"814392","0","ADX","16/4/2026 05:19:58"
"com.macrovideo.v380pro","com.macrovideo.v380pro","居家生活",,"241","0","ADX","16/4/2026 05:19:58"
"com.magicball.grow","火球体育",,,"2692","0","ADX","16/4/2026 05:19:58"
"com.mahjong.king.games.onet","Mahjong Charm",,,"2319","0","ADX","16/4/2026 05:19:58"
"com.mahjong.king.games.onet","com.mahjong.king.games.onet",,,"216","0","ADX","16/4/2026 05:19:58"
"com.mahjong.king.games.onet","天天碰碰消-ios",,,"383","0","ADX","16/4/2026 05:19:58"
"com.mailiankeji.bittok","BitTek",,,"7","0","ADX","16/4/2026 05:19:58"
"com.maisidun.country","全国潮汐表",,,"12","0","ADX","16/4/2026 05:19:58"
"com.maiya.xiangyu","com.maiya.xiangyu","天气",,"176","0","ADX","16/4/2026 05:19:58"
"com.maiyawx.playlet","麦萌短剧",,,"1090","0","ADX","16/4/2026 05:19:58"
"com.make.sushi.order","com.make.sushi.order",,,"61","0","ADX","16/4/2026 05:19:58"
"com.makeover.sort.makeup","com.makeover.sort.makeup",,,"5349","0","ADX","16/4/2026 05:19:58"
"com.makeup.girls.salon","时尚化妆高手",,,"25","0","ADX","16/4/2026 05:19:58"
"com.mandian.mandianshenghuo","Mandian",,,"765","0","ADX","16/4/2026 05:19:58"
"com.mandian.mandianshenghuo","com.mandian.mandianshenghuo",,,"29960","0","ADX","16/4/2026 05:19:58"
"com.mandian.mandianshenghuo","动动",,,"164610","0","ADX","16/4/2026 05:19:58"
"com.mandian.mandianshenghuo","動動",,,"19460","0","ADX","16/4/2026 05:19:58"
"com.mango.hnxwlb","风芒",,,"106","0","ADX","16/4/2026 05:19:58"
"com.mangotalent.ympc","com.mangotalent.ympc",,,"4","0","ADX","16/4/2026 05:19:58"
"com.mangotalent.ympc","夺宝迎春",,,"15","0","ADX","16/4/2026 05:19:58"
"com.manmanyou.comic.bivvcc88.dahg73146.hdzxtnp01306.nezxws75.qkp558","香蕉漫画",,,"2","0","ADX","16/4/2026 05:19:58"
"com.maoying.timecamera","时间相机",,,"5","0","ADX","16/4/2026 05:19:58"
"com.market.chenxiang","com.market.chenxiang",,,"46","0","ADX","16/4/2026 05:19:58"
"com.market.chenxiang","应用中心",,,"1133","0","ADX","16/4/2026 05:19:58"
"com.market2345","2345手机助手",,,"271","0","ADX","16/4/2026 05:19:58"
"com.market2345","com.market2345",,,"54","0","ADX","16/4/2026 05:19:58"
"com.market2345","手机助手",,,"2435","0","ADX","16/4/2026 05:19:58"
"com.mating.jztq.l597ceb6918b74f07b594cbf70839797c","com.mating.jztq.l597ceb6918b74f07b594cbf70839797c",,,"3","0","ADX","16/4/2026 05:19:58"
"com.mating.jztq.u0e16f7f0da8c42ec9d7a28d02de07d26","com.mating.jztq.u0e16f7f0da8c42ec9d7a28d02de07d26",,,"2","0","ADX","16/4/2026 05:19:58"
"com.mating.sygj.dde250ee1fb854637815fe29074fb62c3","com.mating.sygj.dde250ee1fb854637815fe29074fb62c3",,,"2","0","ADX","16/4/2026 05:19:58"
"com.mating.sygj.pfad53bf0160141fb8f843f3f50d3849d","com.mating.sygj.pfad53bf0160141fb8f843f3f50d3849d",,,"6","0","ADX","16/4/2026 05:19:58"
"com.mating.sygj.y6301d5a09de847d5b17b49e883129414","com.mating.sygj.y6301d5a09de847d5b17b49e883129414",,,"3","0","ADX","16/4/2026 05:19:58"
"com.mating.sygj.zeebeec813a8947c7a9dc19a707ac9787","com.mating.sygj.zeebeec813a8947c7a9dc19a707ac9787",,,"2","0","ADX","16/4/2026 05:19:58"
"com.mdk.ear","com.mdk.ear",,,"33","0","ADX","16/4/2026 05:19:58"
"com.mdkj.lkshenghuo","com.mdkj.lkshenghuo","生活/工具",,"177","0","ADX","16/4/2026 05:19:58"
"com.mdkj.lkshenghuo","乐康生活","生活/工具",,"69702","0","ADX","16/4/2026 05:19:58"
"com.meigoo.cleaner","com.meigoo.cleaner",,,"120","0","ADX","16/4/2026 05:19:58"
"com.meigoo.cleaner","开薪清理大师",,,"12","0","ADX","16/4/2026 05:19:58"
"com.meishi.fxzh","com.meishi.fxzh",,,"34","0","ADX","16/4/2026 05:19:58"
"com.meishi.fxzh","淘金夺宝生活版",,,"1515","0","ADX","16/4/2026 05:19:58"
"com.mendon.riza","com.mendon.riza","摄影摄像",,"177","0","ADX","16/4/2026 05:19:58"
"com.mengjun.dannovel","com.mengjun.DanNovel",,,"2404286","0","ADX","16/4/2026 05:19:58"
"com.mengzhihui.home","萌知汇-OPPO",,,"2098","0","ADX","16/4/2026 05:19:58"
"com.mfcloudcalculate.networkdisk","123云盘","效率办公",,"105470","0","ADX","16/4/2026 05:19:58"
"com.mfcloudcalculate.networkdisk","com.mfcloudcalculate.networkdisk","效率办公",,"726","0","ADX","16/4/2026 05:19:58"
"com.mg.mmk","com.mg.mmk",,,"3","0","ADX","16/4/2026 05:19:58"
"com.mg.mmk","米米库",,,"2216","0","ADX","16/4/2026 05:19:58"
"com.mg.mmkspeed","米米库极速版","返利",,"248","0","ADX","16/4/2026 05:19:58"
"com.miaoban.xxmb","喵伴",,,"3908","0","ADX","16/4/2026 05:19:58"
"com.miaokai.app","秒开盲盒",,,"177","0","ADX","16/4/2026 05:19:58"
"com.miaozhua.adreader","com.miaozhua.adreader",,,"96","0","ADX","16/4/2026 05:19:58"
"com.miaozhua.adreader","喵爪小说",,,"6584","0","ADX","16/4/2026 05:19:58"
"com.michong.video","com.michong.video",,,"33","0","ADX","16/4/2026 05:19:58"
"com.microphone.bbmic.lite","麦克风扩音器",,,"10","0","ADX","16/4/2026 05:19:58"
"com.midas.gkld","com.midas.gkld",,,"84291","0","ADX","16/4/2026 05:19:58"
"com.midas.gkld","公考雷达",,,"976477","0","ADX","16/4/2026 05:19:58"
"com.midas.gkld","公考雷达-ios",,,"246","0","ADX","16/4/2026 05:19:58"
"com.midouyou.ddrj.apk.huawei","蛋蛋日记",,,"27","0","ADX","16/4/2026 05:19:58"
"com.mike.audiotranslate","com.mike.audiotranslate",,,"31603","0","ADX","16/4/2026 05:19:58"
"com.mike.compress2","图片压缩大师",,,"883","0","ADX","16/4/2026 05:19:58"
"com.mike.livebizhi","动态壁纸",,,"750","0","ADX","16/4/2026 05:19:58"
"com.miku.tool","com.miku.tool","视频影视",,"215","0","ADX","16/4/2026 05:19:58"
"com.miku.tool","米库工具箱","视频影视",,"25615","0","ADX","16/4/2026 05:19:58"
"com.mini.farm.little","com.mini.farm.little",,,"200","0","ADX","16/4/2026 05:19:58"
"com.mini.jzlz","迷你剧栈",,,"833","0","ADX","16/4/2026 05:19:58"
"com.minitech.miniworld.tmobile.lenovo","迷你世界",,,"936","0","ADX","16/4/2026 05:19:58"
"com.mitu.bhtm","觅图壁画",,,"461","0","ADX","16/4/2026 05:19:58"
"com.miyu.dk","com.miyu.dk",,,"1771","0","ADX","16/4/2026 05:19:58"
"com.miyu.dk","觅语典库",,,"91709","0","ADX","16/4/2026 05:19:58"
"com.mjbrother.mutil","com.mjbrother.mutil",,,"11","0","ADX","16/4/2026 05:19:58"
"com.mjbrother.mutil","悟空分身",,,"77","0","ADX","16/4/2026 05:19:58"
"com.mjh.shunli","com.mjh.shunli",,,"168","0","ADX","16/4/2026 05:19:58"
"com.mjh.shunli","老黃曆萬年曆順曆",,,"494","0","ADX","16/4/2026 05:19:58"
"com.mjh.shunli","老黄历万年历顺历",,,"2304","0","ADX","16/4/2026 05:19:58"
"com.mjh.shunli","顺历-日历万年历黄历天气工具小组件",,,"214","0","ADX","16/4/2026 05:19:58"
"com.mjy.agriculture.midm","MIDM",,,"120","0","ADX","16/4/2026 05:19:58"
"com.ml.airlook","AIR-Look",,,"21264","0","ADX","16/4/2026 05:19:58"
"com.ml.airlook","AIR-Look（iOS）",,,"188","0","ADX","16/4/2026 05:19:58"
"com.ml.airlook","com.ml.airlook",,,"19744","0","ADX","16/4/2026 05:19:58"
"com.mobile.huyu","快快赚青春版","社交通讯",,"138","0","ADX","16/4/2026 05:19:58"
"com.mobile.myeye","XMEye","实用工具",,"43365","0","ADX","16/4/2026 05:19:58"
"com.mobile.myeye","com.mobile.myeye","实用工具",,"795","0","ADX","16/4/2026 05:19:58"
"com.mobile.myeye.pro","XMEye Pro-安卓","实用工具",,"15294","0","ADX","16/4/2026 05:19:58"
"com.mobile.myeye.pro","com.mobile.myeye.pro","实用工具",,"129","0","ADX","16/4/2026 05:19:58"
"com.mobile.myeye.pro","监控眼Pro","实用工具",,"13983","0","ADX","16/4/2026 05:19:58"
"com.mobvoi.moqi","com.mobvoi.moqi","其他|AI音频处理",,"5","0","ADX","16/4/2026 05:19:58"
"com.mobvoi.moqi","魔音工坊","其他|AI音频处理",,"7118","0","ADX","16/4/2026 05:19:58"
"com.modn.gametgzs.ggsp","com.modn.gametgzs.ggsp","影音播放/影视追剧",,"16","0","ADX","16/4/2026 05:19:58"
"com.modn.gametgzs.ggsp","呱呱视频","影音播放/影视追剧",,"4315","0","ADX","16/4/2026 05:19:58"
"com.mofsaas.www","com.mofsaas.www","商家工具",,"2525","0","ADX","16/4/2026 05:19:58"
"com.mosesakya.novel","com.mosesakya.novel","阅读工具",,"3005","0","ADX","16/4/2026 05:19:58"
"com.mosesakya.novel","墨语阅读","阅读工具",,"51772","0","ADX","16/4/2026 05:19:58"
"com.mostone.life0627","com.mostone.life0627",,,"308","0","ADX","16/4/2026 05:19:58"
"com.mov.taskahead","com.mov.taskahead",,,"27","0","ADX","16/4/2026 05:19:58"
"com.mqyc.kuaixiao","快晓",,,"4","0","ADX","16/4/2026 05:19:58"
"com.msgsender.io.kxjy","com.MsgSender.io.kxjy",,,"13","0","ADX","16/4/2026 05:19:58"
"com.multiple.shop","买乐多",,,"89217","0","ADX","16/4/2026 05:19:58"
"com.muranaka.calendartoprint","com.muranaka.CalendarToPrint",,,"149","0","ADX","16/4/2026 05:19:58"
"com.mvtrail.notepad.cn","便签记事",,,"539","0","ADX","16/4/2026 05:19:58"
"com.mxchip.petmarvel","com.mxchip.petmarvel",,,"314","0","ADX","16/4/2026 05:19:58"
"com.mxdzz.ios","冒险大作战",,,"237","0","ADX","16/4/2026 05:19:58"
"com.mxtech.videoplayer.ad","com.mxtech.videoplayer.ad",,,"4","0","ADX","16/4/2026 05:19:58"
"com.my.app.tts","栀子夺宝",,,"46","0","ADX","16/4/2026 05:19:58"
"com.mycam.cam","Mycam",,,"247","0","ADX","16/4/2026 05:19:58"
"com.mycam.cam","com.mycam.cam",,,"8","0","ADX","16/4/2026 05:19:58"
"com.myl.manyinli","com.myl.manyinli","小说漫画",,"642","0","ADX","16/4/2026 05:19:58"
"com.naver.linewebtoon.cn","com.naver.linewebtoon.cn",,,"45514","0","ADX","16/4/2026 05:19:58"
"com.navigation_project","com.navigation_project",,,"44","0","ADX","16/4/2026 05:19:58"
"com.naxclow.v720","com.naxclow.v720",,,"262","0","ADX","16/4/2026 05:19:58"
"com.naxclow.v720","钱柜",,,"25","0","ADX","16/4/2026 05:19:58"
"com.nbqtx.cfafs","com.nbqtx.cfafs",,,"23","0","ADX","16/4/2026 05:19:58"
"com.nbqtx.cfafs","全民大乐",,,"1005","0","ADX","16/4/2026 05:19:58"
"com.nd.pptshell","101教育PPT -安卓",,,"97","0","ADX","16/4/2026 05:19:58"
"com.nd.pptshell","com.nd.pptshell",,,"4","0","ADX","16/4/2026 05:19:58"
"com.neihuangyuyilong.laojiayinxiang","老家印象",,,"11","0","ADX","16/4/2026 05:19:58"
"com.netease.avg.vivo","com.netease.avg.vivo",,,"65","0","ADX","16/4/2026 05:19:58"
"com.netease.avg.vivo","易次元",,,"96683","0","ADX","16/4/2026 05:19:58"
"com.netease.lofter","","社交/社区",,"184093","0","ADX","16/4/2026 05:19:58"
"com.netease.lofter","LOFTER","社交/社区",,"8511857","0","ADX","16/4/2026 05:19:58"
"com.netease.lofter","LOFTER-IOS","社交/社区",,"617","0","ADX","16/4/2026 05:19:58"
"com.netease.lofter","com.netease.lofter","社交/社区",,"97802","0","ADX","16/4/2026 05:19:58"
"com.netease.lofter","易次元","社交/社区",,"52506","0","ADX","16/4/2026 05:19:58"
"com.netease.lofter","网易LOFTER","社交/社区",,"1862","0","ADX","16/4/2026 05:19:58"
"com.netease.newsreader.activity","网易新闻",,,"7232","0","ADX","16/4/2026 05:19:58"
"com.newblue.calendar","com.newblue.calendar",,,"211","0","ADX","16/4/2026 05:19:58"
"com.newdim.kantu3d","3D看图王",,,"2366","0","ADX","16/4/2026 05:19:58"
"com.newskyer.draw","com.newskyer.draw",,,"34","0","ADX","16/4/2026 05:19:58"
"com.newskyer.draw","touchnotes",,,"3","0","ADX","16/4/2026 05:19:58"
"com.newskyer.draw","享做笔记",,,"176","0","ADX","16/4/2026 05:19:58"
"com.newstar.zybbname","宝宝生辰起名取名",,,"34","0","ADX","16/4/2026 05:19:58"
"com.neye3c.neye3c","Neye3C",,,"9238","0","ADX","16/4/2026 05:19:58"
"com.neye3c.neye3c","Neye3c",,,"2627","0","ADX","16/4/2026 05:19:58"
"com.neye3c.neye3c","com.Neye3C.Neye3C",,,"747","0","ADX","16/4/2026 05:19:58"
"com.nineteenlou.nineteenlou","19楼",,,"112","0","ADX","16/4/2026 05:19:58"
"com.ningm.viviplay","汇星短视频",,,"1110","0","ADX","16/4/2026 05:19:58"
"com.ninthgame.ilines","com.ninthgame.iLines",,,"162","0","ADX","16/4/2026 05:19:58"
"com.njh.biubiu.en","","游戏工具",,"12374","0","ADX","16/4/2026 05:19:58"
"com.njh.biubiu.en","biubiu 加速器","游戏工具",,"26","0","ADX","16/4/2026 05:19:58"
"com.njh.biubiu.en","biubiu加速器","游戏工具",,"345318","0","ADX","16/4/2026 05:19:58"
"com.njh.biubiu.en","biubiu加速器-海外","游戏工具",,"1482","0","ADX","16/4/2026 05:19:58"
"com.njh.biubiu.en","com.njh.biubiu.en","游戏工具",,"77679","0","ADX","16/4/2026 05:19:58"
"com.njmetro.njb","与宁同行",,,"40","0","ADX","16/4/2026 05:19:58"
"com.nowcasting.activity","ColorfulClouds",,,"51","0","ADX","16/4/2026 05:19:58"
"com.nowcasting.activity","com.nowcasting.activity",,,"471","0","ADX","16/4/2026 05:19:58"
"com.nowcasting.activity","彩云天气",,,"143175","0","ADX","16/4/2026 05:19:58"
"com.nowcasting.activity","彩雲天氣",,,"156","0","ADX","16/4/2026 05:19:58"
"com.nowscore","com.nowscore",,,"564","0","ADX","16/4/2026 05:19:58"
"com.nowscore","捷报比分",,,"83517","0","ADX","16/4/2026 05:19:58"
"com.nowscore","捷报比分-足球比分直播预测分析",,,"195","0","ADX","16/4/2026 05:19:58"
"com.nowscore","捷报足球比分",,,"31","0","ADX","16/4/2026 05:19:58"
"com.okooo.tiyu20","澳客体育2020",,,"1299","0","ADX","16/4/2026 05:19:58"
"com.oray.sunlogin.controlclient","com.oray.sunlogin.controlclient","系统工具",,"16468","0","ADX","16/4/2026 05:19:58"
"com.oray.sunlogin.controlclient","向日葵远程控制","系统工具",,"102598","0","ADX","16/4/2026 05:19:58"
"com.oupeng.mini.android","com.oupeng.mini.android","实用工具",,"122","0","ADX","16/4/2026 05:19:58"
"com.oupeng.mini.android","欧朋浏览器","实用工具",,"8344","0","ADX","16/4/2026 05:19:58"
"com.pandabus.android.panjin","com.pandabus.android.panjin",,,"2","0","ADX","16/4/2026 05:19:58"
"com.pandabus.android.panjin","盘锦出行",,,"76","0","ADX","16/4/2026 05:19:58"
"com.parallel.odyssey","com.parallel.odyssey","娱乐消遣",,"669","0","ADX","16/4/2026 05:19:58"
"com.parallel.odyssey","猫箱","娱乐消遣",,"251278","0","ADX","16/4/2026 05:19:58"
"com.parking.car.corwd","Car Out",,,"16","0","ADX","16/4/2026 05:19:58"
"com.pcn.xinshijie","com.pcn.xinshijie",,,"134","0","ADX","16/4/2026 05:19:58"
"com.pengda.mobile.hhjz","com.pengda.mobile.hhjz",,,"8","0","ADX","16/4/2026 05:19:58"
"com.pengda.mobile.hhjz","叨叨",,,"1866","0","ADX","16/4/2026 05:19:58"
"com.pengxin.banyunbangwork","com.pengxin.banyunbangWork",,,"170","0","ADX","16/4/2026 05:19:58"
"com.peptid.ebond","com.peptid.ebond",,,"1867","0","ADX","16/4/2026 05:19:58"
"com.peptid.ebond","易淘生活-250820",,,"56","0","ADX","16/4/2026 05:19:58"
"com.pfcg.spc","平凡钢材计算器",,,"4398","0","ADX","16/4/2026 05:19:58"
"com.picooc","picooc",,,"11","0","ADX","16/4/2026 05:19:58"
"com.picooc.picooc","picooc",,,"86","0","ADX","16/4/2026 05:19:58"
"com.pingdiguo.squaredraw","像素绘图",,,"13","0","ADX","16/4/2026 05:19:58"
"com.pingpong.battle.games","com.pingpong.battle.games",,,"217","0","ADX","16/4/2026 05:19:58"
"com.pingpong.battle.games","双人游戏",,,"414","0","ADX","16/4/2026 05:19:58"
"com.pinguo.edit.sdk","MIX","摄影摄像",,"25","0","ADX","16/4/2026 05:19:58"
"com.pinguo.edit.sdk","MIX滤镜大师","摄影摄像",,"14053","0","ADX","16/4/2026 05:19:58"
"com.pinguo.edit.sdk","MIX濾鏡大師","摄影摄像",,"38","0","ADX","16/4/2026 05:19:58"
"com.pinguo.edit.sdk","com.pinguo.edit.sdk","摄影摄像",,"93","0","ADX","16/4/2026 05:19:58"
"com.plm.qmsq","全民数据",,,"2912","0","ADX","16/4/2026 05:19:58"
"com.pnd2019.xiaodinganfang","com.pnd2019.xiaodinganfang",,,"13624","0","ADX","16/4/2026 05:19:58"
"com.pnd2019.xiaodinganfang","智慧安防",,,"392","0","ADX","16/4/2026 05:19:58"
"com.pnd2019.xiaodinganfang","智慧安防+",,,"4098","0","ADX","16/4/2026 05:19:58"
"com.poco.beautycamera","com.poco.beautyCamera",,,"12","0","ADX","16/4/2026 05:19:58"
"com.poco.beautycamera","美人相机",,,"4810","0","ADX","16/4/2026 05:19:58"
"com.polediot.longsp","com.polediot.longsp",,,"6","0","ADX","16/4/2026 05:19:58"
"com.polediot.longsp","极点视频",,,"5924","0","ADX","16/4/2026 05:19:58"
"com.pqcqj.nluyd.koda","星空之约",,,"78","0","ADX","16/4/2026 05:19:58"
"com.prize.news","返利快车",,,"121","0","ADX","16/4/2026 05:19:58"
"com.project.lzmh","com.project.LZMH",,,"58235","0","ADX","16/4/2026 05:19:58"
"com.project.lzmh","联掌门户",,,"22322","0","ADX","16/4/2026 05:19:58"
"com.prompt.lines","提词器大师",,,"10207","0","ADX","16/4/2026 05:19:58"
"com.puye.zhitiao","",,,"18","0","ADX","16/4/2026 05:19:58"
"com.puye.zhitiao","com.puye.zhitiao",,,"22","0","ADX","16/4/2026 05:19:58"
"com.puye.zhitiao","校园纸条",,,"3549","0","ADX","16/4/2026 05:19:58"
"com.puzzle.island.together.cn","com.puzzle.island.together.cn",,,"19","0","ADX","16/4/2026 05:19:58"
"com.pxyhc.racksortu","排序与合成",,,"16","0","ADX","16/4/2026 05:19:58"
"com.pzkm.rtdu","哇区",,,"28","0","ADX","16/4/2026 05:19:58"
"com.qianbao.xr.ma","52-优米短剧qianbao",,,"21","0","ADX","16/4/2026 05:19:58"
"com.qianbao.xr.ma","com.qianbao.xr.ma",,,"962","0","ADX","16/4/2026 05:19:58"
"com.qianguo.xr","com.qianguo.xr","购物/直播/XR",,"383","0","ADX","16/4/2026 05:19:58"
"com.qianguo.xr","红包短剧","购物/直播/XR",,"64","0","ADX","16/4/2026 05:19:58"
"com.qianshun.btsc","com.qianshun.btsc",,,"376","0","ADX","16/4/2026 05:19:58"
"com.qianshun.btsc","摆摊神车",,,"15204","0","ADX","16/4/2026 05:19:58"
"com.qianshun.game","com.qianshun.game","游戏聚合",,"126","0","ADX","16/4/2026 05:19:58"
"com.qianshun.game","趣游盒","游戏聚合",,"44074","0","ADX","16/4/2026 05:19:58"
"com.qianshun.llksgbt","com.qianshun.llksgbt",,,"96","0","ADX","16/4/2026 05:19:58"
"com.qianshun.llksgbt","水果连连看",,,"4077","0","ADX","16/4/2026 05:19:58"
"com.qianshun.llksgbt","连连看水果吧台",,,"530","0","ADX","16/4/2026 05:19:58"
"com.qianshun.mzxsyj","com.qianshun.mzxsyj",,,"98","0","ADX","16/4/2026 05:19:58"
"com.qianshun.mzxsyj","帽子先生梦游记",,,"12360","0","ADX","16/4/2026 05:19:58"
"com.qianwan.fullest.xr","com.qianwan.fullest.xr",,,"163","0","ADX","16/4/2026 05:19:58"
"com.qianwan.fullest.xr","仟玩畅玩版",,,"429","0","ADX","16/4/2026 05:19:58"
"com.qianwentianqi.app","com.qianwentianqi.app",,,"111","0","ADX","16/4/2026 05:19:58"
"com.qianxun.tqqy","千寻天气",,,"93","0","ADX","16/4/2026 05:19:58"
"com.qianxyun.mibei","买呗",,,"2622","0","ADX","16/4/2026 05:19:58"
"com.qicheng.chengshibkg","com.qicheng.chengshibkg",,,"130","0","ADX","16/4/2026 05:19:58"
"com.qicheng.chengshibkg","诚识百科阁",,,"3543","0","ADX","16/4/2026 05:19:58"
"com.qiekj.user","Penguin Life","学习教育",,"1082","0","ADX","16/4/2026 05:19:58"
"com.qiekj.user","com.qiekj.user","学习教育",,"262","0","ADX","16/4/2026 05:19:58"
"com.qiekj.user","胖乖生活","学习教育",,"339290","0","ADX","16/4/2026 05:19:58"
"com.qihoo.camera","360 Camera","居家生活",,"12","0","ADX","16/4/2026 05:19:58"
"com.qihoo.camera","360摄像机","居家生活",,"274178","0","ADX","16/4/2026 05:19:58"
"com.qihoo.camera","360攝像機","居家生活",,"3","0","ADX","16/4/2026 05:19:58"
"com.qihoo.camera","360智能摄像机","居家生活",,"33970","0","ADX","16/4/2026 05:19:58"
"com.qihoo.camera","360智能摄像机软件-Android","居家生活",,"39","0","ADX","16/4/2026 05:19:58"
"com.qihoo.camera","com.qihoo.camera","居家生活",,"1354","0","ADX","16/4/2026 05:19:58"
"com.qihoo.smart","360智慧生活","居家生活",,"243515","0","ADX","16/4/2026 05:19:58"
"com.qihoo.smart","360智慧生活-Android","居家生活",,"64","0","ADX","16/4/2026 05:19:58"
"com.qihoo.smart","com.qihoo.smart","居家生活",,"382","0","ADX","16/4/2026 05:19:58"
"com.qihoo360.antilostwatch","360儿童卫士","学习教育",,"11740","0","ADX","16/4/2026 05:19:58"
"com.qihoo360.antilostwatch","com.qihoo360.antilostwatch","学习教育",,"65","0","ADX","16/4/2026 05:19:58"
"com.qiliang.home","旗谅阁-OPPO",,,"17682","0","ADX","16/4/2026 05:19:58"
"com.qingcheng.reader","com.qingcheng.reader","其他",,"38","0","ADX","16/4/2026 05:19:58"
"com.qingcheng.reader","青橙小说","其他",,"1285","0","ADX","16/4/2026 05:19:58"
"com.qingdou.android","com.qingdou.android",,,"444","0","ADX","16/4/2026 05:19:58"
"com.qingdou.android","轻抖",,,"26379","0","ADX","16/4/2026 05:19:58"
"com.qinghe.jizh","青禾账",,,"30287","0","ADX","16/4/2026 05:19:58"
"com.qingman.she","青漫社",,,"89970","0","ADX","16/4/2026 05:19:58"
"com.qingshisqp.qseyyuu","com.qingshisqp.qseyyuu",,,"71","0","ADX","16/4/2026 05:19:58"
"com.qingzhou.sportpro","com.qingzhou.sportpro",,,"2047","0","ADX","16/4/2026 05:19:58"
"com.qingzhou.sportpro","运动高手秀iOS",,,"126","0","ADX","16/4/2026 05:19:58"
"com.qishu.hui","启书汇",,,"109699","0","ADX","16/4/2026 05:19:58"
"com.qix.quh","气象趣盒",,,"877","0","ADX","16/4/2026 05:19:58"
"com.qixing.xiaoxiangyuntq","com.qixing.xiaoxiangyuntq",,,"6832","0","ADX","16/4/2026 05:19:58"
"com.qixing.xiaoxiangyuntq","潇湘云天气",,,"8326","0","ADX","16/4/2026 05:19:58"
"com.qnkhff","兼客兼职",,,"6","0","ADX","16/4/2026 05:19:58"
"com.qqt.erjian","建造师题库",,,"214","0","ADX","16/4/2026 05:19:58"
"com.qting.qttour","com.Qting.QTTour",,,"4870","0","ADX","16/4/2026 05:19:58"
"com.qting.qttour","蜻蜓fm",,,"68274","0","ADX","16/4/2026 05:19:58"
"com.qtx.qtxty","球天下","体育运动",,"526","0","ADX","16/4/2026 05:19:58"
"com.qtx.qtxty","球天下体育","体育运动",,"41258","0","ADX","16/4/2026 05:19:58"
"com.quanleimu.activity","com.quanleimu.activity",,,"113","0","ADX","16/4/2026 05:19:58"
"com.quanqu.duo","券趣多",,,"7303","0","ADX","16/4/2026 05:19:58"
"com.quedaxia.app","雀大侠",,,"28","0","ADX","16/4/2026 05:19:58"
"com.qulian.gimobilegameaccelerator","GI手游加速器-ios",,,"26","0","ADX","16/4/2026 05:19:58"
"com.qw.goldminer","com.qw.goldminer",,,"6","0","ADX","16/4/2026 05:19:58"
"com.qwtq.ychxg","恙戍好习惯",,,"57241","0","ADX","16/4/2026 05:19:58"
"com.qyer.android.jinnang","穷游",,,"21869","0","ADX","16/4/2026 05:19:58"
"com.qyyw.cm.dxzh","com.qyyw.cm.dxzh",,,"15","0","ADX","16/4/2026 05:19:58"
"com.qyyw.cm.dxzh","xyz",,,"3704","0","ADX","16/4/2026 05:19:58"
"com.rack.clear.link","com.rack.clear.link",,,"7025","0","ADX","16/4/2026 05:19:58"
"com.rack.clear.link","同色连线消",,,"19244","0","ADX","16/4/2026 05:19:58"
"com.rack.clear.link","整理师的任务",,,"23067","0","ADX","16/4/2026 05:19:58"
"com.rack.clear.link","货柜收纳达人",,,"115","0","ADX","16/4/2026 05:19:58"
"com.rainbow.plusone","com.rainbow.PlusOne",,,"2842","0","ADX","16/4/2026 05:19:58"
"com.rayclear.yszb","com.rayclear.yszb",,,"54","0","ADX","16/4/2026 05:19:58"
"com.rayclear.yszb","人人讲",,,"1679","0","ADX","16/4/2026 05:19:58"
"com.rbzvp.vkomq","com.rbzvp.vkomq",,,"24","0","ADX","16/4/2026 05:19:58"
"com.rbzvp.vkomq","果冻跳跃",,,"554","0","ADX","16/4/2026 05:19:58"
"com.rbzvp.vkomq.koda","com.rbzvp.vkomq.koda",,,"41","0","ADX","16/4/2026 05:19:58"
"com.rbzvp.vkomq.koda","果冻跳跃",,,"732","0","ADX","16/4/2026 05:19:58"
"com.reader.yueshu","com.reader.yueshu",,,"64","0","ADX","16/4/2026 05:19:58"
"com.reader.yueshu","月鼠小说",,,"1904","0","ADX","16/4/2026 05:19:58"
"com.realtech.xiaocan","com.realtech.xiaocan","居家生活",,"618944","0","ADX","16/4/2026 05:19:58"
"com.realtech.xiaocan","小蚕惠生活","居家生活",,"384411","0","ADX","16/4/2026 05:19:58"
"com.realtech.xiaocan","小蚕惠生活iOS","居家生活",,"1690","0","ADX","16/4/2026 05:19:58"
"com.realtech.xiaocan","小蚕霸王餐","居家生活",,"347039","0","ADX","16/4/2026 05:19:58"
"com.rela","The L（热拉）-iOS",,,"68","0","ADX","16/4/2026 05:19:58"
"com.rela","com.rela",,,"270730","0","ADX","16/4/2026 05:19:58"
"com.rela","rela-iOS",,,"247","0","ADX","16/4/2026 05:19:58"
"com.rela","the L",,,"70239","0","ADX","16/4/2026 05:19:58"
"com.relationship.fly","",,,"60","0","ADX","16/4/2026 05:19:58"
"com.relative.bingdong","com.relative.bingdong",,,"987","0","ADX","16/4/2026 05:19:58"
"com.renyun.wifikc","面对面快传",,,"2577","0","ADX","16/4/2026 05:19:58"
"com.rewa.kfas","com.rewa.kfas",,,"8","0","ADX","16/4/2026 05:19:58"
"com.risingcabbage.cartoon","com.risingcabbage.cartoon",,,"61944","0","ADX","16/4/2026 05:19:58"
"com.rkj.dzwl","com.rkj.dzwl",,,"102","0","ADX","16/4/2026 05:19:58"
"com.rn.pofi","Pofi无限人偶","图形绘制",,"255","0","ADX","16/4/2026 05:19:58"
"com.robert.note","com.robert.note",,,"29069","0","ADX","16/4/2026 05:19:58"
"com.robert.note","体重小本",,,"413","0","ADX","16/4/2026 05:19:58"
"com.room.sort.cleantidy","com.room.sort.cleantidy",,,"22","0","ADX","16/4/2026 05:19:58"
"com.routon.edurelease","别致智慧校园",,,"398","0","ADX","16/4/2026 05:19:58"
"com.rskj.enjoyulife","搜享生活",,,"2641","0","ADX","16/4/2026 05:19:58"
"com.rskj.exquisite","com.rskj.exquisite",,,"884","0","ADX","16/4/2026 05:19:58"
"com.rskj.exquisite","玲珑易用",,,"5289","0","ADX","16/4/2026 05:19:58"
"com.rskj.flycat","飞猫智囊团",,,"4018","0","ADX","16/4/2026 05:19:58"
"com.ruubypay.yitongxing","com.ruubypay.yitongxing","金融支付",,"13861","0","ADX","16/4/2026 05:19:58"
"com.rvnb.rtdm","com.rvnb.rtdm",,,"116","0","ADX","16/4/2026 05:19:58"
"com.rvnb.rtdm","哇区",,,"19318","0","ADX","16/4/2026 05:19:58"
"com.ry.qlqlw","com.ry.qlqlw",,,"48","0","ADX","16/4/2026 05:19:58"
"com.safeluck.life","com.safeluck.life","学习教育",,"20","0","ADX","16/4/2026 05:19:58"
"com.safeluck.life","安安车生活","学习教育",,"9796","0","ADX","16/4/2026 05:19:58"
"com.sampo.sampoichanowatch","com.sampo.sampoichanowatch",,,"798","0","ADX","16/4/2026 05:19:58"
"com.sampo.sampoichanowatch","智慧監控",,,"3325","0","ADX","16/4/2026 05:19:58"
"com.sand.games.sort.puzzle","颜色拼接",,,"29","0","ADX","16/4/2026 05:19:58"
"com.sankuai.meituan","com.sankuai.meituan",,,"58561","0","ADX","16/4/2026 05:19:58"
"com.sankuai.meituan","美团",,,"852658","0","ADX","16/4/2026 05:19:58"
"com.sannr.huayu","com.sannr.huayu",,,"6","0","ADX","16/4/2026 05:19:58"
"com.sannr.huayu","花鱼",,,"475","0","ADX","16/4/2026 05:19:58"
"com.sar.yunkuaichong","com.sar.yunkuaichong",,,"40","0","ADX","16/4/2026 05:19:58"
"com.sbj.fenshitiyu","分势体育",,,"3164","0","ADX","16/4/2026 05:19:58"
"com.scaf.android.client","Sciener","实用工具",,"12","0","ADX","16/4/2026 05:19:58"
"com.scaf.android.client","com.scaf.android.client","实用工具",,"84","0","ADX","16/4/2026 05:19:58"
"com.scaf.android.client","科技侠","实用工具",,"498","0","ADX","16/4/2026 05:19:58"
"com.scaf.android.client","科技侠智能锁","实用工具",,"13816","0","ADX","16/4/2026 05:19:58"
"com.screw.jam.away","com.screw.jam.away",,,"14","0","ADX","16/4/2026 05:19:58"
"com.screw.jam.away","层叠达人",,,"221","0","ADX","16/4/2026 05:19:58"
"com.screw.jam.away","疯狂钉子",,,"32","0","ADX","16/4/2026 05:19:58"
"com.sddd.manke","com.sddd.manke","时尚购物",,"5","0","ADX","16/4/2026 05:19:58"
"com.sddd.manke","漫蝌网","时尚购物",,"356","0","ADX","16/4/2026 05:19:58"
"com.sdhsie.westeros.weirwood","com.sdhsie.westeros.weirwood",,,"7","0","ADX","16/4/2026 05:19:58"
"com.sdhsie.westeros.weirwood","e高速",,,"10539","0","ADX","16/4/2026 05:19:58"
"com.sdjk.jdb","com.sdjk.jdb","学习教育",,"259","0","ADX","16/4/2026 05:19:58"
"com.sdjk.jdb","驾多宝","学习教育",,"9978","0","ADX","16/4/2026 05:19:58"
"com.sdjy.jyreset","com.sdjy.jyreset",,,"121","0","ADX","16/4/2026 05:19:58"
"com.sdjy.jyreset","尤鱼",,,"5497","0","ADX","16/4/2026 05:19:58"
"com.sdjy.jyreset","鲸鱼Plus",,,"9654","0","ADX","16/4/2026 05:19:58"
"com.sdjy.ydd","com.sdjy.ydd",,,"5","0","ADX","16/4/2026 05:19:58"
"com.sdjy.ydd","换换",,,"3880","0","ADX","16/4/2026 05:19:58"
"com.sdjy.ydd","易多多",,,"2395","0","ADX","16/4/2026 05:19:58"
"com.sea.memo","com.sea.memo",,,"269","0","ADX","16/4/2026 05:19:58"
"com.seat.sort.puzzle","com.seat.sort.puzzle",,,"61","0","ADX","16/4/2026 05:19:58"
"com.seblong.app.idream","com.seblong.app.IDream",,,"4578","0","ADX","16/4/2026 05:19:58"
"com.seblong.app.idream","蜗牛睡眠",,,"24785","0","ADX","16/4/2026 05:19:58"
"com.seblong.idream","com.seblong.idream","医疗健康",,"48","0","ADX","16/4/2026 05:19:58"
"com.seblong.idream","蜗牛睡眠","医疗健康",,"7198","0","ADX","16/4/2026 05:19:58"
"com.seek.ioscctsqiu","com.seek.ioscctsqiu",,,"4","0","ADX","16/4/2026 05:19:58"
"com.seek.ioscctsqiu","弹来弹去",,,"125","0","ADX","16/4/2026 05:19:58"
"com.seek.ioscctsqiu","弹球弹不停",,,"36","0","ADX","16/4/2026 05:19:58"
"com.senqi.quickapp","森启",,,"3133","0","ADX","16/4/2026 05:19:58"
"com.senyu.gyff","森语果园",,,"8426","0","ADX","16/4/2026 05:19:58"
"com.seren.adeur","com.seren.adeur",,,"1774","0","ADX","16/4/2026 05:19:58"
"com.seren.adeur","绘画大作战5",,,"9271","0","ADX","16/4/2026 05:19:58"
"com.seven.two.zero.yun","720云",,,"29","0","ADX","16/4/2026 05:19:58"
"com.sevenmin.app","助推",,,"1335","0","ADX","16/4/2026 05:19:58"
"com.sgewen.technology","文思阁",,,"6","0","ADX","16/4/2026 05:19:58"
"com.shachang.rende","com.shachang.rende",,,"1860","0","ADX","16/4/2026 05:19:58"
"com.shachang.rende","易淘生活-241209",,,"270","0","ADX","16/4/2026 05:19:58"
"com.shachang.video","com.shachang.video","影音播放",,"5017","0","ADX","16/4/2026 05:19:58"
"com.shachang.video","易省多多-241210","影音播放",,"143","0","ADX","16/4/2026 05:19:58"
"com.shake.ddbz","com.shake.ddbz",,,"4247","0","ADX","16/4/2026 05:19:58"
"com.shangdian.zjsddr","闪电答人",,,"12458","0","ADX","16/4/2026 05:19:58"
"com.shanjuhe.home","闪剧盒-小米",,,"11488","0","ADX","16/4/2026 05:19:58"
"com.shemen365.shemen","V站","体育运动",,"10097","0","ADX","16/4/2026 05:19:58"
"com.shemen365.shemen","com.shemen365.shemen","体育运动",,"779","0","ADX","16/4/2026 05:19:58"
"com.shfy.voice","和平游戏变声器","AI音频处理|变声器",,"19006","0","ADX","16/4/2026 05:19:58"
"com.shibei.adreader","com.shibei.adreader",,,"3","0","ADX","16/4/2026 05:19:58"
"com.shibei.adreader","拾贝免费小说",,,"12346","0","ADX","16/4/2026 05:19:58"
"com.shibei.adreader","拾贝小说",,,"8344","0","ADX","16/4/2026 05:19:58"
"com.shiciwk.ai","com.shiciwk.ai",,,"6","0","ADX","16/4/2026 05:19:58"
"com.shiguangjiyuan.app","临界者",,,"472","0","ADX","16/4/2026 05:19:58"
"com.shilin.app","com.shilin.app",,,"213","0","ADX","16/4/2026 05:19:58"
"com.shilin.app","智慧房东-让租赁更智能化",,,"517","0","ADX","16/4/2026 05:19:58"
"com.shing.ioszbt","找不同",,,"87","0","ADX","16/4/2026 05:19:58"
"com.shipin.app","剂安安",,,"121","0","ADX","16/4/2026 05:19:58"
"com.shishanglu.home","食尚录-VIVO",,,"28054","0","ADX","16/4/2026 05:19:58"
"com.shiyiwp.wpgj","com.shiyiWP.WPGJ",,,"4464","0","ADX","16/4/2026 05:19:58"
"com.shiyiwp.wpgj","旺铺管家",,,"8142","0","ADX","16/4/2026 05:19:58"
"com.shizi.tool","com.shizi.tool",,,"393","0","ADX","16/4/2026 05:19:58"
"com.shizi.tool","十字工具箱",,,"266088","0","ADX","16/4/2026 05:19:58"
"com.shizi.tool.p3","com.shizi.tool.p3",,,"445","0","ADX","16/4/2026 05:19:58"
"com.shoot.region.break","com.shoot.region.break",,,"2","0","ADX","16/4/2026 05:19:58"
"com.shoujidesk","com.shoujidesk",,,"29912","0","ADX","16/4/2026 05:19:58"
"com.shsdjiankang.app","互易通",,,"994","0","ADX","16/4/2026 05:19:58"
"com.shsdjiankang.app","兑换宝",,,"345","0","ADX","16/4/2026 05:19:58"
"com.shuashuati.app","com.shuashuati.app",,,"253","0","ADX","16/4/2026 05:19:58"
"com.shuiyinbao.ios","com.shuiyinbao.ios",,,"4382","0","ADX","16/4/2026 05:19:58"
"com.shulu.ntgf.o06ef322e5be0426d81b3df9223754487","com.shulu.ntgf.o06ef322e5be0426d81b3df9223754487",,,"5","0","ADX","16/4/2026 05:19:58"
"com.shulu.ntgf.p0ed592780df6455788a7a207e1849957","com.shulu.ntgf.p0ed592780df6455788a7a207e1849957",,,"3","0","ADX","16/4/2026 05:19:58"
"com.shulu.rcgj","com.shulu.rcgj",,,"14","0","ADX","16/4/2026 05:19:58"
"com.shulu.rcgj","日程管家",,,"481","0","ADX","16/4/2026 05:19:58"
"com.shulu.sggzsz","com.shulu.sggzsz",,,"5","0","ADX","16/4/2026 05:19:58"
"com.shulu.sggzsz","时光格子手帐",,,"196","0","ADX","16/4/2026 05:19:58"
"com.shumj.home","舒眠记-小米",,,"130649","0","ADX","16/4/2026 05:19:58"
"com.simugenie.doronxcxueyuan","com.simugenie.doronxcxueyuan",,,"8208","0","ADX","16/4/2026 05:19:58"
"com.simugenie.doronxcxueyuan","多多驾到学员版",,,"13318","0","ADX","16/4/2026 05:19:58"
"com.sinotech.lnstudent","com.sinotech.LNStudent",,,"304","0","ADX","16/4/2026 05:19:58"
"com.sinotech.lnstudent","优易学车",,,"20","0","ADX","16/4/2026 05:19:58"
"com.sixuliudong.cn","com.sixuliudong.cn",,,"447","0","ADX","16/4/2026 05:19:58"
"com.sixuliudong.cn","思序流动",,,"701","0","ADX","16/4/2026 05:19:58"
"com.sjw.fsschedulecalendar","com.sjw.FSScheduleCalendar",,,"543","0","ADX","16/4/2026 05:19:58"
"com.skyplatanus.crucio","com.skyplatanus.crucio","图书阅读",,"39","0","ADX","16/4/2026 05:19:58"
"com.skyplatanus.crucio","快点阅读","图书阅读",,"15802","0","ADX","16/4/2026 05:19:58"
"com.slack.cyberslacking","com.slack.cyberslacking",,,"94","0","ADX","16/4/2026 05:19:58"
"com.smallcircle.heartvoice","","聊天社交",,"51","0","ADX","16/4/2026 05:19:58"
"com.smallcircle.heartvoice","com.smallcircle.heartvoice","聊天社交",,"415","0","ADX","16/4/2026 05:19:58"
"com.smallcircle.heartvoice","回音","聊天社交",,"54163","0","ADX","16/4/2026 05:19:58"
"com.smallsword.chinesealmanac","com.smallsword.chinesealmanac",,,"102","0","ADX","16/4/2026 05:19:58"
"com.smalltools.tomatobell.free","com.smalltools.tomatobell.free",,,"1121","0","ADX","16/4/2026 05:19:58"
"com.smarlife.qingtong","QingTong",,,"56010","0","ADX","16/4/2026 05:19:58"
"com.smarlife.qingtong","com.smarlife.qingtong",,,"6109","0","ADX","16/4/2026 05:19:58"
"com.smarlife.qingtong","新清瞳",,,"28","0","ADX","16/4/2026 05:19:58"
"com.smarlife.qingtong","清瞳",,,"17868","0","ADX","16/4/2026 05:19:58"
"com.smarlife.xiaozhi","com.smarlife.xiaozhi",,,"6853","0","ADX","16/4/2026 05:19:58"
"com.smarlife.xiaozhi","万佳安云智能",,,"14756","0","ADX","16/4/2026 05:19:58"
"com.smg28.jzb","com.smg28.jzb","效率办公",,"23","0","ADX","16/4/2026 05:19:58"
"com.smg28.jzb","价值码","效率办公",,"12987","0","ADX","16/4/2026 05:19:58"
"com.smile.gifmaker","com.smile.gifmaker",,,"1149","0","ADX","16/4/2026 05:19:58"
"com.sodalife.sodaxapp","com.sodalife.sodaxapp",,,"139","0","ADX","16/4/2026 05:19:58"
"com.sodalife.sodaxapp","苏打校园",,,"576","0","ADX","16/4/2026 05:19:58"
"com.sodalife.sodaxapp","苏打校园INTR",,,"365","0","ADX","16/4/2026 05:19:58"
"com.sousou.android.health","com.sousou.android.health",,,"41","0","ADX","16/4/2026 05:19:58"
"com.sousou.android.health","养生堂",,,"19326","0","ADX","16/4/2026 05:19:58"
"com.space.takeover.game","com.space.takeover.game",,,"288","0","ADX","16/4/2026 05:19:58"
"com.space.takeover.game","星球占领",,,"1580","0","ADX","16/4/2026 05:19:58"
"com.spms.app","快快赚极速版",,,"633","0","ADX","16/4/2026 05:19:58"
"com.ss.boutique","云优选1",,,"598","0","ADX","16/4/2026 05:19:58"
"com.ss.bwaq","陌网安全",,,"2464","0","ADX","16/4/2026 05:19:58"
"com.ss.bybz","㿟秐壁纸",,,"64581","0","ADX","16/4/2026 05:19:58"
"com.ss.dck","灵猫时钟",,,"6652","0","ADX","16/4/2026 05:19:58"
"com.ss.gyg","菅乐购",,,"1235","0","ADX","16/4/2026 05:19:58"
"com.ss.kdzb","釦垈账本",,,"45216","0","ADX","16/4/2026 05:19:58"
"com.ss.sscp","食尚菜谱",,,"381615","0","ADX","16/4/2026 05:19:58"
"com.ss.xds","蚬大师",,,"8799","0","ADX","16/4/2026 05:19:58"
"com.ss.xscn","星扫描",,,"1854","0","ADX","16/4/2026 05:19:58"
"com.ssydance.bct","com.ssydance.bct",,,"7","0","ADX","16/4/2026 05:19:58"
"com.stargame.qucheren-iaa.ios","com.stargame.qucheren-iaa.ios",,,"2","0","ADX","16/4/2026 05:19:58"
"com.startup.code.ikecin","智能小石",,,"32","0","ADX","16/4/2026 05:19:58"
"com.stress.test.record","com.stress.test.record","系统工具/测试",,"7608","0","ADX","16/4/2026 05:19:58"
"com.stress.test.record","解压小橙子","系统工具/测试",,"57963","0","ADX","16/4/2026 05:19:58"
"com.suishen.calendar","随身历",,,"20544","0","ADX","16/4/2026 05:19:58"
"com.suishi.chong","遂拾充",,,"4493","0","ADX","16/4/2026 05:19:58"
"com.suixtq.quickapp","随心天下",,,"15","0","ADX","16/4/2026 05:19:58"
"com.suizhi.bmlxj","我在老城区跑酷",,,"47","0","ADX","16/4/2026 05:19:58"
"com.suizhi.bmlxj","熊猫探险计划",,,"626","0","ADX","16/4/2026 05:19:58"
"com.suizhi.bmlxj","看我奇思妙想",,,"613","0","ADX","16/4/2026 05:19:58"
"com.suizhi.nygdtw","土豆奇遇记",,,"30975","0","ADX","16/4/2026 05:19:58"
"com.suizhi.nygdtw","帽子先森奇遇记",,,"31118","0","ADX","16/4/2026 05:19:58"
"com.suizhi.nygdtw","我在老城区跑酷",,,"709","0","ADX","16/4/2026 05:19:58"
"com.suizhi.nygdtw","熊猫探险计划",,,"32483","0","ADX","16/4/2026 05:19:58"
"com.suizhi.nygdtw","狂飙大卡车",,,"33009","0","ADX","16/4/2026 05:19:58"
"com.suizhi.nygdtw","看我奇思妙想",,,"31335","0","ADX","16/4/2026 05:19:58"
"com.suizhi.xsykkc","土豆奇遇记",,,"3546","0","ADX","16/4/2026 05:19:58"
"com.suma.zunyi","com.suma.zunyi",,,"4","0","ADX","16/4/2026 05:19:58"
"com.sunyo.messagelf","com.sunyo.messagelf","青岛微影时光文化传媒有限公司",,"138","0","ADX","16/4/2026 05:19:58"
"com.sunyo.messagelf","传信精灵","青岛微影时光文化传媒有限公司",,"559","0","ADX","16/4/2026 05:19:58"
"com.suqian.apps.ios.jssqsmyapp","com.suqian.apps.ios.jssqsmyapp",,,"46","0","ADX","16/4/2026 05:19:58"
"com.suqian.apps.ios.jssqsmyapp","宿心办",,,"1872","0","ADX","16/4/2026 05:19:58"
"com.swkkj.ghjk","光合健康",,,"118","0","ADX","16/4/2026 05:19:58"
"com.sxiniao.quickapp","四喜鸟",,,"2242","0","ADX","16/4/2026 05:19:58"
"com.sys.washmashine","小依",,,"213","0","ADX","16/4/2026 05:19:58"
"com.szy.seebaby","com.szy.seebaby",,,"4750","0","ADX","16/4/2026 05:19:58"
"com.szy.seebaby","sdk iOS",,,"6","0","ADX","16/4/2026 05:19:58"
"com.szyundong.carassist","com.szyundong.carassist",,,"23","0","ADX","16/4/2026 05:19:58"
"com.szyxzusa.ios","Netipc",,,"26","0","ADX","16/4/2026 05:19:58"
"com.taikang.tkdoctor","泰康医生",,,"15","0","ADX","16/4/2026 05:19:58"
"com.taiting.zjttmx","苔庭冥想",,,"38609","0","ADX","16/4/2026 05:19:58"
"com.taizhomingjtwlkj.xfx","com.taizhomingjtwlkj.xfx",,,"24","0","ADX","16/4/2026 05:19:58"
"com.talicai.timiclient","Timi记账",,,"342","0","ADX","16/4/2026 05:19:58"
"com.talicai.timiclient","com.talicai.timiclient",,,"85","0","ADX","16/4/2026 05:19:58"
"com.tange365.icam365","","实用工具",,"24067","0","ADX","16/4/2026 05:19:58"
"com.tange365.icam365","com.tange365.icam365","实用工具",,"80295","0","ADX","16/4/2026 05:19:58"
"com.tange365.icam365","iCam365","实用工具",,"3745291","0","ADX","16/4/2026 05:19:58"
"com.tange365.icam365","iCam365-苹果","实用工具",,"53","0","ADX","16/4/2026 05:19:58"
"com.tange365.icam365","icam365_ios","实用工具",,"5757","0","ADX","16/4/2026 05:19:58"
"com.tange365.icam365","ıCam365","实用工具",,"707","0","ADX","16/4/2026 05:19:58"
"com.tange365.wosee","Wosee","实用工具",,"1525995","0","ADX","16/4/2026 05:19:58"
"com.tange365.wosee","Wosee-苹果","实用工具",,"28","0","ADX","16/4/2026 05:19:58"
"com.tange365.wosee","Wosee-苹果-taku","实用工具",,"36","0","ADX","16/4/2026 05:19:58"
"com.tange365.wosee","com.tange365.wosee","实用工具",,"22078","0","ADX","16/4/2026 05:19:58"
"com.tange365.wosee","天成客厅","实用工具",,"18","0","ADX","16/4/2026 05:19:58"
"com.taobao.idlefish","闲鱼",,,"1381732","0","ADX","16/4/2026 05:19:58"
"com.taobao.live","com.taobao.live","时尚购物",,"274","0","ADX","16/4/2026 05:19:58"
"com.taobao.live","点淘","时尚购物",,"6386208","0","ADX","16/4/2026 05:19:58"
"com.taobao.live","点淘android","时尚购物",,"90","0","ADX","16/4/2026 05:19:58"
"com.taotao.zmjob","com.taotao.zmjob",,,"29","0","ADX","16/4/2026 05:19:58"
"com.tcl.universal.nscreen","com.tcl.universal.nScreen",,,"1129","0","ADX","16/4/2026 05:19:58"
"com.tdmenu.yj","com.tdmenu.yj",,,"177","0","ADX","16/4/2026 05:19:58"
"com.tdmenu.yj","五福夺宝",,,"4655","0","ADX","16/4/2026 05:19:58"
"com.tech.koufu.simplify","叩富简投",,,"36","0","ADX","16/4/2026 05:19:58"
"com.tencent.cmocmna","com.tencent.cmocmna","实用工具",,"165516","0","ADX","16/4/2026 05:19:58"
"com.tencent.cmocmna","腾讯手游加速器","实用工具",,"37015","0","ADX","16/4/2026 05:19:58"
"com.tencent.tmgp.com.sdgs.yyb","商道高手",,,"622","0","ADX","16/4/2026 05:19:58"
"com.tencent.tmgp.sunjoygamemetamine","超元扫雷",,,"13909","0","ADX","16/4/2026 05:19:58"
"com.teneb.rific","com.teneb.rific",,,"214","0","ADX","16/4/2026 05:19:58"
"com.teneb.rific","轻萌9",,,"28","0","ADX","16/4/2026 05:19:58"
"com.thel","com.thel",,,"77","0","ADX","16/4/2026 05:19:58"
"com.thel","the L",,,"45251","0","ADX","16/4/2026 05:19:58"
"com.tianqiyubao2345","15日天气预报","天气",,"599434","0","ADX","16/4/2026 05:19:58"
"com.tianqiyubao2345","15日天气预报-安卓辅助版1","天气",,"39996","0","ADX","16/4/2026 05:19:58"
"com.tianqiyubao2345","com.tianqiyubao2345","天气",,"1122","0","ADX","16/4/2026 05:19:58"
"com.tianying.digital","天天走势",,,"49","0","ADX","16/4/2026 05:19:58"
"com.timeaforce.fuqi","com.timeaforce.fuqi",,,"61","0","ADX","16/4/2026 05:19:58"
"com.timeaforce.fuqi","福气小院子IOS",,,"51","0","ADX","16/4/2026 05:19:58"
"com.timeaforce.res","com.timeaforce.res",,,"56","0","ADX","16/4/2026 05:19:58"
"com.timeaforce.wanghongshangyejie","com.timeaforce.wanghongshangyejie",,,"68","0","ADX","16/4/2026 05:19:58"
"com.timeaforce.yangguangxiaozhen","com.timeaforce.yangguangxiaozhen",,,"28","0","ADX","16/4/2026 05:19:58"
"com.tjawy.juweimhw","com.tjawy.juweimhw",,,"11","0","ADX","16/4/2026 05:19:58"
"com.tjawy.juweimhw","桔尾漫画屋",,,"3089","0","ADX","16/4/2026 05:19:58"
"com.tjawy.weicbz","com.tjawy.weicbz",,,"5343","0","ADX","16/4/2026 05:19:58"
"com.tjawy.weicbz","伟创壁纸",,,"557","0","ADX","16/4/2026 05:19:58"
"com.tjawy.weixuancp","com.tjawy.weixuancp",,,"11","0","ADX","16/4/2026 05:19:58"
"com.tjawy.weixuancp","伟选菜谱",,,"322","0","ADX","16/4/2026 05:19:58"
"com.tjawy.yafengxs","亚风小说铺",,,"7601","0","ADX","16/4/2026 05:19:58"
"com.tjdyx.xinshizhan","信实小说栈",,,"51","0","ADX","16/4/2026 05:19:58"
"com.tjhco2.tanjuhui","新碳聚惠",,,"703","0","ADX","16/4/2026 05:19:58"
"com.tjhwc.weicaimh","com.tjhwc.weicaimh",,,"1817","0","ADX","16/4/2026 05:19:58"
"com.tjmms.shiyou","com.tjmms.shiyou",,,"3944","0","ADX","16/4/2026 05:19:58"
"com.tjmms.shiyou","仕优购享",,,"46099","0","ADX","16/4/2026 05:19:58"
"com.tjws.ufxj2.tsoft","com.tjws.ufxj2.tsoft",,,"1857","0","ADX","16/4/2026 05:19:58"
"com.tjzf.huazhao","com.tjzf.huazhao",,,"22747","0","ADX","16/4/2026 05:19:58"
"com.tjzf.huazhao","华朝短剧",,,"23976","0","ADX","16/4/2026 05:19:58"
"com.tjzf.huazhao","趣点读",,,"42","0","ADX","16/4/2026 05:19:58"
"com.tjzf.qingliao","奕铄漫画",,,"96401","0","ADX","16/4/2026 05:19:58"
"com.tmall.campus4iphone","com.tmall.campus4iphone",,,"3588","0","ADX","16/4/2026 05:19:58"
"com.tmall.campus4iphone","天猫校园",,,"112805","0","ADX","16/4/2026 05:19:58"
"com.tocoding.neutral","com.tocoding.neutral",,,"985","0","ADX","16/4/2026 05:19:58"
"com.tocoding.neutral","极视云",,,"24127","0","ADX","16/4/2026 05:19:58"
"com.tongcheng.transport.dazhou","com.tongcheng.transport.dazhou",,,"6040","0","ADX","16/4/2026 05:19:58"
"com.tongqi.freecell.vivo","com.tongqi.freecell.vivo",,,"5781103","0","ADX","16/4/2026 05:19:58"
"com.tool.diary","com.tool.diary",,,"78","0","ADX","16/4/2026 05:19:58"
"com.tool.jietangbao.ios","com.tool.jietangbao.ios",,,"191","0","ADX","16/4/2026 05:19:58"
"com.tool.jietangbao.ios","戒糖宝",,,"23","0","ADX","16/4/2026 05:19:58"
"com.touchbits.camx","CamX - USB Camera",,,"4896","0","ADX","16/4/2026 05:19:58"
"com.touchbits.camx","com.touchbits.camx",,,"3508","0","ADX","16/4/2026 05:19:58"
"com.tq.zhiyan","天气智眼",,,"3602","0","ADX","16/4/2026 05:19:58"
"com.tranhn.jwqxc","com.tranhn.jwqxc",,,"41448","0","ADX","16/4/2026 05:19:58"
"com.tranhn.jwqxc","局王",,,"4102","0","ADX","16/4/2026 05:19:58"
"com.tt.evaluation","com.tt.evaluation",,,"889","0","ADX","16/4/2026 05:19:58"
"com.tt.evaluation","豆趣测",,,"2027","0","ADX","16/4/2026 05:19:58"
"com.tt.oddbent","com.tt.oddbent",,,"3548","0","ADX","16/4/2026 05:19:58"
"com.tt.oddbent","奇趣宝",,,"5256","0","ADX","16/4/2026 05:19:58"
"com.ttao.hourjob","com.ttao.hourjob",,,"8","0","ADX","16/4/2026 05:19:58"
"com.ttao.hourjob","小时赚兼职",,,"84","0","ADX","16/4/2026 05:19:58"
"com.ttyingqiu.bifen","com.ttyingqiu.bifen",,,"77","0","ADX","16/4/2026 05:19:58"
"com.ttyingqiu.bifen","天天盈球客户端",,,"4677","0","ADX","16/4/2026 05:19:58"
"com.tubao.picture","兔宝壁仓",,,"7813","0","ADX","16/4/2026 05:19:58"
"com.tudou.shh","土豆生活",,,"607","0","ADX","16/4/2026 05:19:58"
"com.tudou.tool","com.tudou.tool","工具",,"124","0","ADX","16/4/2026 05:19:58"
"com.tudou.tool","土豆工具箱","工具",,"56818","0","ADX","16/4/2026 05:19:58"
"com.turam.bustrip-tianjin","com.TuRam.BusTrip-TianJin",,,"2480","0","ADX","16/4/2026 05:19:58"
"com.tuyou.txtyq","途游圈",,,"109679","0","ADX","16/4/2026 05:19:58"
"com.tvbc.maiduidui","com.tvbc.maiduidui","电子书城|其他|短视频",,"9169","0","ADX","16/4/2026 05:19:58"
"com.tvbc.maiduidui","埋堆堆","电子书城|其他|短视频",,"313917","0","ADX","16/4/2026 05:19:58"
"com.tvguo.tvguo","com.tvguo.tvguo",,,"64","0","ADX","16/4/2026 05:19:58"
"com.tvguo.tvguo","电视果",,,"1364","0","ADX","16/4/2026 05:19:58"
"com.twuppt.oeghtzfdih","com.twuppt.oeghtzfdih",,,"13","0","ADX","16/4/2026 05:19:58"
"com.tyg.tygcommunity","com.tyg.tygCommunity",,,"1047","0","ADX","16/4/2026 05:19:58"
"com.tyg.tygcommunity","桃园谷",,,"7297","0","ADX","16/4/2026 05:19:58"
"com.u3x.freeqr","com.u3x.freeqr",,,"7","0","ADX","16/4/2026 05:19:58"
"com.u3x.freeqr","二维码和条形码生成器",,,"588","0","ADX","16/4/2026 05:19:58"
"com.u3x.scan_master","扫码大师","扫描识别",,"6","0","ADX","16/4/2026 05:19:58"
"com.ubestkid.beilehu.android","com.ubestkid.beilehu.android","学习教育",,"73","0","ADX","16/4/2026 05:19:58"
"com.ubestkid.beilehu.android","贝乐虎儿歌","学习教育",,"190768","0","ADX","16/4/2026 05:19:58"
"com.uc.antsplayer","com.uc.antsplayer",,,"9","0","ADX","16/4/2026 05:19:58"
"com.uc.antsplayer","久久浏览器极速版",,,"553","0","ADX","16/4/2026 05:19:58"
"com.uc108.mobile.gamecenter","com.uc108.mobile.gamecenter",,,"42","0","ADX","16/4/2026 05:19:58"
"com.uc108.mobile.gamecenter","同城游",,,"8514","0","ADX","16/4/2026 05:19:58"
"com.uhomesmart.dbitnet","U hommie",,,"25","0","ADX","16/4/2026 05:19:58"
"com.uhomesmart.dbitnet","U家智联",,,"5642","0","ADX","16/4/2026 05:19:58"
"com.uhomesmart.dbitnet","U家智联-iOS",,,"38","0","ADX","16/4/2026 05:19:58"
"com.uhomesmart.dbitnet","com.uhomesmart.dbitnet",,,"156","0","ADX","16/4/2026 05:19:58"
"com.umpay.qingdaonfc","com.umpay.qingdaonfc","公交地铁|本地宝",,"2","0","ADX","16/4/2026 05:19:58"
"com.umpay.qingdaonfc","琴岛通","公交地铁|本地宝",,"783","0","ADX","16/4/2026 05:19:58"
"com.uniview.app.smb.phone.en.lingyun","com.uniview.app.smb.phone.en.lingyun",,,"13","0","ADX","16/4/2026 05:19:58"
"com.ushaqi.zhuishushenqi","com.ushaqi.zhuishushenqi","图书阅读",,"206","0","ADX","16/4/2026 05:19:58"
"com.ushaqi.zhuishushenqi"," 追书神器 ","图书阅读",,"125","0","ADX","16/4/2026 05:19:58"
"com.ushaqi.zhuishushenqi","追书神器","图书阅读",,"75020","0","ADX","16/4/2026 05:19:58"
"com.ushaqi.zhuishushenqi.adfree","com.ushaqi.zhuishushenqi.adfree","图书阅读",,"384","0","ADX","16/4/2026 05:19:58"
"com.ushaqi.zhuishushenqi.adfree"," 追书神器免费版 ","图书阅读",,"222","0","ADX","16/4/2026 05:19:58"
"com.ushaqi.zhuishushenqi.adfree","追书神器","图书阅读",,"2","0","ADX","16/4/2026 05:19:58"
"com.ushaqi.zhuishushenqi.adfree","追书神器免费版","图书阅读",,"201909","0","ADX","16/4/2026 05:19:58"
"com.vanjee.one","com.vanjee.one",,,"16","0","ADX","16/4/2026 05:19:58"
"com.vanjee.one","小万出行",,,"394","0","ADX","16/4/2026 05:19:58"
"com.vbgd.wqe","com.vbgd.wqe",,,"524","0","ADX","16/4/2026 05:19:58"
"com.vbgd.wqe","小金牛故事-26.3.5",,,"2338","0","ADX","16/4/2026 05:19:58"
"com.vcolco.hxc.student","好学车学员版Pro",,,"40","0","ADX","16/4/2026 05:19:58"
"com.vdo.taskup","问歌赏金-250605",,,"3","0","ADX","16/4/2026 05:19:58"
"com.vehicles.activities","com.vehicles.activities","聊天社交",,"5783","0","ADX","16/4/2026 05:19:58"
"com.vehicles.activities","车旺大卡","聊天社交",,"459315","0","ADX","16/4/2026 05:19:58"
"com.verycoolapp.voicecalculator","com.verycoolapp.voicecalculator",,,"85","0","ADX","16/4/2026 05:19:58"
"com.vgjump.jumper","com.vgjump.jumper","游戏辅助/游戏社区",,"83223","0","ADX","16/4/2026 05:19:58"
"com.vgjump.jumper","sdk iOS","游戏辅助/游戏社区",,"2","0","ADX","16/4/2026 05:19:58"
"com.video.tolive.editing","com.video.tolive.editing",,,"52418","0","ADX","16/4/2026 05:19:58"
"com.video.tolive.editing","实况壁纸制作器",,,"165","0","ADX","16/4/2026 05:19:58"
"com.vidoypyp.ypvdio","com.vidoypyp.ypvdio",,,"97","0","ADX","16/4/2026 05:19:58"
"com.visiondigit.smartvision","Love See Clouds",,,"10","0","ADX","16/4/2026 05:19:58"
"com.visiondigit.smartvision","LoveSeeCloud",,,"9","0","ADX","16/4/2026 05:19:58"
"com.visiondigit.smartvision","com.visiondigit.smartvision",,,"1255","0","ADX","16/4/2026 05:19:58"
"com.visiondigit.smartvision","爱看云",,,"53424","0","ADX","16/4/2026 05:19:58"
"com.vstarcam.p2pipcamera","VsCam",,,"6547","0","ADX","16/4/2026 05:19:58"
"com.vstarcam.p2pipcamera","com.vstarcam.p2pipcamera",,,"3721","0","ADX","16/4/2026 05:19:58"
"com.vvbmv.muih","com.vvbmv.muih",,,"292","0","ADX","16/4/2026 05:19:58"
"com.vvbmv.muih","有米剧场-25.5.27",,,"70","0","ADX","16/4/2026 05:19:58"
"com.vxcx.bngdsl","com.vxcx.bngdsl",,,"153","0","ADX","16/4/2026 05:19:58"
"com.vxcx.bngdsl","豆豆有钱166",,,"337","0","ADX","16/4/2026 05:19:58"
"com.vxcx.bngdsl","豌豆畅玩版",,,"5552","0","ADX","16/4/2026 05:19:58"
"com.w.clykcnf","com.w.clykcnf",,,"2","0","ADX","16/4/2026 05:19:58"
"com.waimaiii.waimai","com.waimaiii.waimai",,,"1297784","0","ADX","16/4/2026 05:19:58"
"com.waimaiii.waimai","sdk iOS",,,"8","0","ADX","16/4/2026 05:19:58"
"com.waimaiii.waimai","新歪麦霸王餐",,,"30444","0","ADX","16/4/2026 05:19:58"
"com.waimaiii.waimai","歪麦霸王餐",,,"650637","0","ADX","16/4/2026 05:19:58"
"com.waimaiii.waimai","歪麦霸王餐·Ayq",,,"11","0","ADX","16/4/2026 05:19:58"
"com.waimaiii.waimaiii","com.waimaiii.waimaiii",,,"5754","0","ADX","16/4/2026 05:19:58"
"com.waimaiii.waimaiii","新歪麦霸王餐",,,"19826","0","ADX","16/4/2026 05:19:58"
"com.waimaiii.waimaiii","歪麦霸王餐",,,"67756","0","ADX","16/4/2026 05:19:58"
"com.wanbangauto.chargepile","星星充电","充电服务",,"8241","0","ADX","16/4/2026 05:19:58"
"com.wangmaitujiqwer.www","com.wangmaitujiqwer.www",,,"41","0","ADX","16/4/2026 05:19:58"
"com.wangmaitujiqwer.www","网脉通途-251204",,,"8","0","ADX","16/4/2026 05:19:58"
"com.wardrobe.magician.ios","com.wardrobe.magician.ios",,,"40","0","ADX","16/4/2026 05:19:58"
"com.waterpaper.widgets","com.waterpaper.widgets",,,"11989","0","ADX","16/4/2026 05:19:58"
"com.waterpaper.widgets","多多主题壁纸",,,"2184","0","ADX","16/4/2026 05:19:58"
"com.wawavenet.kangxun","康讯",,,"4544","0","ADX","16/4/2026 05:19:58"
"com.wayxtech.duckit","com.wayxtech.duckit",,,"311","0","ADX","16/4/2026 05:19:58"
"com.wdao.mall.zero","com.wdao.mall.zero",,,"483","0","ADX","16/4/2026 05:19:58"
"com.wdao.mall.zero","悟道",,,"48968","0","ADX","16/4/2026 05:19:58"
"com.wdao.mall.zero","空空",,,"19133","0","ADX","16/4/2026 05:19:58"
"com.weatherday","com.weatherday","实用工具",,"126","0","ADX","16/4/2026 05:19:58"
"com.weatherday","天天天气","实用工具",,"35334","0","ADX","16/4/2026 05:19:58"
"com.webenhance.safari","com.webenhance.safari",,,"173","0","ADX","16/4/2026 05:19:58"
"com.webenhance.safari","拦截365",,,"17","0","ADX","16/4/2026 05:19:58"
"com.wedobest.1010","Block Puz",,,"4681","0","ADX","16/4/2026 05:19:58"
"com.wedobest.1010","com.wedobest.1010",,,"1626","0","ADX","16/4/2026 05:19:58"
"com.wedobest.1010","益智力消除小游戏",,,"3350","0","ADX","16/4/2026 05:19:58"
"com.wedobest.idiom","com.wedobest.idiom",,,"82","0","ADX","16/4/2026 05:19:58"
"com.wedobest.idiom","成语消消消",,,"577","0","ADX","16/4/2026 05:19:58"
"com.wedobest.numpush","Numpuz","益智游戏",,"7534","0","ADX","16/4/2026 05:19:58"
"com.wedobest.numpush","com.wedobest.numpush","益智游戏",,"5216","0","ADX","16/4/2026 05:19:58"
"com.wedobest.numpush","数字华容道","益智游戏",,"13998","0","ADX","16/4/2026 05:19:58"
"com.wedobest.pintuyx","Sudoku",,,"21661","0","ADX","16/4/2026 05:19:58"
"com.wedobest.pintuyx","com.wedobest.pintuyx",,,"29203","0","ADX","16/4/2026 05:19:58"
"com.wedobest.pintuyx","数独",,,"22533","0","ADX","16/4/2026 05:19:58"
"com.wedobest.xspix","十字绣涂色游戏",,,"154","0","ADX","16/4/2026 05:19:58"
"com.wedobest.ybh.huawei","一笔画",,,"44544","0","ADX","16/4/2026 05:19:58"
"com.weibo.international","com.weibo.international",,,"123","0","ADX","16/4/2026 05:19:58"
"com.weihu.hhmj.qihoo","圣盛晃晃麻将",,,"8","0","ADX","16/4/2026 05:19:58"
"com.weilaishanhai.oopz","Oopz",,,"57668","0","ADX","16/4/2026 05:19:58"
"com.weilaishanhai.oopz","Oopz--iOS",,,"359","0","ADX","16/4/2026 05:19:58"
"com.weilaishanhai.oopz","com.weilaishanhai.oopz",,,"355","0","ADX","16/4/2026 05:19:58"
"com.weimei168.erjian.msg.gsm","漫时光",,,"66","0","ADX","16/4/2026 05:19:58"
"com.wensandao.jinjiachaxun","jinjiachaxun",,,"171","0","ADX","16/4/2026 05:19:58"
"com.wepie.snakegame","com.wepie.snakegame","游戏-休闲",,"206","0","ADX","16/4/2026 05:19:58"
"com.whalevt.jscam1688","ViseeCam","系统工具/监控",,"226","0","ADX","16/4/2026 05:19:58"
"com.whalevt.jscam1688","com.whalevt.jscam1688","系统工具/监控",,"567","0","ADX","16/4/2026 05:19:58"
"com.whalevt.jscam1688","小鲸看看","系统工具/监控",,"19631","0","ADX","16/4/2026 05:19:58"
"com.whalevt.jscam1688","小鲸看看-IOS","系统工具/监控",,"5126","0","ADX","16/4/2026 05:19:58"
"com.whh.cleanspirit","清理助手",,,"4928","0","ADX","16/4/2026 05:19:58"
"com.whxfy.jingguibz","璟瑰璧栀",,,"2375","0","ADX","16/4/2026 05:19:58"
"com.wiseks.main","com.wiseks.main",,,"20","0","ADX","16/4/2026 05:19:58"
"com.wiseks.main","智慧昆山",,,"463","0","ADX","16/4/2026 05:19:58"
"com.wish.ycj","com.wish.ycj",,,"14","0","ADX","16/4/2026 05:19:58"
"com.wish.ycj","云成绩",,,"6116","0","ADX","16/4/2026 05:19:58"
"com.wjkj.loosrun","com.wjkj.loosrun",,,"32","0","ADX","16/4/2026 05:19:58"
"com.wjkj.loosrun","小贡",,,"1552","0","ADX","16/4/2026 05:19:58"
"com.wjkj.loosrun","电子红包",,,"118","0","ADX","16/4/2026 05:19:58"
"com.wls.weex","我联智慧用电",,,"33","0","ADX","16/4/2026 05:19:58"
"com.wm.realname","com.wm.realname",,,"40","0","ADX","16/4/2026 05:19:58"
"com.world.compet","赛氪",,,"26","0","ADX","16/4/2026 05:19:58"
"com.wozi.wfwngs","com.wozi.wfwngs",,,"890","0","ADX","16/4/2026 05:19:58"
"com.wsecar.wsjc","com.wsecar.wsjc",,,"37","0","ADX","16/4/2026 05:19:58"
"com.wsecar.wsjc","万顺叫车",,,"449","0","ADX","16/4/2026 05:19:58"
"com.wtkj.app.counter","com.wtkj.app.counter",,,"46","0","ADX","16/4/2026 05:19:58"
"com.wwcy.cypt","com.wwcy.cypt",,,"29","0","ADX","16/4/2026 05:19:58"
"com.wwcy.wzcyw","com.wwcy.wzcyw",,,"33","0","ADX","16/4/2026 05:19:58"
"com.wxjd.wx","文熙金典",,,"4","0","ADX","16/4/2026 05:19:58"
"com.wyfc.itingtxt","com.wyfc.itingtxt",,,"51","0","ADX","16/4/2026 05:19:58"
"com.wyfc.itingtxt","看小说听书",,,"486","0","ADX","16/4/2026 05:19:58"
"com.wyfc.itingtxt2","TXT文本听书","实用工具",,"1191","0","ADX","16/4/2026 05:19:58"
"com.wyfc.itingtxt2","com.wyfc.itingtxt2","实用工具",,"81","0","ADX","16/4/2026 05:19:58"
"com.wyfc.txtreader","com.wyfc.txtreader","实用工具",,"462","0","ADX","16/4/2026 05:19:58"
"com.wyfc.txtreader","文字朗读神器","实用工具",,"1993","0","ADX","16/4/2026 05:19:58"
"com.wyfc.writenovel","com.wyfc.writenovel","电子书城",,"111","0","ADX","16/4/2026 05:19:58"
"com.wyfc.writenovel","手机写小说","电子书城",,"1266","0","ADX","16/4/2026 05:19:58"
"com.wyfc.wxreader","com.wyfc.wxreader",,,"50","0","ADX","16/4/2026 05:19:58"
"com.wyfc.wxreader","文字转语音朗读助手",,,"403","0","ADX","16/4/2026 05:19:58"
"com.wylkyj","com.wylkyj",,,"77","0","ADX","16/4/2026 05:19:58"
"com.wylkyj","五岳阅卷",,,"5082","0","ADX","16/4/2026 05:19:58"
"com.xassyy.bzmf","com.xassyy.bzmf",,,"895","0","ADX","16/4/2026 05:19:58"
"com.xgame.kdmt.kuaishou","com.xgame.kdmt.kuaishou",,,"9","0","ADX","16/4/2026 05:19:58"
"com.xhqy.cyhg","com.xhqy.cyhg","实用工具",,"5","0","ADX","16/4/2026 05:19:58"
"com.xiang.foodcam","美食相机",,,"4810","0","ADX","16/4/2026 05:19:58"
"com.xiangaixincheng.app","祥爱馨程",,,"5387","0","ADX","16/4/2026 05:19:58"
"com.xiangdu.ju","聚享读",,,"4524","0","ADX","16/4/2026 05:19:58"
"com.xiangqu","com.xiangqu",,,"33","0","ADX","16/4/2026 05:19:58"
"com.xiangwei.yuan","享味园",,,"5117","0","ADX","16/4/2026 05:19:58"
"com.xianwan.jy","com.xianwan.jy",,,"2","0","ADX","16/4/2026 05:19:58"
"com.xianwan.jy","闲玩",,,"35","0","ADX","16/4/2026 05:19:58"
"com.xianyou.xym","Logic Hero",,,"25","0","ADX","16/4/2026 05:19:58"
"com.xianyou.xym","Parkeed",,,"13","0","ADX","16/4/2026 05:19:58"
"com.xianyou.xym","com.xianyou.xym",,,"731","0","ADX","16/4/2026 05:19:58"
"com.xianyou.xym","幸运喵",,,"223","0","ADX","16/4/2026 05:19:58"
"com.xiaoshiguangjz.deam","小时光兼职",,,"202","0","ADX","16/4/2026 05:19:58"
"com.xiaoshijie.sqb","com.xiaoshijie.sqb","时尚购物",,"23","0","ADX","16/4/2026 05:19:58"
"com.xiaoshijie.sqb","好省","时尚购物",,"6615","0","ADX","16/4/2026 05:19:58"
"com.xiaotun.doorbell","小豚云",,,"33","0","ADX","16/4/2026 05:19:58"
"com.xiaowu.switcher","com.xiaowu.switcher",,,"1545","0","ADX","16/4/2026 05:19:58"
"com.xiaoyi.easyfamily","",,,"2114","0","ADX","16/4/2026 05:19:58"
"com.xiaoyutimes.carloanonline","com.xiaoyutimes.carloanonline",,,"8","0","ADX","16/4/2026 05:19:58"
"com.xiaoyutimes.chedaizaixian","com.xiaoyutimes.chedaizaixian",,,"253","0","ADX","16/4/2026 05:19:58"
"com.ximi.weightrecord","com.ximi.weightrecord","体育运动",,"1277","0","ADX","16/4/2026 05:19:58"
"com.ximi.weightrecord","体重小本","体育运动",,"39629","0","ADX","16/4/2026 05:19:58"
"com.xin.haoju","鑫剧集",,,"21234","0","ADX","16/4/2026 05:19:58"
"com.xingsu.gou","星速购",,,"10286","0","ADX","16/4/2026 05:19:58"
"com.xingxingpan.moodbar","可萌日记",,,"1754","0","ADX","16/4/2026 05:19:58"
"com.xinlai.youthdreamcampus","青梦校园","校园智能系统",,"35","0","ADX","16/4/2026 05:19:58"
"com.xinmang.guitar.tuner.vivo","调音器",,,"30","0","ADX","16/4/2026 05:19:58"
"com.xinty.driver","丝路车检",,,"155","0","ADX","16/4/2026 05:19:58"
"com.xiongjianread.home","芭乐阅读-荣耀",,,"324","0","ADX","16/4/2026 05:19:58"
"com.xiongmai.xmeye.pro","XMEye Pro",,,"32","0","ADX","16/4/2026 05:19:58"
"com.xiongmai.xmeye.pro","XMEye Pro-iOS",,,"771","0","ADX","16/4/2026 05:19:58"
"com.xiongmai.xmeye.pro","com.xiongmai.XMeye.Pro",,,"7887","0","ADX","16/4/2026 05:19:58"
"com.xiongmai.xmeye.pro","监控眼Pro",,,"14734","0","ADX","16/4/2026 05:19:58"
"com.xiw.qix","熹微气象",,,"11095","0","ADX","16/4/2026 05:19:58"
"com.xjkj.trendyfs","潮品速购",,,"51300","0","ADX","16/4/2026 05:19:58"
"com.xm.csee","com.XM.CSee","居家生活",,"6443","0","ADX","16/4/2026 05:19:58"
"com.xm.csee","com.xm.csee","居家生活",,"387","0","ADX","16/4/2026 05:19:58"
"com.xm.csee","iCSee","居家生活",,"148","0","ADX","16/4/2026 05:19:58"
"com.xm.csee","超级看看","居家生活",,"326985","0","ADX","16/4/2026 05:19:58"
"com.xm.csee","超级看看-IOS","居家生活",,"238","0","ADX","16/4/2026 05:19:58"
"com.xm.csee","超级看看-安卓","居家生活",,"13","0","ADX","16/4/2026 05:19:58"
"com.xmcct.app","com.xmcct.app",,,"119","0","ADX","16/4/2026 05:19:58"
"com.xmei.shift","轮班日历",,,"256","0","ADX","16/4/2026 05:19:58"
"com.xq.jcy","com.xq.jcy",,,"6041","0","ADX","16/4/2026 05:19:58"
"com.xq.jcy","学车不",,,"1152","0","ADX","16/4/2026 05:19:58"
"com.xquestion.xpingjiakaodawang","com.xquestion.xpingjiakaodawang",,,"295","0","ADX","16/4/2026 05:19:58"
"com.xquestion.xpingjiakaodawang","驾考大王",,,"647","0","ADX","16/4/2026 05:19:58"
"com.xrkj.curated.music","com.xrkj.curated.music",,,"3","0","ADX","16/4/2026 05:19:58"
"com.xrkj.stars.music","com.xrkj.stars.music",,,"398","0","ADX","16/4/2026 05:19:58"
"com.xsapp.ssb","com.xsApp.ssb","移动办公",,"270","0","ADX","16/4/2026 05:19:58"
"com.xsapp.ssb","手作小记","移动办公",,"6720","0","ADX","16/4/2026 05:19:58"
"com.xtuone.friday","com.xtuone.Friday","社交/工具",,"2265331","0","ADX","16/4/2026 05:19:58"
"com.xtuone.friday","sdk iOS","社交/工具",,"60","0","ADX","16/4/2026 05:19:58"
"com.xtuone.friday","超级课程表","社交/工具",,"965277","0","ADX","16/4/2026 05:19:58"
"com.xtuone.friday","超级课程表-iOS","社交/工具",,"142","0","ADX","16/4/2026 05:19:58"
"com.xtuone.friday","超级课程表-早八必备","社交/工具",,"132646","0","ADX","16/4/2026 05:19:58"
"com.xuejiaxs.hodas","文思匠",,,"113","0","ADX","16/4/2026 05:19:58"
"com.xuejiaxs.hodas","暖宠时光",,,"266","0","ADX","16/4/2026 05:19:58"
"com.xuejiaxs.hodas","菠萝种植",,,"13","0","ADX","16/4/2026 05:19:58"
"com.xuejiaxs.hodas","费析家",,,"165","0","ADX","16/4/2026 05:19:58"
"com.xuejiaxs.hodas","饮光小册",,,"166","0","ADX","16/4/2026 05:19:58"
"com.xunlei.mvideo","com.xunlei.mvideo","影音娱乐",,"152388","0","ADX","16/4/2026 05:19:58"
"com.xunlei.mvideo","手机迅雷- iOS","影音娱乐",,"271559","0","ADX","16/4/2026 05:19:58"
"com.xunlei.mvideo","迅雷","影音娱乐",,"1635496","0","ADX","16/4/2026 05:19:58"
"com.xwxjz.xw","com.xwxjz.xw",,,"423","0","ADX","16/4/2026 05:19:58"
"com.xwxjz.xw","大象驾到",,,"23840","0","ADX","16/4/2026 05:19:58"
"com.xxtstudio.iosdev","com.xxtstudio.iosdev",,,"500","0","ADX","16/4/2026 05:19:58"
"com.xxtstudio.iosdev","粉粉日记",,,"5176","0","ADX","16/4/2026 05:19:58"
"com.xxzc.cxdz","com.xxzc.cxdz",,,"927","0","ADX","16/4/2026 05:19:58"
"com.xxzc.cxdz","出行搭子",,,"34","0","ADX","16/4/2026 05:19:58"
"com.xxzh.xt","com.xxzh.xt",,,"10269","0","ADX","16/4/2026 05:19:58"
"com.xxzh.xt","韩小台",,,"76965","0","ADX","16/4/2026 05:19:58"
"com.xydmgo.lqep","com.xydmgo.lqep",,,"919","0","ADX","16/4/2026 05:19:58"
"com.xydmgo.lqep","柠檬短剧-250528",,,"75","0","ADX","16/4/2026 05:19:58"
"com.xyf.app.xyf","邮驿付",,,"27","0","ADX","16/4/2026 05:19:58"
"com.xygame.cloudphone","com.xygame.cloudphone",,,"5","0","ADX","16/4/2026 05:19:58"
"com.xyhui","com.xyhui","学生社区",,"47","0","ADX","16/4/2026 05:19:58"
"com.xyhui","口袋校园","学生社区",,"9886","0","ADX","16/4/2026 05:19:58"
"com.xyj.ios.wallpaper","com.xyj.ios.wallpaper",,,"27","0","ADX","16/4/2026 05:19:58"
"com.xyj.ios.wallpaper","爱拼图",,,"4741","0","ADX","16/4/2026 05:19:58"
"com.xykj.ayxw","com.xykj.ayxw",,,"898","0","ADX","16/4/2026 05:19:58"
"com.xyuex.cyyx.bmwd","com.xyuex.cyyx.bmwd",,,"6","0","ADX","16/4/2026 05:19:58"
"com.xyy.android.ltxrht","com.xyy.android.ltxrht","效率办公",,"940","0","ADX","16/4/2026 05:19:58"
"com.xyy.android.ltxrht","信仁汇通","效率办公",,"107985","0","ADX","16/4/2026 05:19:58"
"com.xyy.jxjc.shortplay.android","com.xyy.jxjc.shortplay.Android",,,"29","0","ADX","16/4/2026 05:19:58"
"com.xyy.jxjc.shortplay.android","金象视界",,,"103869","0","ADX","16/4/2026 05:19:58"
"com.yaotou.xiaohudie","com.yaotou.xiaohudie",,,"35","0","ADX","16/4/2026 05:19:58"
"com.yaotou.xiaohudie","中熵云",,,"650","0","ADX","16/4/2026 05:19:58"
"com.yaymedialabs.putong","com.yaymedialabs.putong",,,"114","0","ADX","16/4/2026 05:19:58"
"com.ycwlhz.tksp","com.ycwlhz.tksp",,,"11","0","ADX","16/4/2026 05:19:58"
"com.ycwlhz.tksp","天空视频",,,"2309","0","ADX","16/4/2026 05:19:58"
"com.ycwlhz.yysp","com.ycwlhz.yysp","实用工具",,"30","0","ADX","16/4/2026 05:19:58"
"com.ycwlhz.yysp","闪电视频","实用工具",,"8092","0","ADX","16/4/2026 05:19:58"
"com.yczhuis.ya","com.yczhuis.ya",,,"1773","0","ADX","16/4/2026 05:19:58"
"com.yczhuis.ya","追书鸭",,,"25065","0","ADX","16/4/2026 05:19:58"
"com.yeman.ximi","com.yeman.ximi",,,"1630","0","ADX","16/4/2026 05:19:58"
"com.yhxx.idiomskill","成语通",,,"7953","0","ADX","16/4/2026 05:19:58"
"com.yhxz.youhexianzhi","com.yhxz.youhexianzhi",,,"22","0","ADX","16/4/2026 05:19:58"
"com.yicong.ants","com.yicong.ants","旅游出行/生活服务",,"133","0","ADX","16/4/2026 05:19:58"
"com.yicong.ants","蚁丛旅游","旅游出行/生活服务",,"150724","0","ADX","16/4/2026 05:19:58"
"com.yigequanquanqq.app","一个圈圈",,,"545","0","ADX","16/4/2026 05:19:58"
"com.yingdun.app","驾考管家",,,"607","0","ADX","16/4/2026 05:19:58"
"com.yingdunxueche.app","学车管家",,,"182","0","ADX","16/4/2026 05:19:58"
"com.yinghua.cp","靠谱测评",,,"11124","0","ADX","16/4/2026 05:19:58"
"com.yingteng.ipc","com.yingteng.ipc","居家生活",,"28889","0","ADX","16/4/2026 05:19:58"
"com.yingteng.ipc","影腾智联","居家生活",,"376674","0","ADX","16/4/2026 05:19:58"
"com.yingwen.gobang","com.yingwen.gobang",,,"1659","0","ADX","16/4/2026 05:19:58"
"com.yingwen.gobang","五子棋",,,"14749","0","ADX","16/4/2026 05:19:58"
"com.yinjie.ceping","com.yinjie.ceping","实用工具",,"3746","0","ADX","16/4/2026 05:19:58"
"com.yinjie.ceping","玄学猫","实用工具",,"68887","0","ADX","16/4/2026 05:19:58"
"com.yinlinghuipin.android","com.yinlinghuipin.android",,,"201","0","ADX","16/4/2026 05:19:58"
"com.yinlinghuipin.android","银领惠民",,,"19427","0","ADX","16/4/2026 05:19:58"
"com.yinzhu.qx","com.yinzhu.qx",,,"7","0","ADX","16/4/2026 05:19:58"
"com.yinzhu.qx","银竹气象",,,"53221","0","ADX","16/4/2026 05:19:58"
"com.yiyou.tt","","社交聊天/游戏语音",,"14886","0","ADX","16/4/2026 05:19:58"
"com.yiyou.tt","TT语音","社交聊天/游戏语音",,"1869778","0","ADX","16/4/2026 05:19:58"
"com.yiyou.tt","TT语音-IOS","社交聊天/游戏语音",,"165","0","ADX","16/4/2026 05:19:58"
"com.yiyou.tt","com.yiyou.tt","社交聊天/游戏语音",,"88402","0","ADX","16/4/2026 05:19:58"
"com.yizhiquan.yizhiquan","溢之泉","充值缴费",,"5399","0","ADX","16/4/2026 05:19:58"
"com.yjkj.caibaopro","五福夺宝",,,"24","0","ADX","16/4/2026 05:19:58"
"com.yjkj.dailychallenge","菠萝派",,,"46","0","ADX","16/4/2026 05:19:58"
"com.yjkj.spinnerparty","com.yjkj.spinnerparty",,,"9","0","ADX","16/4/2026 05:19:58"
"com.yjkj.spinnerparty","菠萝福利版",,,"84","0","ADX","16/4/2026 05:19:58"
"com.ylly.zqgjs.huawei","我的可爱猫咪",,,"1192","0","ADX","16/4/2026 05:19:58"
"com.ymlm.ymhd","友梦联盟",,,"15","0","ADX","16/4/2026 05:19:58"
"com.yongxi.jinri","com.yongxi.jinri","影音娱乐/视频",,"5","0","ADX","16/4/2026 05:19:58"
"com.yongxi.jinri","今日看影视大全","影音娱乐/视频",,"353","0","ADX","16/4/2026 05:19:58"
"com.yongxinhua.charlies","com.yongxinhua.charlies",,,"125","0","ADX","16/4/2026 05:19:58"
"com.youban.xblertongpbhw","小伴龙动画屋",,,"941","0","ADX","16/4/2026 05:19:58"
"com.youchong.zjycx","优充侠",,,"10214","0","ADX","16/4/2026 05:19:58"
"com.youdu.ge","优读阁",,,"69435","0","ADX","16/4/2026 05:19:58"
"com.youku.phone","com.youku.phone",,,"434","0","ADX","16/4/2026 05:19:58"
"com.youku.phone","优酷视频",,,"389142","0","ADX","16/4/2026 05:19:58"
"com.youku.youku","com.youku.YouKu","影音播放",,"34084","0","ADX","16/4/2026 05:19:58"
"com.youku.youku","优酷视频","影音播放",,"752243","0","ADX","16/4/2026 05:19:58"
"com.youku.youku","优酷视频-《珠帘玉幕》全网独播","影音播放",,"272","0","ADX","16/4/2026 05:19:58"
"com.youloft.icloser","com.youloft.icloser","实用工具",,"37995","0","ADX","16/4/2026 05:19:58"
"com.youloft.mooddiary","com.youloft.mooddiary",,,"25679","0","ADX","16/4/2026 05:19:58"
"com.youqi.miaomiao","喵喵记账","金融理财",,"11030","0","ADX","16/4/2026 05:19:58"
"com.youqi.miaomiao","喵喵记账-ios","金融理财",,"466","0","ADX","16/4/2026 05:19:58"
"com.youqi.miaomiao","喵喵记账-安卓","金融理财",,"522646","0","ADX","16/4/2026 05:19:58"
"com.youshang.kuaidi4courier","com.youshang.Kuaidi4Courier",,,"763","0","ADX","16/4/2026 05:19:58"
"com.youshang.kuaidi4courier","快递100收件",,,"18828","0","ADX","16/4/2026 05:19:58"
"com.youshang.kuaidi4courier","快递100收件端-快递员专用",,,"4031","0","ADX","16/4/2026 05:19:58"
"com.youyou.guoling","com.youyou.guoling",,,"2988","0","ADX","16/4/2026 05:19:58"
"com.youyou.guoling","悠游果林",,,"199683","0","ADX","16/4/2026 05:19:58"
"com.youyu.jyjizhang","com.youyu.jyjizhang",,,"20891","0","ADX","16/4/2026 05:19:58"
"com.ysdq.llysfxtx","六六影视大全",,,"1884","0","ADX","16/4/2026 05:19:58"
"com.ythl.jycgb","土豆奇遇记",,,"834","0","ADX","16/4/2026 05:19:58"
"com.ythl.jycgb","帽子先森奇遇记",,,"575","0","ADX","16/4/2026 05:19:58"
"com.ythl.jycgb","熊猫探险计划",,,"711","0","ADX","16/4/2026 05:19:58"
"com.ythl.jycgb","狂飙大卡车",,,"625","0","ADX","16/4/2026 05:19:58"
"com.yuandancomics.app","com.yuandancomics.app",,,"500","0","ADX","16/4/2026 05:19:58"
"com.yuandancomics.app","原耽漫画",,,"213","0","ADX","16/4/2026 05:19:58"
"com.yuanmeng.wu","圆梦屋",,,"7297","0","ADX","16/4/2026 05:19:58"
"com.yuanmengkongjian.app","元梦智慧办公移动软件",,,"140","0","ADX","16/4/2026 05:19:58"
"com.yuanye.rentfriends","com.yuanye.rentfriends",,,"148","0","ADX","16/4/2026 05:19:58"
"com.yuanyingkeji.guaiguaijizhang","com.yuanyingkeji.guaiguaijizhang","实用工具",,"22","0","ADX","16/4/2026 05:19:58"
"com.yuanyingkeji.guaiguaijizhang","小乖记账","实用工具",,"13969","0","ADX","16/4/2026 05:19:58"
"com.yuewuji.home","悦物集-小米",,,"2077","0","ADX","16/4/2026 05:19:58"
"com.yueyou.cyreader","(贰零壹陆)小说去广告秒过激励视频","阅读",,"5","0","ADX","16/4/2026 05:19:58"
"com.yueyou.cyreader","com.yueyou.cyreader","阅读",,"2034","0","ADX","16/4/2026 05:19:58"
"com.yueyou.cyreader","七猫小说","阅读",,"20541528","0","ADX","16/4/2026 05:19:58"
"com.yunda.agentapp","com.yunda.AgentApp","时尚购物",,"13","0","ADX","16/4/2026 05:19:58"
"com.yunda.agentapp","韵达超市","时尚购物",,"5528","0","ADX","16/4/2026 05:19:58"
"com.yunda.supermarketapp","com.yunda.SuperMarketApp",,,"64","0","ADX","16/4/2026 05:19:58"
"com.yunda.supermarketapp","韵达超市",,,"1249","0","ADX","16/4/2026 05:19:58"
"com.yundong.zoulubao","com.yundong.zoulubao",,,"2801","0","ADX","16/4/2026 05:19:58"
"com.yundong.zoulubao","运动走路宝",,,"72020","0","ADX","16/4/2026 05:19:58"
"com.yunjian.bookstore","云笺阅读",,,"245073","0","ADX","16/4/2026 05:19:58"
"com.yunjv.sgbj","com.yunjv.sgbj",,,"8","0","ADX","16/4/2026 05:19:58"
"com.yunjv.sgbj","拾光笔记助手",,,"309","0","ADX","16/4/2026 05:19:58"
"com.yunnao.suda","云脑速答",,,"39467","0","ADX","16/4/2026 05:19:58"
"com.yunxiaobao.driver","运销宝司机",,,"62","0","ADX","16/4/2026 05:19:58"
"com.yunzhi.tiyu","com.yunzhi.tiyu",,,"133","0","ADX","16/4/2026 05:19:58"
"com.yunzhi.tiyu","云运动",,,"4344","0","ADX","16/4/2026 05:19:58"
"com.yupao.gongdijigong","com.yupao.gongdijigong",,,"540","0","ADX","16/4/2026 05:19:58"
"com.yupao.gongdijigong","工地记工",,,"38","0","ADX","16/4/2026 05:19:58"
"com.yupao.gongdijigong","鱼泡工地记工",,,"788631","0","ADX","16/4/2026 05:19:58"
"com.yuqibiao.pan","com.yuqibiao.pan",,,"3","0","ADX","16/4/2026 05:19:58"
"com.yuquan.ecologyapp","生态文明联盟",,,"8","0","ADX","16/4/2026 05:19:58"
"com.ywhbd.gst","com.ywhbd.gst",,,"73","0","ADX","16/4/2026 05:19:58"
"com.yx.logistics","小小影视","效率办公",,"90","0","ADX","16/4/2026 05:19:58"
"com.yxhz.mysq.ddhj","com.yxhz.mysq.ddhj",,,"351","0","ADX","16/4/2026 05:19:58"
"com.yxwl.hskj","好飨看剧",,,"3062","0","ADX","16/4/2026 05:19:58"
"com.yxwl.masg","墨谙书阁",,,"48411","0","ADX","16/4/2026 05:19:58"
"com.yy.wrhjcs","com.yy.wrhjcs",,,"7","0","ADX","16/4/2026 05:19:58"
"com.yy.wrhjcs","淘热点Mini版",,,"1006","0","ADX","16/4/2026 05:19:58"
"com.yyf.home","com.yyf.home",,,"910","0","ADX","16/4/2026 05:19:58"
"com.yyhbp.ydhbp","com.yyhbp.ydhbp","时尚购物",,"59","0","ADX","16/4/2026 05:19:58"
"com.yyhbp.ydhbp","悠悠红包派","时尚购物",,"240","0","ADX","16/4/2026 05:19:58"
"com.yyzx.cjxf","成就幸福",,,"41","0","ADX","16/4/2026 05:19:58"
"com.yzd.habit.itally","com.yzd.habit.itally",,,"112","0","ADX","16/4/2026 05:19:58"
"com.yzd.habit.itally","萌猪记账",,,"1345","0","ADX","16/4/2026 05:19:58"
"com.zaimanhua","com.zaimanhua",,,"133374","0","ADX","16/4/2026 05:19:58"
"com.zaimanhua","再漫画",,,"5340","0","ADX","16/4/2026 05:19:58"
"com.zdbq.ljtq.ljweather","com.zdbq.ljtq.ljweather",,,"102","0","ADX","16/4/2026 05:19:58"
"com.zdbq.ljtq.ljweather","莉景天气",,,"8501","0","ADX","16/4/2026 05:19:58"
"com.zghl.smartlife","小智社区",,,"13","0","ADX","16/4/2026 05:19:58"
"com.zhangkongapp.joke.bamenshenqi","com.zhangkongapp.joke.bamenshenqi","游戏工具",,"12","0","ADX","16/4/2026 05:19:58"
"com.zhangling.amituofomy.zhenhao","com.zhangling.amituofomy.zhenhao",,,"822","0","ADX","16/4/2026 05:19:58"
"com.zhanlang.notes","com.zhanlang.notes","效率办公",,"65","0","ADX","16/4/2026 05:19:58"
"com.zhanlang.notes","备忘录记事君","效率办公",,"865","0","ADX","16/4/2026 05:19:58"
"com.zhanlang.notes","备忘录记事本","效率办公",,"6330","0","ADX","16/4/2026 05:19:58"
"com.zhaocaimao.wy","我有招财猫","金融/游戏",,"1023","0","ADX","16/4/2026 05:19:58"
"com.zhaofa.manmiao.video","com.zhaofa.manmiao.video",,,"902","0","ADX","16/4/2026 05:19:58"
"com.zhekougu.home","折扣谷-OPPO",,,"3801","0","ADX","16/4/2026 05:19:58"
"com.zhenpansheng.home","枕畔声-OPPO",,,"19","0","ADX","16/4/2026 05:19:58"
"com.zhenxiang.bizhi","真香壁纸",,,"874","0","ADX","16/4/2026 05:19:58"
"com.zher.wheels","com.zher.wheels",,,"20","0","ADX","16/4/2026 05:19:58"
"com.zher.wheels","小决定",,,"284","0","ADX","16/4/2026 05:19:58"
"com.zhff.jizansq","com.zhff.jizansq",,,"177","0","ADX","16/4/2026 05:19:58"
"com.zhibo8.tenyears","com.zhibo8.tenyears",,,"14671","0","ADX","16/4/2026 05:19:58"
"com.zhihu.android","com.zhihu.android",,,"118585","0","ADX","16/4/2026 05:19:58"
"com.zhihu.ios","com.zhihu.ios","社交/问答",,"108390","0","ADX","16/4/2026 05:19:58"
"com.zhihuidanji.smarterlayer","com.zhihuidanji.smarterlayer",,,"413","0","ADX","16/4/2026 05:19:58"
"com.zhihuidanji.smarterlayer","xsz",,,"22370","0","ADX","16/4/2026 05:19:58"
"com.zhisu.yuefang","com.zhisu.yuefang",,,"376","0","ADX","16/4/2026 05:19:58"
"com.zhisu.yuefang","阅坊",,,"10399","0","ADX","16/4/2026 05:19:58"
"com.zhiyou.xxzyt","智游通",,,"2572","0","ADX","16/4/2026 05:19:58"
"com.zhkj.lvzsp","绿洲食谱",,,"87","0","ADX","16/4/2026 05:19:58"
"com.zhl.yhxx.iphone","com.zhl.yhxx.iphone",,,"225","0","ADX","16/4/2026 05:19:58"
"com.zhl.yhxx.iphone","优化学习",,,"1338","0","ADX","16/4/2026 05:19:58"
"com.zhongka.car_travel_life","车旅生活",,,"9954","0","ADX","16/4/2026 05:19:58"
"com.zhongka.drivingschool","com.zhongka.drivingschool",,,"99","0","ADX","16/4/2026 05:19:58"
"com.zhongka.drivingschool","车旅生活",,,"340","0","ADX","16/4/2026 05:19:58"
"com.zhongsuo.tteyes","360 IOT",,,"45","0","ADX","16/4/2026 05:19:58"
"com.zhongsuo.tteyes","com.zhongsuo.tteyes",,,"690","0","ADX","16/4/2026 05:19:58"
"com.zhongsuo.tteyes","云看看",,,"24819","0","ADX","16/4/2026 05:19:58"
"com.zhongsuo.tteyes","雲看看",,,"294","0","ADX","16/4/2026 05:19:58"
"com.zhongwei.aiweibaby","com.zhongwei.aiweibaby","亲子/教育",,"39373","0","ADX","16/4/2026 05:19:58"
"com.zhongwei.aiweibaby","爱维宝贝","亲子/教育",,"469941","0","ADX","16/4/2026 05:19:58"
"com.zhongwei.aiweibaby","爱维研发","亲子/教育",,"6","0","ADX","16/4/2026 05:19:58"
"com.zhuqingmi.pandabill","熊猫小账本 - 自动记账很方便",,,"2202","0","ADX","16/4/2026 05:19:58"
"com.zidongdianji.autoclicker","com.zidongdianji.autoclicker",,,"481","0","ADX","16/4/2026 05:19:58"
"com.zidongdianji.autoclicker","万能自动点击器连点器",,,"367","0","ADX","16/4/2026 05:19:58"
"com.zixi.jjdss","土豆奇遇记",,,"126","0","ADX","16/4/2026 05:19:58"
"com.zixi.jjdss","熊猫探险计划",,,"74","0","ADX","16/4/2026 05:19:58"
"com.zixi.ncwsy","土豆奇遇记",,,"693","0","ADX","16/4/2026 05:19:58"
"com.zixi.ncwsy","帽子先森奇遇记",,,"763","0","ADX","16/4/2026 05:19:58"
"com.zixi.ncwsy","我在老城区跑酷",,,"698","0","ADX","16/4/2026 05:19:58"
"com.zixi.ncwsy","熊猫探险计划",,,"667","0","ADX","16/4/2026 05:19:58"
"com.zixi.ncwsy","狂飙大卡车",,,"702","0","ADX","16/4/2026 05:19:58"
"com.zixi.ncwsy","看我奇思妙想",,,"738","0","ADX","16/4/2026 05:19:58"
"com.ziyun.zxzyzb","紫云账本",,,"14","0","ADX","16/4/2026 05:19:58"
"com.zj.schedulemanagement","com.zj.ScheduleManagement",,,"99","0","ADX","16/4/2026 05:19:58"
"com.zjeja","com.zjeja",,,"15","0","ADX","16/4/2026 05:19:58"
"com.zjeja","e家安",,,"385","0","ADX","16/4/2026 05:19:58"
"com.zjkj.trip","打车助手",,,"597","0","ADX","16/4/2026 05:19:58"
"com.zmapp.fwatch","com.zmapp.Fwatch",,,"19974","0","ADX","16/4/2026 05:19:58"
"com.zmapp.fwatch","子腾园",,,"254470","0","ADX","16/4/2026 05:19:58"
"com.zmsoft.forwatch","com.zmsoft.forwatch",,,"492","0","ADX","16/4/2026 05:19:58"
"com.zmsoft.forwatch","子腾园",,,"7349","0","ADX","16/4/2026 05:19:58"
"com.zn.ershouxiong.znlygame","com.zn.ershouxiong.znlygame",,,"8","0","ADX","16/4/2026 05:19:58"
"com.zniel.magictcm","com.zniel.magictcm",,,"712","0","ADX","16/4/2026 05:19:58"
"com.zoe.iosgglbntnyr","com.zoe.iosgglbntnyr",,,"458","0","ADX","16/4/2026 05:19:58"
"com.zoe.iosgglbntnyr","飞行棋",,,"5193","0","ADX","16/4/2026 05:19:58"
"com.zskj.kankan","看看",,,"155","0","ADX","16/4/2026 05:19:58"
"com.zswx.app.ft11px","42-掌上多多11",,,"34","0","ADX","16/4/2026 05:19:58"
"com.zswx.app.ft11px","com.zswx.app.ft11px",,,"1693","0","ADX","16/4/2026 05:19:58"
"com.zswx.app.ftsub2","com.zswx.app.ftsub2",,,"142","0","ADX","16/4/2026 05:19:58"
"com.zswx.app.ftsub2","掌上多多专业版",,,"5","0","ADX","16/4/2026 05:19:58"
"com.zucaijia.qiulaile","com.zucaijia.qiulaile",,,"60","0","ADX","16/4/2026 05:19:58"
"com.zuiq.suans","com.zuiq.suans",,,"2","0","ADX","16/4/2026 05:19:58"
"com.zujilu.home","足迹录-OPPO",,,"172","0","ADX","16/4/2026 05:19:58"
"com.zuoyebang.knowledge","",,,"16","0","ADX","16/4/2026 05:19:58"
"com.zuoyebang.knowledge","com.zuoyebang.knowledge",,,"23935","0","ADX","16/4/2026 05:19:58"
"com.zuoyebang.knowledge","作业帮家长版",,,"9926","0","ADX","16/4/2026 05:19:58"
"com.zuozhengshow.cnnews","中华彩讯",,,"145","0","ADX","16/4/2026 05:19:58"
"com.zwcloud.p6slite","HiEasy",,,"222471","0","ADX","16/4/2026 05:19:58"
"com.zwcloud.p6slite","com.zwcloud.P6SLite",,,"99048","0","ADX","16/4/2026 05:19:58"
"com.zwcloud.p6slite","睿博士",,,"854503","0","ADX","16/4/2026 05:19:58"
"com.zwcloud.p6slite","睿博士-jg",,,"52113","0","ADX","16/4/2026 05:19:58"
"com.zwcode.p6slite","HiEasy",,,"289","0","ADX","16/4/2026 05:19:58"
"com.zwcode.p6slite","com.zwcode.p6slite",,,"8204","0","ADX","16/4/2026 05:19:58"
"com.zwcode.p6slite","睿博士",,,"807495","0","ADX","16/4/2026 05:19:58"
"com.zwcode.p6slite","睿博士-jg",,,"706","0","ADX","16/4/2026 05:19:58"
"com.zwcode.p6slite","睿博士-安卓",,,"91","0","ADX","16/4/2026 05:19:58"
"com.zwddz.gst","com.zwddz.gst",,,"30","0","ADX","16/4/2026 05:19:58"
"com.zwhbd.gst","com.zwhbd.gst",,,"89","0","ADX","16/4/2026 05:19:58"
"com.zy.shudongxiong.shortplay","com.zy.shudongxiong.shortplay","影音视听",,"34","0","ADX","16/4/2026 05:19:58"
"com.zy.shudongxiong.shortplay","树洞熊","影音视听",,"753","0","ADX","16/4/2026 05:19:58"
"com.zykj.zhengwendao","峥文岛",,,"15381","0","ADX","16/4/2026 05:19:58"
"com.zzly99.tjms","mtyy",,,"92","0","ADX","16/4/2026 05:19:58"
"con.jinshi.jian","锦食间",,,"67560","0","ADX","16/4/2026 05:19:58"
"enfc.metro","亿通行",,,"126","0","ADX","16/4/2026 05:19:58"
"eu.xiaodao.xiaodao","晓岛",,,"418","0","ADX","16/4/2026 05:19:58"
"example.guomen","门禁卡",,,"13577","0","ADX","16/4/2026 05:19:58"
"fm.qingting.qtradio","fm.qingting.qtradio","影音视听",,"195","0","ADX","16/4/2026 05:19:58"
"fm.qingting.qtradio","蜻蜓fm","影音视听",,"88983","0","ADX","16/4/2026 05:19:58"
"graphicnovels.fanmugua.www","番木瓜",,,"521","0","ADX","16/4/2026 05:19:58"
"greedy.learning.app","贪学百科",,,"290","0","ADX","16/4/2026 05:19:58"
"gzqf.ddyy.yyjj","爱看短剧",,,"385","0","ADX","16/4/2026 05:19:58"
"ink.qiyishequ.app","奇异社区",,,"732","0","ADX","16/4/2026 05:19:58"
"ink.qiyishequ.app","鹿谷社区",,,"69","0","ADX","16/4/2026 05:19:58"
"io.dcloud.h576e6cc7","io.dcloud.H576E6CC7",,,"991","0","ADX","16/4/2026 05:19:58"
"io.dcloud.h576e6cc7","鱼泡直聘",,,"977756","0","ADX","16/4/2026 05:19:58"
"io.dcloud.h576e6cc7","鱼泡直聘 3",,,"4","0","ADX","16/4/2026 05:19:58"
"io.dcloud.h576e6cc7","鱼泡网",,,"14797","0","ADX","16/4/2026 05:19:58"
"io.dcloud.sgcx","",,,"11","0","ADX","16/4/2026 05:19:58"
"io.dcloud.sgcx","三国查询",,,"1818","0","ADX","16/4/2026 05:19:58"
"io.fasteasyscantext.hub","io.fasteasyscantext.hub",,,"4","0","ADX","16/4/2026 05:19:58"
"io.qdpcq.pcqpro","爬宠圈Pro",,,"600","0","ADX","16/4/2026 05:19:58"
"io.smoothoptclean.manager","io.smoothoptclean.manager",,,"31","0","ADX","16/4/2026 05:19:58"
"io.yiqingclean.assist","io.yiqingclean.assist",,,"13","0","ADX","16/4/2026 05:19:58"
"jhg.fde.fgh","智能遥控",,,"4056","0","ADX","16/4/2026 05:19:58"
"kaixiang.allpeople.intelligentlock","kaixiang.allpeople.Intelligentlock",,,"14004","0","ADX","16/4/2026 05:19:58"
"kaixiang.allpeople.intelligentlock","到家啦",,,"11633","0","ADX","16/4/2026 05:19:58"
"kuangxiang.happybook","kuangxiang.HappyBook",,,"36","0","ADX","16/4/2026 05:19:58"
"kuangxiang.happybook","刺猬猫阅读",,,"4587","0","ADX","16/4/2026 05:19:58"
"lianyuan.com.lyclassify","lianyuan.com.lyclassify",,,"7","0","ADX","16/4/2026 05:19:58"
"lianyuan.com.lyclassify","分好啦",,,"426","0","ADX","16/4/2026 05:19:58"
"lvcc.charge","驴充充",,,"1327","0","ADX","16/4/2026 05:19:58"
"m.qianshun.xzfxxl","m.qianshun.xzfxxl",,,"51","0","ADX","16/4/2026 05:19:58"
"m.qianshun.xzfxxl","想致富先修路",,,"3434","0","ADX","16/4/2026 05:19:58"
"main.smart.chenzhou","main.smart.chenzhou",,,"132","0","ADX","16/4/2026 05:19:58"
"masih.vahida.serverwalkietalkie","Online Walkie Talkie Pro",,,"3669","0","ADX","16/4/2026 05:19:58"
"masih.vahida.serverwalkietalkie","masih.vahida.ServerWalkieTalkie",,,"5753","0","ADX","16/4/2026 05:19:58"
"me.nndcltd.highenergy","钱方高能",,,"10","0","ADX","16/4/2026 05:19:58"
"net.ajcloud.universal","AJCloud","实用工具",,"122114","0","ADX","16/4/2026 05:19:58"
"net.ajcloud.universal","net.ajcloud.universal","实用工具",,"104940","0","ADX","16/4/2026 05:19:58"
"net.ajcloud.universal","安居云","实用工具",,"7784","0","ADX","16/4/2026 05:19:58"
"net.colorfulclouds.app","ColorfulClouds","生活天气",,"1509","0","ADX","16/4/2026 05:19:58"
"net.colorfulclouds.app","net.colorfulclouds.app","生活天气",,"12271","0","ADX","16/4/2026 05:19:58"
"net.colorfulclouds.app","彩云天气","生活天气",,"402306","0","ADX","16/4/2026 05:19:58"
"net.colorfulclouds.app","彩云天气-为您预报几点几分下雨","生活天气",,"86633","0","ADX","16/4/2026 05:19:58"
"net.colorfulclouds.app","彩云天气iOS","生活天气",,"5716","0","ADX","16/4/2026 05:19:58"
"net.colorfulclouds.app","彩雲天気","生活天气",,"118","0","ADX","16/4/2026 05:19:58"
"net.colorfulclouds.app","彩雲天氣","生活天气",,"4256","0","ADX","16/4/2026 05:19:58"
"net.cpwxw.cpfiction","net.cpwxw.cpfiction","图书阅读",,"10966","0","ADX","16/4/2026 05:19:58"
"net.cpwxw.cpfiction","长佩阅读","图书阅读",,"25082","0","ADX","16/4/2026 05:19:58"
"net.divine.appfree","net.divine.appfree",,,"809","0","ADX","16/4/2026 05:19:58"
"net.divine.appfree","灵占星座",,,"1810","0","ADX","16/4/2026 05:19:58"
"net.easyconn.carman","亿连驾驶助手-安卓",,,"215","0","ADX","16/4/2026 05:19:58"
"net.gtc.mengzhishiguang","net.gtc.mengzhishiguang",,,"46","0","ADX","16/4/2026 05:19:58"
"net.gtc.mengzhishiguang","萌植时光",,,"17732","0","ADX","16/4/2026 05:19:58"
"net.shenhun.cyjl","net.shenhun.cyjl",,,"5","0","ADX","16/4/2026 05:19:58"
"net.silkycloud.mobilekit","net.silkycloud.mobilekit","开发组件/SDK",,"15","0","ADX","16/4/2026 05:19:58"
"net.silkycloud.mobilekit","麦客","开发组件/SDK",,"4","0","ADX","16/4/2026 05:19:58"
"org.clearfast.judgeguard","明速判识卫士",,,"5","0","ADX","16/4/2026 05:19:58"
"org.wzeiri.android.sahar","org.wzeiri.android.sahar",,,"104","0","ADX","16/4/2026 05:19:58"
"org.wzeiri.android.sahar","薪乐达",,,"298","0","ADX","16/4/2026 05:19:58"
"org.zzh.relax.xh","org.zzh.relax.xh","健康/助眠",,"6","0","ADX","16/4/2026 05:19:58"
"org.zzh.relax.xh","薪火","健康/助眠",,"574","0","ADX","16/4/2026 05:19:58"
"predictor.tw.ui","predictor.tw.ui",,,"8","0","ADX","16/4/2026 05:19:58"
"qianxing.taojinke","qianxing.taojinke",,,"46","0","ADX","16/4/2026 05:19:58"
"qianxing.taojinke","淘金云客服",,,"484","0","ADX","16/4/2026 05:19:58"
"qiasite.wyzf","房屋出租管理系统",,,"16","0","ADX","16/4/2026 05:19:58"
"qiasite.wyzf","租房管理",,,"295","0","ADX","16/4/2026 05:19:58"
"qingzhi.lfeng.app","qingzhi.lfeng.app",,,"70","0","ADX","16/4/2026 05:19:58"
"qingzhi.lfeng.app","轻知极速版",,,"3095","0","ADX","16/4/2026 05:19:58"
"sina.mobile.tianqitong","sina.mobile.tianqitong",,,"18","0","ADX","16/4/2026 05:19:58"
"smartposapp.project","SmartPosApp.Project",,,"316","0","ADX","16/4/2026 05:19:58"
"smartposapp.project","惠管家门店通",,,"3971","0","ADX","16/4/2026 05:19:58"
"sqcosmos.com.animal","sqcosmos.com.animal",,,"3667","0","ADX","16/4/2026 05:19:58"
"tech.echoing.kuril","tech.echoing.kuril",,,"63","0","ADX","16/4/2026 05:19:58"
"tech.echoing.kuril","千岛",,,"3893","0","ADX","16/4/2026 05:19:58"
"tech.echoing.kuril","千岛iOS",,,"187","0","ADX","16/4/2026 05:19:58"
"tech.pingx.watchface","表盘自定义工具","智能手表表盘",,"1535","0","ADX","16/4/2026 05:19:58"
"tianqi.1","tianqi.1",,,"560","0","ADX","16/4/2026 05:19:58"
"top.bybd.dbyb","top.bybd.dbyb",,,"4","0","ADX","16/4/2026 05:19:58"
"top.nlfcs.scfln","top.nlfcs.scfln",,,"63","0","ADX","16/4/2026 05:19:58"
"top.opnb.qntwx","","聊天社交",,"7","0","ADX","16/4/2026 05:19:58"
"top.opnb.qntwx","top.opnb.qntwx","聊天社交",,"113","0","ADX","16/4/2026 05:19:58"
"top.opnb.qntwx","轻匿提问箱","聊天社交",,"15935","0","ADX","16/4/2026 05:19:58"
"top.soundraw.timemachine.app","top.soundraw.timemachine.app",,,"79","0","ADX","16/4/2026 05:19:58"
"top.sxgst.asxx","top.sxgst.asxx",,,"1209","0","ADX","16/4/2026 05:19:58"
"top.wdmh.hmdw","top.wdmh.hmdw",,,"28","0","ADX","16/4/2026 05:19:58"
"top.xiaocao.duola","多啦壁纸",,,"11","0","ADX","16/4/2026 05:19:58"
"top.yunxiaolinghang.ygx","top.yunxiaolinghang.ygx",,,"39","0","ADX","16/4/2026 05:19:58"
"top.zwc.sxdhwz","top.zwc.sxdhwz",,,"77","0","ADX","16/4/2026 05:19:58"
"top.zwc.sxdhwz","智玩春",,,"229","0","ADX","16/4/2026 05:19:58"
"top.zwd.zwhd","top.zwd.zwhd",,,"59","0","ADX","16/4/2026 05:19:58"
"top.zwd.zwhd","智玩冬",,,"211","0","ADX","16/4/2026 05:19:58"
"top.zwhd.dhwza","top.zwhd.dhwza",,,"54","0","ADX","16/4/2026 05:19:58"
"top.zwhd.dhwza","智玩互动",,,"222","0","ADX","16/4/2026 05:19:58"
"tv.miaotui.app","闪剪AI","拍摄剪辑|AI视频处理",,"959","0","ADX","16/4/2026 05:19:58"
"tv.tvguo.androidphone","tv.tvguo.androidphone","影音娱乐",,"5","0","ADX","16/4/2026 05:19:58"
"tv.tvguo.androidphone","电视果","影音娱乐",,"2290","0","ADX","16/4/2026 05:19:58"
"tv.yinhua.main","tv.yinhua.main",,,"11","0","ADX","16/4/2026 05:19:58"
"tv.yinhua.main","音画",,,"2002","0","ADX","16/4/2026 05:19:58"
"txkj.xian.com.txproject","球半",,,"547","0","ADX","16/4/2026 05:19:58"
"uni.app.uni2457440","邻里e购",,,"85","0","ADX","16/4/2026 05:19:58"
"uni.app.uni6f6fb02","马特宇宙",,,"75","0","ADX","16/4/2026 05:19:58"
"uni.app.uni845b096","消费联盟",,,"56","0","ADX","16/4/2026 05:19:58"
"uni.dcloud.zishenielian","自设捏脸","相机",,"139","0","ADX","16/4/2026 05:19:58"
"uni.lihuasuan","厉划算",,,"19","0","ADX","16/4/2026 05:19:58"
"uni.uni161295d","做菜宝典",,,"3125","0","ADX","16/4/2026 05:19:58"
"uni.uni2bf078c","安达换电",,,"1225","0","ADX","16/4/2026 05:19:58"
"uni.uni334610a","火鸟短剧",,,"68","0","ADX","16/4/2026 05:19:58"
"uni.uni3f29fe5","校源网管理端APP",,,"42","0","ADX","16/4/2026 05:19:58"
"uni.uni982fbfb","三国查询",,,"142","0","ADX","16/4/2026 05:19:58"
"uni.unia5199f0","uni.UNIA5199F0",,,"4507","0","ADX","16/4/2026 05:19:58"
"uni.unia5199f0","监控之家",,,"17345","0","ADX","16/4/2026 05:19:58"
"uni.wp2e20975","旺财",,,"3","0","ADX","16/4/2026 05:19:58"
"vip.chebb.xuefajianfen","车主搜题宝典",,,"60","0","ADX","16/4/2026 05:19:58"
"vstc.akcxkj.client","FOWL",,,"388","0","ADX","16/4/2026 05:19:58"
"w2a.app.iptv800.com","电视直播",,,"263","0","ADX","16/4/2026 05:19:58"
"wuyuxueche.com","维尔驾服",,,"53","0","ADX","16/4/2026 05:19:58"
"xm.jizhang.app","",,,"75","0","ADX","16/4/2026 05:19:58"
"xyz.longweikj.hkk","xyz.longweikj.hkk",,,"137","0","ADX","16/4/2026 05:19:58"
"xyz.longweikj.hkk","慧看看",,,"1950","0","ADX","16/4/2026 05:19:58"
"xyz.longweikj.yksj","xyz.longweikj.yksj",,,"58","0","ADX","16/4/2026 05:19:58"
"xyz.longweikj.yksj","阅酷视界",,,"275","0","ADX","16/4/2026 05:19:58"
"xyz.longweikj.yxsg","xyz.longweikj.yxsg",,,"12","0","ADX","16/4/2026 05:19:58"
"yjk.watchyskjk","亿健康","问诊咨询",,"1796","0","ADX","16/4/2026 05:19:58"
"youxuan.apgam.knotslogic","youxuan.apgam.knotsLogic",,,"25","0","ADX","16/4/2026 05:19:58"
"yx.c520.cn","健行校园",,,"336","0","ADX","16/4/2026 05:19:58"
"yzns.lyysd","领医未来",,,"19","0","ADX","16/4/2026 05:19:58"
"zanyouninesix.say","zanyouninesix.say",,,"76","0","ADX","16/4/2026 05:19:58"
"zanyouninesix.say","赞友商城",,,"3251","0","ADX","16/4/2026 05:19:58"
"app.woaigomoapp.com","app.woaigomoapp.com",,,"1","0","ADX","16/4/2026 05:20:02"
"cc.septnet.student","七天学堂iOS",,,"1","0","ADX","16/4/2026 05:20:02"
"cn.bamq.app","cn.bamq.app","全职招聘",,"1","0","ADX","16/4/2026 05:20:02"
"cn.nlkc.ckin","cn.nlkc.ckin",,,"1","0","ADX","16/4/2026 05:20:02"
"cn.nps.app.lzshow","cn.nps.app.lzshow",,,"1","0","ADX","16/4/2026 05:20:02"
"cn.quicktv.android","cn.quicktv.android",,,"1","0","ADX","16/4/2026 05:20:02"
"cn.soulapp.android","soul","聊天社交",,"2","0","ADX","16/4/2026 05:20:02"
"com.6x.locklauncher","com.6X.LockLauncher",,,"1","0","ADX","16/4/2026 05:20:02"
"com.anmez.greentest","com.anmez.greentest",,,"1","0","ADX","16/4/2026 05:20:02"
"com.app3600eyes","com.app3600eyes",,,"2","0","ADX","16/4/2026 05:20:02"
"com.baidu.input_oem","com.baidu.input_oem",,,"1","0","ADX","16/4/2026 05:20:02"
"com.baidu.map","2百度地图",,,"1","0","ADX","16/4/2026 05:20:02"
"com.baidu.netdisk15","百度网盘15",,,"1","0","ADX","16/4/2026 05:20:02"
"com.baidu.netdisk1585","百度网盘3",,,"1","0","ADX","16/4/2026 05:20:02"
"com.baidu.video.pad","com.baidu.video.pad",,,"13","0","ADX","16/4/2026 05:20:02"
"com.bikann.mfxssk","com.bikann.mfxssk",,,"1","0","ADX","16/4/2026 05:20:02"
"com.bofsoft.jxxyt","com.bofsoft.jxxyt",,,"2","0","ADX","16/4/2026 05:20:02"
"com.bulangyiyi","com.bulangyiyi",,,"3","0","ADX","16/4/2026 05:20:02"
"com.buye","com.buye",,,"1","0","ADX","16/4/2026 05:20:02"
"com.bzzw.dgmh.tg","com.bzzw.dgmh.tg","社交通讯",,"1","0","ADX","16/4/2026 05:20:02"
"com.caloriek.food.calc","卡路里计算器",,,"2","0","ADX","16/4/2026 05:20:02"
"com.cdcq","com.cdcq",,,"2","0","ADX","16/4/2026 05:20:02"
"com.chaozh.xincao.likan","com.chaozh.xincao.likan",,,"1","0","ADX","16/4/2026 05:20:02"
"com.chinaath.digi","Limo-测试",,,"1","0","ADX","16/4/2026 05:20:02"
"com.closeli.ipc","com.closeli.ipc",,,"1","0","ADX","16/4/2026 05:20:02"
"com.co.yoosee","有看头-iOS",,,"1","0","ADX","16/4/2026 05:20:02"
"com.cozylittlefarmhouse.cn","com.cozylittlefarmhouse.cn",,,"1","0","ADX","16/4/2026 05:20:02"
"com.cs.soudachemnq","com.cs.soudachemnq",,,"1","0","ADX","16/4/2026 05:20:02"
"com.daocaoren","com.daocaoren",,,"1","0","ADX","16/4/2026 05:20:02"
"com.ddcwl.chaohaoyun.driver","com.ddcwl.chaohaoyun.driver",,,"1","0","ADX","16/4/2026 05:20:02"
"com.dhyej.fyxs","com.dhyej.fyxs",,,"1","0","ADX","16/4/2026 05:20:02"
"com.dj.dpzzl.mi","com.dj.dpzzl.mi",,,"1","0","ADX","16/4/2026 05:20:02"
"com.dkxdu.dbbtf.tg","com.dkxdu.dbbtf.tg",,,"1","0","ADX","16/4/2026 05:20:02"
"com.dkxs.quickapp","豆蔻",,,"1","0","ADX","16/4/2026 05:20:02"
"com.dongbao.ygzj","com.dongbao.ygzj",,,"11","0","ADX","16/4/2026 05:20:02"
"com.dtower.bgrl","布谷日历",,,"1","0","ADX","16/4/2026 05:20:02"
"com.dzmvy.mhfzz","com.dzmvy.mhfzz",,,"1","0","ADX","16/4/2026 05:20:02"
"com.eqkeyboard.foreverl","com.eqkeyboard.foreverl",,,"1","0","ADX","16/4/2026 05:20:02"
"com.eun.yipairemote","com.eun.yipairemote",,,"3","0","ADX","16/4/2026 05:20:02"
"com.fhntgjn","com.fhntgjn",,,"1","0","ADX","16/4/2026 05:20:02"
"com.flickering.practice","com.flickering.practice",,,"2","0","ADX","16/4/2026 05:20:02"
"com.fly.fish","com.fly.fish",,,"5","0","ADX","16/4/2026 05:20:02"
"com.flyer.flyhealth","sdk iOS",,,"1","0","ADX","16/4/2026 05:20:02"
"com.futurefleet.changzhi","ChangZhiGongJiaoTong",,,"1","0","ADX","16/4/2026 05:20:02"
"com.futurefleet.pandabusdalian","广告demo",,,"1","0","ADX","16/4/2026 05:20:02"
"com.generalcomp.test1","易视云",,,"1","0","ADX","16/4/2026 05:20:02"
"com.gly.pianofinder","com.gly.pianofinder",,,"24","0","ADX","16/4/2026 05:20:02"
"com.heilonjiange.xiashibe","com.heilonjiange.xiashibe",,,"1","0","ADX","16/4/2026 05:20:02"
"com.hipu.yidian","com.hipu.yidian",,,"1","0","ADX","16/4/2026 05:20:02"
"com.hjkl.mdia","com.hjkl.mdia",,,"1","0","ADX","16/4/2026 05:20:02"
"com.hks.qzrycji.mi","com.hks.qzrycji.mi",,,"1","0","ADX","16/4/2026 05:20:02"
"com.huania.earthquakewarning","com.huania.earthquakewarning",,,"1","0","ADX","16/4/2026 05:20:02"
"com.hunqimingmenghuan","com.hunqimingmenghuan",,,"1","0","ADX","16/4/2026 05:20:02"
"com.hxleyou.desktopdog","com.hxleyou.desktopdog","桌面宠物/个性化",,"1","0","ADX","16/4/2026 05:20:02"
"com.ichano.athome.camera","掌上看家",,,"1","0","ADX","16/4/2026 05:20:02"
"com.ireadercity.weather","天气预报-iOS",,,"2","0","ADX","16/4/2026 05:20:02"
"com.itaojin.distribution","淘金云客服iOS",,,"3","0","ADX","16/4/2026 05:20:02"
"com.jiafanliuliangzhan.llb","com.jiafanliuliangzhan.llb",,,"1","0","ADX","16/4/2026 05:20:02"
"com.jiewang.ztbz.aaa6882263577432195275a74654af206","com.jiewang.ztbz.aaa6882263577432195275a74654af206",,,"8","0","ADX","16/4/2026 05:20:02"
"com.jiewang.ztbz.c0afa7e96b9d4408c9d1c7e47980d95b5","com.jiewang.ztbz.c0afa7e96b9d4408c9d1c7e47980d95b5",,,"1","0","ADX","16/4/2026 05:20:02"
"com.jiewang.ztbz.db4a92352abb84096a6d9e8960964d9b3","com.jiewang.ztbz.db4a92352abb84096a6d9e8960964d9b3",,,"1","0","ADX","16/4/2026 05:20:02"
"com.jiewang.ztbz.f808751e5157940bb9046ca528231ca89","com.jiewang.ztbz.f808751e5157940bb9046ca528231ca89",,,"1","0","ADX","16/4/2026 05:20:02"
"com.jiewang.ztbz.fc25a6b064866469ea0a94e98deda5593","com.jiewang.ztbz.fc25a6b064866469ea0a94e98deda5593",,,"1","0","ADX","16/4/2026 05:20:02"
"com.jiewang.ztbz.i7f6b8fada4ee42b0acb461c93fb5b222","com.jiewang.ztbz.i7f6b8fada4ee42b0acb461c93fb5b222",,,"1","0","ADX","16/4/2026 05:20:02"
"com.jiewang.ztbz.k75f2f27df2b6436a99f83bf0f189f2e3","com.jiewang.ztbz.k75f2f27df2b6436a99f83bf0f189f2e3",,,"1","0","ADX","16/4/2026 05:20:02"
"com.jiewang.ztbz.kd88f1ca408b841128fd3589a7753cb36","com.jiewang.ztbz.kd88f1ca408b841128fd3589a7753cb36",,,"1","0","ADX","16/4/2026 05:20:02"
"com.jiewang.ztbz.la403e55351da474ab249b8818b47d41a","com.jiewang.ztbz.la403e55351da474ab249b8818b47d41a",,,"1","0","ADX","16/4/2026 05:20:02"
"com.jiewang.ztbz.p40cf1fa12a21445e982ff6669a0f14be","com.jiewang.ztbz.p40cf1fa12a21445e982ff6669a0f14be",,,"1","0","ADX","16/4/2026 05:20:02"
"com.jiewang.ztbz.q37c98cf059c749788ebaa38c28451ac0","com.jiewang.ztbz.q37c98cf059c749788ebaa38c28451ac0",,,"1","0","ADX","16/4/2026 05:20:02"
"com.jiewang.ztbz.rdf87f2764b4744f58004b9310cb683f1","com.jiewang.ztbz.rdf87f2764b4744f58004b9310cb683f1",,,"1","0","ADX","16/4/2026 05:20:02"
"com.jiewang.ztbz.sa64f7b45ff014669ac880486b72cb42f","com.jiewang.ztbz.sa64f7b45ff014669ac880486b72cb42f",,,"3","0","ADX","16/4/2026 05:20:02"
"com.jiewang.ztbz.t1ebbe1ba5b4343abb85826fa2ad00d73","com.jiewang.ztbz.t1ebbe1ba5b4343abb85826fa2ad00d73",,,"1","0","ADX","16/4/2026 05:20:02"
"com.jiewang.ztbz.uae13fc2509454394b5f3d70cb88014b2","com.jiewang.ztbz.uae13fc2509454394b5f3d70cb88014b2",,,"1","0","ADX","16/4/2026 05:20:02"
"com.jiewang.ztbz.wb2e58a572276435db953c9e18b3d6118","com.jiewang.ztbz.wb2e58a572276435db953c9e18b3d6118",,,"1","0","ADX","16/4/2026 05:20:02"
"com.jiewang.ztbz.x39a8083d3c214f94ab141cd0865b4bc9","com.jiewang.ztbz.x39a8083d3c214f94ab141cd0865b4bc9",,,"1","0","ADX","16/4/2026 05:20:02"
"com.jiewang.ztbz.xdbb9bb11571d4d58953069e6024b1d40","com.jiewang.ztbz.xdbb9bb11571d4d58953069e6024b1d40",,,"1","0","ADX","16/4/2026 05:20:02"
"com.jiewang.ztbz.z657744a21ef44b1394e0bf98d3f94a99","com.jiewang.ztbz.z657744a21ef44b1394e0bf98d3f94a99",,,"1","0","ADX","16/4/2026 05:20:02"
"com.jingzhixing.fj.pe41a036e204f4e8ba4e6d33bbd55e469","com.jingzhixing.fj.pe41a036e204f4e8ba4e6d33bbd55e469",,,"1","0","ADX","16/4/2026 05:20:02"
"com.jingzhixing.pq.u5d91e5dfa1124c4e9d26a41e665e462f","com.jingzhixing.pq.u5d91e5dfa1124c4e9d26a41e665e462f",,,"1","0","ADX","16/4/2026 05:20:02"
"com.jingzhixing.xallq.laba8b7b194bf4260bd58993dac1701e7","com.jingzhixing.xallq.laba8b7b194bf4260bd58993dac1701e7",,,"1","0","ADX","16/4/2026 05:20:02"
"com.jizhi.jlongg.gdzg","com.jizhi.jlongg.gdzg",,,"1","0","ADX","16/4/2026 05:20:02"
"com.jooan.taisiwei","多多监控安卓","视频监控",,"2","0","ADX","16/4/2026 05:20:02"
"com.jove.temp","com.jove.temp",,,"1","0","ADX","16/4/2026 05:20:02"
"com.juyingyiyunzhan.fyb","com.juyingyiyunzhan.fyb",,,"2","0","ADX","16/4/2026 05:20:02"
"com.ksjoy.dream","com.ksjoy.dream","娱乐测试",,"2","0","ADX","16/4/2026 05:20:02"
"com.lehyk.wugjv","com.lehyk.wugjv",,,"1","0","ADX","16/4/2026 05:20:02"
"com.lejimi.android","乐集米",,,"1","0","ADX","16/4/2026 05:20:02"
"com.lepao.lptiyu.39","步道乐跑",,,"1","0","ADX","16/4/2026 05:20:02"
"com.lepao.lptiyu.7","步道乐跑",,,"1","0","ADX","16/4/2026 05:20:02"
"com.lilin.ocr","com.lilin.ocr",,,"1","0","ADX","16/4/2026 05:20:02"
"com.link.netcam_nabao","com.link.netcam_nabao",,,"1","0","ADX","16/4/2026 05:20:02"
"com.lutongnet.mobile.qgdj.cy.yc","com.lutongnet.mobile.qgdj.cy.yc",,,"1","0","ADX","16/4/2026 05:20:02"
"com.manzz.app.studentdriver","好学车",,,"1","0","ADX","16/4/2026 05:20:02"
"com.maoying.nfc","com.maoying.nfc",,,"1","0","ADX","16/4/2026 05:20:02"
"com.mating.jztq.a11884f6cb3d54e029df84ec7f931e440","com.mating.jztq.a11884f6cb3d54e029df84ec7f931e440",,,"4","0","ADX","16/4/2026 05:20:02"
"com.mating.jztq.c66bc49f3717b4a4c9c53aa1f43097ce7","com.mating.jztq.c66bc49f3717b4a4c9c53aa1f43097ce7",,,"1","0","ADX","16/4/2026 05:20:02"
"com.mating.jztq.e9a251f4dec9242aebe46c2c632e7d68a","com.mating.jztq.e9a251f4dec9242aebe46c2c632e7d68a",,,"1","0","ADX","16/4/2026 05:20:02"
"com.mating.jztq.j9392d2eef3f840a79a52b1dde781e10f","com.mating.jztq.j9392d2eef3f840a79a52b1dde781e10f",,,"1","0","ADX","16/4/2026 05:20:02"
"com.mating.jztq.mfd1692dd26ab41dd9a7377ef2d408141","com.mating.jztq.mfd1692dd26ab41dd9a7377ef2d408141",,,"4","0","ADX","16/4/2026 05:20:02"
"com.mating.jztq.pb88bcffc57a84b648f41dbf192eedb23","com.mating.jztq.pb88bcffc57a84b648f41dbf192eedb23",,,"1","0","ADX","16/4/2026 05:20:02"
"com.mating.jztq.q5b8a7d6eeb7b46ec90afcb0cf3df97e8","com.mating.jztq.q5b8a7d6eeb7b46ec90afcb0cf3df97e8",,,"1","0","ADX","16/4/2026 05:20:02"
"com.mating.jztq.z204f2c16684446c3be46291644ab2ecd","com.mating.jztq.z204f2c16684446c3be46291644ab2ecd",,,"7","0","ADX","16/4/2026 05:20:02"
"com.mating.sygj.bdab66c80fd5f463ea4d853509448b946","com.mating.sygj.bdab66c80fd5f463ea4d853509448b946",,,"1","0","ADX","16/4/2026 05:20:02"
"com.mating.sygj.c3441688f94e342d1830270865babfd39","com.mating.sygj.c3441688f94e342d1830270865babfd39",,,"1","0","ADX","16/4/2026 05:20:02"
"com.mating.sygj.e926ef3e0c62746939ccb3f10cc10ce54","com.mating.sygj.e926ef3e0c62746939ccb3f10cc10ce54",,,"2","0","ADX","16/4/2026 05:20:02"
"com.mating.sygj.f4de21006d3234942aa01fc649a597634","com.mating.sygj.f4de21006d3234942aa01fc649a597634",,,"1","0","ADX","16/4/2026 05:20:02"
"com.mating.sygj.k50c6d827ef574f6bb238eabba056bb0d","com.mating.sygj.k50c6d827ef574f6bb238eabba056bb0d",,,"1","0","ADX","16/4/2026 05:20:02"
"com.mating.sygj.k65ee5f9ae9a848e997c6b87cce15efe3","com.mating.sygj.k65ee5f9ae9a848e997c6b87cce15efe3",,,"1","0","ADX","16/4/2026 05:20:02"
"com.mating.sygj.l229d53eacd134cbab2f0880cba509225","com.mating.sygj.l229d53eacd134cbab2f0880cba509225",,,"1","0","ADX","16/4/2026 05:20:02"
"com.mating.sygj.q0235596cdae74a48b7c01a6bd8ed4e23","com.mating.sygj.q0235596cdae74a48b7c01a6bd8ed4e23",,,"1","0","ADX","16/4/2026 05:20:02"
"com.mating.sygj.u5dbf4fe4342b457586cd1467dc468ec1","com.mating.sygj.u5dbf4fe4342b457586cd1467dc468ec1",,,"7","0","ADX","16/4/2026 05:20:02"
"com.mating.sygj.vb480a01d3b8342efa91fc218d2cb9e4a","com.mating.sygj.vb480a01d3b8342efa91fc218d2cb9e4a",,,"1","0","ADX","16/4/2026 05:20:02"
"com.mating.sygj.w6b2eedde27384219ae2fbbd3be42d4c9","com.mating.sygj.w6b2eedde27384219ae2fbbd3be42d4c9",,,"1","0","ADX","16/4/2026 05:20:02"
"com.mating.sygj.xf7327caf3f3a4806b860f8f1e5ce5525","com.mating.sygj.xf7327caf3f3a4806b860f8f1e5ce5525",,,"1","0","ADX","16/4/2026 05:20:02"
"com.mg.mmkspeed","com.mg.mmkspeed","返利",,"1","0","ADX","16/4/2026 05:20:02"
"com.mike.compress2","com.mike.compress2",,,"5","0","ADX","16/4/2026 05:20:02"
"com.mimipig.qiezi","com.mimipig.qiezi",,,"1","0","ADX","16/4/2026 05:20:02"
"com.mjy.agriculture.midm","com.mjy.agriculture.midm",,,"2","0","ADX","16/4/2026 05:20:02"
"com.mounce.tueoic","com.mounce.tueoic",,,"1","0","ADX","16/4/2026 05:20:02"
"com.mvtrail.notepad.cn","com.mvtrail.notepad.cn",,,"3","0","ADX","16/4/2026 05:20:02"
"com.nineteenlou.nineteenlou","com.nineteenlou.nineteenlou",,,"2","0","ADX","16/4/2026 05:20:02"
"com.ninthgame.ilines","五子连珠",,,"14","0","ADX","16/4/2026 05:20:02"
"com.okooo.tiyu20","com.okooo.tiyu20",,,"15","0","ADX","16/4/2026 05:20:02"
"com.oteky.lfknp.koda","com.oteky.lfknp.koda",,,"1","0","ADX","16/4/2026 05:20:02"
"com.pqcqj.nluyd.koda","com.pqcqj.nluyd.koda",,,"4","0","ADX","16/4/2026 05:20:02"
"com.prize.news","com.prize.news",,,"4","0","ADX","16/4/2026 05:20:02"
"com.project.lzmh","sdk iOS",,,"1","0","ADX","16/4/2026 05:20:02"
"com.qqt.erjian","com.qqt.erjian",,,"2","0","ADX","16/4/2026 05:20:02"
"com.qtx.qtxty","com.qtx.qtxty","体育运动",,"3","0","ADX","16/4/2026 05:20:02"
"com.qw.nevergiveupcn","com.qw.nevergiveupcn",,,"1","0","ADX","16/4/2026 05:20:02"
"com.realtech.xiaocan","小蚕惠生活·Ayq","居家生活",,"1","0","ADX","16/4/2026 05:20:02"
"com.restaurant.hckfd","com.restaurant.hckfd",,,"9","0","ADX","16/4/2026 05:20:02"
"com.sandswept.repo","com.sandswept.repo",,,"1","0","ADX","16/4/2026 05:20:02"
"com.sevenpig.speed","全能网络加速器",,,"1","0","ADX","16/4/2026 05:20:02"
"com.shengcai","圣才电子书",,,"1","0","ADX","16/4/2026 05:20:02"
"com.shulu.ntgf.df296feee9b3144908b2b730dd5639c96","com.shulu.ntgf.df296feee9b3144908b2b730dd5639c96",,,"1","0","ADX","16/4/2026 05:20:02"
"com.shulu.ntgf.gfde82ff985bd46fe8323dff5452adf85","com.shulu.ntgf.gfde82ff985bd46fe8323dff5452adf85",,,"9","0","ADX","16/4/2026 05:20:02"
"com.shulu.ntgf.i405a40fb6c7841c28b11a66006435ace","com.shulu.ntgf.i405a40fb6c7841c28b11a66006435ace",,,"1","0","ADX","16/4/2026 05:20:02"
"com.shulu.ntgf.j48de0a5b86e0478eaa7a71da8c2a869a","com.shulu.ntgf.j48de0a5b86e0478eaa7a71da8c2a869a",,,"1","0","ADX","16/4/2026 05:20:02"
"com.shulu.ntgf.r3a65f7b3a9e44e5790d525acd1657283","com.shulu.ntgf.r3a65f7b3a9e44e5790d525acd1657283",,,"1","0","ADX","16/4/2026 05:20:02"
"com.shulu.ntgf.s3bdc53a32f6e4b2f8ff11f0a0328f347","com.shulu.ntgf.s3bdc53a32f6e4b2f8ff11f0a0328f347",,,"1","0","ADX","16/4/2026 05:20:02"
"com.shulu.ntgf.tff3f1a12be5a48d487cc00fee9a212b7","com.shulu.ntgf.tff3f1a12be5a48d487cc00fee9a212b7",,,"1","0","ADX","16/4/2026 05:20:02"
"com.shulu.ntgf.uaed06d88415f4ef09f5da63876bc1c8a","com.shulu.ntgf.uaed06d88415f4ef09f5da63876bc1c8a",,,"2","0","ADX","16/4/2026 05:20:02"
"com.shulu.ntgf.v5f73bf97ce2e451d87101e9bbea363aa","com.shulu.ntgf.v5f73bf97ce2e451d87101e9bbea363aa",,,"4","0","ADX","16/4/2026 05:20:02"
"com.shulu.ntgf.vfbc946d59cc14c8a94e2c9bd911b5b51","com.shulu.ntgf.vfbc946d59cc14c8a94e2c9bd911b5b51",,,"1","0","ADX","16/4/2026 05:20:02"
"com.shulu.ntgf.w8846e05364d54c30b9f86dad00858f00","com.shulu.ntgf.w8846e05364d54c30b9f86dad00858f00",,,"1","0","ADX","16/4/2026 05:20:02"
"com.shulu.ntgf.wbaef30cf86054503847c29e39f95f46f","com.shulu.ntgf.wbaef30cf86054503847c29e39f95f46f",,,"1","0","ADX","16/4/2026 05:20:02"
"com.shulu.ntgf.y71c69d23272a4605856af3aa6733fe70","com.shulu.ntgf.y71c69d23272a4605856af3aa6733fe70",,,"1","0","ADX","16/4/2026 05:20:02"
"com.shulu.ntgf.zc52718cd491443a28441b596a0ddb5a0","com.shulu.ntgf.zc52718cd491443a28441b596a0ddb5a0",,,"2","0","ADX","16/4/2026 05:20:02"
"com.shumj.home","com.shumj.home",,,"1","0","ADX","16/4/2026 05:20:02"
"com.shxq.czyxapp.one","com.shxq.czyxapp.one",,,"1","0","ADX","16/4/2026 05:20:02"
"com.sky.movie","com.sky.movie",,,"2","0","ADX","16/4/2026 05:20:02"
"com.snda.wifilocating","WiFi万能钥匙","实用工具",,"1","0","ADX","16/4/2026 05:20:02"
"com.spms.app","com.spms.app",,,"6","0","ADX","16/4/2026 05:20:02"
"com.stargame.rollingballs.ios","com.stargame.rollingballs.ios",,,"1","0","ADX","16/4/2026 05:20:02"
"com.suizhi.bzdyzs","土豆奇遇记",,,"17","0","ADX","16/4/2026 05:20:02"
"com.suizhi.bzdyzs","帽子先森奇遇记",,,"21","0","ADX","16/4/2026 05:20:02"
"com.suizhi.bzdyzs","我在老城区跑酷",,,"14","0","ADX","16/4/2026 05:20:02"
"com.suizhi.bzdyzs","熊猫探险计划",,,"10","0","ADX","16/4/2026 05:20:02"
"com.suizhi.bzdyzs","狂飙大卡车",,,"11","0","ADX","16/4/2026 05:20:02"
"com.suizhi.bzdyzs","看我奇思妙想",,,"14","0","ADX","16/4/2026 05:20:02"
"com.suizhi.kfrzdmm","土豆奇遇记",,,"7","0","ADX","16/4/2026 05:20:02"
"com.suizhi.kfrzdmm","帽子先森奇遇记",,,"17","0","ADX","16/4/2026 05:20:02"
"com.suizhi.kfrzdmm","我在老城区跑酷",,,"16","0","ADX","16/4/2026 05:20:02"
"com.suizhi.kfrzdmm","熊猫探险计划",,,"13","0","ADX","16/4/2026 05:20:02"
"com.suizhi.kfrzdmm","狂飙大卡车",,,"16","0","ADX","16/4/2026 05:20:02"
"com.suizhi.kfrzdmm","看我奇思妙想",,,"14","0","ADX","16/4/2026 05:20:02"
"com.syj.home","升云记-小米",,,"139","0","ADX","16/4/2026 05:20:02"
"com.tencent.mnavpnnew","腾讯手游加速器",,,"1","0","ADX","16/4/2026 05:20:02"
"com.timeaforce.fullyard","com.timeaforce.fullyard",,,"1","0","ADX","16/4/2026 05:20:02"
"com.timeaforce.piaoxiangmianbaodian","com.timeaforce.piaoxiangmianbaodian",,,"1","0","ADX","16/4/2026 05:20:02"
"com.tjhco2.tanjuhui","com.tjhco2.tanjuhui",,,"3","0","ADX","16/4/2026 05:20:02"
"com.tjym.sdkjql","com.tjym.sdkjql",,,"6","0","ADX","16/4/2026 05:20:02"
"com.upgadata.up7723","com.upgadata.up7723",,,"6","0","ADX","16/4/2026 05:20:02"
"com.vcolco.hxc.student","com.vcolco.hxc.student",,,"1","0","ADX","16/4/2026 05:20:02"
"com.vehicles.activities","%E8%BD%A6%E6%97%BA%E5%A4%A7%E5%8D%A1","聊天社交",,"1","0","ADX","16/4/2026 05:20:02"
"com.wadcpo.yebnx","com.wadcpo.yebnx",,,"1","0","ADX","16/4/2026 05:20:02"
"com.whyqj.hgjt","com.whyqj.hgjt",,,"1","0","ADX","16/4/2026 05:20:02"
"com.xiangaixincheng.app","com.xiangaixincheng.app",,,"3","0","ADX","16/4/2026 05:20:02"
"com.xiaosa.tool","com.xiaosa.tool","南京言禾网络科技有限公司",,"13","0","ADX","16/4/2026 05:20:02"
"com.xiaosa.tool","嘿马淘淘","南京言禾网络科技有限公司",,"8","0","ADX","16/4/2026 05:20:02"
"com.xingsu.jctm","煋遡剧场",,,"5","0","ADX","16/4/2026 05:20:02"
"com.xinty.driver","com.xinty.driver",,,"1","0","ADX","16/4/2026 05:20:02"
"com.xmei.shift","com.xmei.shift",,,"2","0","ADX","16/4/2026 05:20:02"
"com.xunxin.bubble2","com.xunxin.bubble2",,,"5","0","ADX","16/4/2026 05:20:02"
"com.xyy.jxjc.shortplay.android","金象视界 吴子悦",,,"1","0","ADX","16/4/2026 05:20:02"
"com.yckj.xjl","com.yckj.xjl",,,"1","0","ADX","16/4/2026 05:20:02"
"com.yigequanquanqq.app","com.yigequanquanqq.app",,,"1","0","ADX","16/4/2026 05:20:02"
"com.yjd.wacai","com.yjd.wacai",,,"3","0","ADX","16/4/2026 05:20:02"
"com.ynlh.jsq","com.ynlh.jsq",,,"6","0","ADX","16/4/2026 05:20:02"
"com.ysdq.llysfxtx","com.ysdq.llysfxtx",,,"5","0","ADX","16/4/2026 05:20:02"
"com.ythl.cjyxjd","舜语小说",,,"1","0","ADX","16/4/2026 05:20:02"
"com.yunjv.jhbz.y45b23d0d6076415a9d93b1352aa80f5a","com.yunjv.jhbz.y45b23d0d6076415a9d93b1352aa80f5a",,,"1","0","ADX","16/4/2026 05:20:02"
"com.ywihis.yunshud","com.ywihis.yunshud",,,"1","0","ADX","16/4/2026 05:20:02"
"com.zhongka.car_travel_life","com.zhongka.car_travel_life",,,"3","0","ADX","16/4/2026 05:20:02"
"com.zlsmhz.clwwwwibfi","com.zlsmhz.clwwwwibfi",,,"1","0","ADX","16/4/2026 05:20:02"
"me.hekr.hummingbird","丛云",,,"1","0","ADX","16/4/2026 05:20:02"
"net.easyconn.carman","net.easyconn.carman",,,"1","0","ADX","16/4/2026 05:20:02"
"org.moegirl.moegirlview","org.moegirl.moegirlview",,,"1","0","ADX","16/4/2026 05:20:02"
"tech.pingx.watchface","tech.pingx.watchface","智能手表表盘",,"1","0","ADX","16/4/2026 05:20:02"
,"讯飞输入法-安卓",,,"1","0","ADX","16/4/2026 05:19:51"
"-","诸云快应用",,,"1","0","ADX","16/4/2026 05:18:32"
"1775414612.62c9c738-b13c-4cbc-80d3-89df89aa8999.package_name.body.normal.ssrfonline2.ssrfonline.passive-scan-cn.async.cn.oast-cn.byted-dast.com","1775414612.62c9c738-b13c-4cbc-80d3-89df89aa8999.package_name.body.normal.ssrfonline2.ssrfonline.passive-scan-cn.async.cn.oast-cn.byted-dast.com",,,"1","0","ADX","16/4/2026 05:19:16"
"558555555com.baidu.map.3","5585795百度地图 3",,,"1","0","ADX","16/4/2026 05:18:32"
"5585785com.baidu.map.88","5575558百度地图 88",,,"1","0","ADX","16/4/2026 05:19:25"
"ai.flkj.hdz","ai.flkj.hdz",,,"131","0","ADX","16/4/2026 05:19:43"
"ai.flkj.hdz","黑袋子",,,"288","0","ADX","16/4/2026 05:19:53"
"ai.ling.luka.app","ai.ling.luka.app",,,"1","0","ADX","16/4/2026 05:19:56"
"app.juzi.uiapp","橘子漫画",,,"58","0","ADX","16/4/2026 05:18:49"
"app.tianyi.medicine.xy","星际视频","医疗健康",,"1","0","ADX","16/4/2026 05:18:44"
"app.wanhuhou.com","",,,"4","0","ADX","16/4/2026 05:19:28"
"app.wanhuhou.com","星空万户侯APP",,,"5","0","ADX","16/4/2026 05:19:53"
"ax.cust.android","联创E家",,,"5","0","ADX","16/4/2026 05:18:46"
"bus.realtime.gjkauida","bus.realtime.gjkauida",,,"1","0","ADX","16/4/2026 05:18:44"
"camera.february.jiguxji","camera.february.jiguxji",,,"2","0","ADX","16/4/2026 05:18:42"
"camera.photograph.xingningxj","camera.photograph.xingningxj",,,"10","0","ADX","16/4/2026 05:18:46"
"camera.photograph.xingpiaomfxji","camera.photograph.xingpiaomfxji",,,"4","0","ADX","16/4/2026 05:18:42"
"cc.fagui.jeecg.uniapp","新程售后",,,"1","0","ADX","16/4/2026 05:19:25"
"cc.fancast.major","cc.fancast.major",,,"15299","0","ADX","16/4/2026 05:19:53"
"cc.fancast.major","快帆加速器",,,"280","0","ADX","16/4/2026 05:19:28"
"cc.yiruan.antapp","蚁软",,,"3","0","ADX","16/4/2026 05:19:38"
"client.android.yixiaotong","client.android.yixiaotong",,,"11","0","ADX","16/4/2026 05:19:56"
"cm.seedit.design.layout","cm.seedit.design.layout","开发工具/库",,"1","0","ADX","16/4/2026 05:19:56"
"cn.bertsir.floattime","cn.bertsir.floattime","其他",,"1","0","ADX","16/4/2026 05:19:56"
"cn.bevol.bevolapp","SDK聚合-iOS","社交",,"6383","0","ADX","16/4/2026 05:18:46"
"cn.bevol.bevolapp","美丽修行-IOS","社交",,"2","0","ADX","16/4/2026 05:18:52"
"cn.bloodthorn.crimsonblade.plant","",,,"2","0","ADX","16/4/2026 05:18:44"
"cn.bsxgshg.gkg","兑乐么",,,"9","0","ADX","16/4/2026 05:19:49"
"cn.ccspeed","",,,"1","0","ADX","16/4/2026 05:18:44"
"cn.ccspeed","CC加速器",,,"8","0","ADX","16/4/2026 05:19:49"
"cn.ccspeed","安卓",,,"2","0","ADX","16/4/2026 05:18:52"
"cn.ccspeed.hw","cn.ccspeed.hw","游戏工具/加速器",,"4","0","ADX","16/4/2026 05:18:46"
"cn.com.higgs.tilemaster3d.two","","游戏-休闲益智",,"1","0","ADX","16/4/2026 05:18:41"
"cn.com.livelab","纷玩岛",,,"1621","0","ADX","16/4/2026 05:19:19"
"cn.com.themewallpaper","CellEpi Lab",,,"2","0","ADX","16/4/2026 05:19:49"
"cn.com.themewallpaper","QiaoKe",,,"2","0","ADX","16/4/2026 05:19:32"
"cn.com.themewallpaper","SDK聚合-iOS",,,"33908","0","ADX","16/4/2026 05:18:46"
"cn.com.themewallpaper","壁纸大全-ios",,,"3","0","ADX","16/4/2026 05:19:49"
"cn.com.yunma.school.app","安卓","学习教育",,"5","0","ADX","16/4/2026 05:18:52"
"cn.com.yunma.school.app","易校园-Andriod","学习教育",,"1","0","ADX","16/4/2026 05:19:51"
"cn.com.yunma.school.app","易校园Android","学习教育",,"6","0","ADX","16/4/2026 05:19:38"
"cn.com.yunma.yischool.app😡","cn.com.yunma.yischool.app😡",,,"1","0","ADX","16/4/2026 05:19:25"
"cn.cyyj.jyyc","洋洋成语","涿州亿佳庆科技有限公司",,"2","0","ADX","16/4/2026 05:18:42"
"cn.gongshijilu.jxt","cn.gongshijilu.jxt",,,"69","0","ADX","16/4/2026 05:18:49"
"cn.hisense.shouxiebao","cn.hisense.shouxiebao",,,"1777","0","ADX","16/4/2026 05:19:38"
"cn.hisense.shouxiebao","启明",,,"1","0","ADX","16/4/2026 05:19:40"
"cn.jagat.main","Jagat Jugos","聊天社交",,"3","0","ADX","16/4/2026 05:19:43"
"cn.jagat.main","Jagat Nước ép","聊天社交",,"10","0","ADX","16/4/2026 05:19:49"
"cn.jagat.main","Jagat Safts","聊天社交",,"4","0","ADX","16/4/2026 05:19:49"
"cn.jagat.main","Jagat Сок ","聊天社交",,"13","0","ADX","16/4/2026 05:19:53"
"cn.jagat.main","Jagat น้ำผลไม้ ","聊天社交",,"10","0","ADX","16/4/2026 05:19:49"
"cn.jagat.main","Jagat-Android","聊天社交",,"6845","0","ADX","16/4/2026 05:18:49"
"cn.jagat.main","Jagat-IOS国内","聊天社交",,"162983","0","ADX","16/4/2026 05:18:49"
"cn.jagat.main","Jagat果汁-IOS","聊天社交",,"2434","0","ADX","16/4/2026 05:18:49"
"cn.jagat.main","Jagat果汁儿-安卓","聊天社交",,"38","0","ADX","16/4/2026 05:18:49"
"cn.jxhb123.jxsq123","惊喜红包省钱版","时尚购物",,"4","0","ADX","16/4/2026 05:18:52"
"cn.lyzh.lianyunhaofenlei","cn.lyzh.lianyunhaofenlei",,,"8","0","ADX","16/4/2026 05:19:53"
"cn.lyzh.lianyunhaofenlei","分好啦",,,"13","0","ADX","16/4/2026 05:18:46"
"cn.mucang.ios.jiakaobaodianhuoc","驾考宝典",,,"353","0","ADX","16/4/2026 05:18:46"
"cn.net.weme","微密圈极速版",,,"1","0","ADX","16/4/2026 05:19:11"
"cn.ninebot.segway","九号出行",,,"155","0","ADX","16/4/2026 05:19:19"
"cn.shashou.ol","推理学院iOS",,,"75","0","ADX","16/4/2026 05:19:28"
"cn.snsports.banma","cn.snsports.Banma",,,"1","0","ADX","16/4/2026 05:19:03"
"cn.twan.taohua.hmxq","快抖极速版",,,"2","0","ADX","16/4/2026 05:18:46"
"cn.wandersnail.usbserialdebugger","USB串口调试助手","其他",,"1","0","ADX","16/4/2026 05:18:48"
"cn.xbjstd.wanyueyunx","挽悦云 X",,,"1","0","ADX","16/4/2026 05:18:48"
"cn.youth.news","安卓",,,"71","0","ADX","16/4/2026 05:18:52"
"cn.zettkx.cnm","UKI 特别版",,,"2","0","ADX","16/4/2026 05:18:40"
"cofoolstock.com","SDK聚合-iOS",,,"4211","0","ADX","16/4/2026 05:18:46"
"collectionelf.liantuo.com","小精灵商户通",,,"7","0","ADX","16/4/2026 05:19:38"
"com.1314zhilv.tour","com.1314zhilv.tour",,,"1","0","ADX","16/4/2026 05:18:39"
"com.1314zhilv.tour","启明",,,"1","0","ADX","16/4/2026 05:18:41"
"com.1314zhilv.tour","旅途随身听",,,"4","0","ADX","16/4/2026 05:18:44"
"com.19lou.nineteenlou","com.19lou.nineteenlou",,,"9","0","ADX","16/4/2026 05:19:43"
"com.360eyes","",,,"12","0","ADX","16/4/2026 05:18:49"
"com.4gpro.camera","SDK聚合-iOS",,,"318","0","ADX","16/4/2026 05:18:46"
"com.a9second.weilaixi.wlx","",,,"41","0","ADX","16/4/2026 05:18:41"
"com.a9second.weilaixi.wlx","安卓",,,"1","0","ADX","16/4/2026 05:18:52"
"com.adb.aimatravel","爱玛出行",,,"1","0","ADX","16/4/2026 05:18:48"
"com.affableavert.dangl","com.affableavert.dangl",,,"7","0","ADX","16/4/2026 05:18:48"
"com.aitv.ysdq","爱影视大全",,,"1","0","ADX","16/4/2026 05:18:39"
"com.alcidae.smarthome","安卓","实用工具",,"17","0","ADX","16/4/2026 05:18:52"
"com.alibaba.mmc.ruyistore.8","RuyiStore.8",,,"2","0","ADX","16/4/2026 05:18:44"
"com.alibaba.mmc.ruyistore127","如意店长助手6",,,"2","0","ADX","16/4/2026 05:19:22"
"com.alibaba.mmc.ruyistore610","如意店长助手3",,,"1","0","ADX","16/4/2026 05:18:48"
"com.allfootballapp.dqd","com.allfootballapp.dqd",,,"1","0","ADX","16/4/2026 05:18:59"
"com.allfootballapp.dqd","懂球帝",,,"67","0","ADX","16/4/2026 05:19:32"
"com.almightytuner.tuner","com.almightytuner.tuner",,,"2","0","ADX","16/4/2026 05:19:14"
"com.ancda.parents","掌心宝贝_android","实用工具",,"22657","0","ADX","16/4/2026 05:18:49"
"com.angel.translatemanito","com.angel.translateManito",,,"2145","0","ADX","16/4/2026 05:18:46"
"com.aniversary.videoline","青禾优选",,,"1","0","ADX","16/4/2026 05:19:47"
"com.anjvision.aicamera","AC18Plus摄像头","实用工具",,"3","0","ADX","16/4/2026 05:18:46"
"com.anjvision.aicamera","IOS","实用工具",,"1","0","ADX","16/4/2026 05:18:52"
"com.anjvision.aicamera","安卓","实用工具",,"15","0","ADX","16/4/2026 05:18:52"
"com.anshibo.activity","车e兴",,,"1","0","ADX","16/4/2026 05:18:52"
"com.antutu.abenchmark","安兔兔評測","实用工具",,"6","0","ADX","16/4/2026 05:19:14"
"com.antutu.benchmark","Antutu Benchmark",,,"4","0","ADX","16/4/2026 05:19:53"
"com.antutu.benchmark","SDK聚合-iOS",,,"1","0","ADX","16/4/2026 05:18:44"
"com.antybt.1","游吧通 1",,,"1","0","ADX","16/4/2026 05:18:44"
"com.aoyou.xyxxl","com.aoyou.xyxxl",,,"1","0","ADX","16/4/2026 05:19:56"
"com.aoyou.xyxxl","乐欢宝",,,"53","0","ADX","16/4/2026 05:18:49"
"com.app.adinnet.xl","小遛共享",,,"1","0","ADX","16/4/2026 05:18:48"
"com.app.ttyb","熊猫生活极速版",,,"9","0","ADX","16/4/2026 05:19:19"
"com.app.yulin","驼城通",,,"380","0","ADX","16/4/2026 05:18:46"
"com.app.zhitu","熊猫点点",,,"2","0","ADX","16/4/2026 05:19:38"
"com.appsbay.timesmatter1","com.appsbay.TimesMatter1",,,"37","0","ADX","16/4/2026 05:19:49"
"com.atjws.klxji","短剧线",,,"1","0","ADX","16/4/2026 05:18:44"
"com.atjws.klxjl","短剧线",,,"2","0","ADX","16/4/2026 05:18:41"
"com.auerd.qjvkck","com.auerd.qjvkck",,,"6","0","ADX","16/4/2026 05:18:46"
"com.axlqt.ve5p.wh5g","宝宝时光相册",,,"7","0","ADX","16/4/2026 05:19:32"
"com.ay.lovxx","乐欢宝",,,"17","0","ADX","16/4/2026 05:18:49"
"com.ay.spiritxx","乐欢宝",,,"1","0","ADX","16/4/2026 05:18:48"
"com.aytdbajoi.kkiub","76-全能工具宝新",,,"1","0","ADX","16/4/2026 05:19:40"
"com.babycloud.hanju","安卓","影音视听",,"53","0","ADX","16/4/2026 05:18:52"
"com.babycloud.hanju","韩小圈 1","影音视听",,"3","0","ADX","16/4/2026 05:19:28"
"com.babycloud.hanju","韩小圈 3","影音视听",,"2","0","ADX","16/4/2026 05:19:43"
"com.babycloud.hanju","韩小圈 妈妈","影音视听",,"1","0","ADX","16/4/2026 05:18:39"
"com.babycloud.hanju","韩小圈 慧慧","影音视听",,"1","0","ADX","16/4/2026 05:19:36"
"com.babytree.apps.lama","宝宝树小时光",,,"26","0","ADX","16/4/2026 05:19:43"
"com.baidu.baidumap","百度地图 1",,,"1","0","ADX","16/4/2026 05:18:59"
"com.baidu.baidumap","百度地图 2",,,"1","0","ADX","16/4/2026 05:19:20"
"com.baidu.duer.superapp","安卓","实用工具",,"136","0","ADX","16/4/2026 05:18:52"
"com.baidu.duer.superapp","小度_android","实用工具",,"1","0","ADX","16/4/2026 05:19:47"
"com.baidu.duer.superapp","小度安卓","实用工具",,"19","0","ADX","16/4/2026 05:19:38"
"com.baidu.map.1","百度地图1",,,"1","0","ADX","16/4/2026 05:18:44"
"com.baidu.map.as1.m2","百度地图2",,,"2","0","ADX","16/4/2026 05:19:53"
"com.baidu.map.b1","百度地图1",,,"1","0","ADX","16/4/2026 05:19:03"
"com.baidu.map0411","百度地图",,,"1","0","ADX","16/4/2026 05:19:47"
"com.baidu.map1","百度地图-酒店",,,"18","0","ADX","16/4/2026 05:19:53"
"com.baidu.map16","百度地图16",,,"1","0","ADX","16/4/2026 05:19:56"
"com.baidu.netdisk","13.19-238","效率办公",,"2","0","ADX","16/4/2026 05:18:56"
"com.baidu.netdisk","13.22-62","效率办公",,"16","0","ADX","16/4/2026 05:19:43"
"com.baidu.netdisk","13.24-192","效率办公",,"1","0","ADX","16/4/2026 05:19:25"
"com.baidu.netdisk","13.24-39","效率办公",,"1","0","ADX","16/4/2026 05:19:56"
"com.baidu.netdisk","13.24-89","效率办公",,"1","0","ADX","16/4/2026 05:18:52"
"com.baidu.netdisk","=0ω0=","效率办公",,"1","0","ADX","16/4/2026 05:19:51"
"com.baidu.netdisk","Baidu NetDisk","效率办公",,"1","0","ADX","16/4/2026 05:19:47"
"com.baidu.netdisk","netdisk_iPhone","效率办公",,"212","0","ADX","16/4/2026 05:19:53"
"com.baidu.netdisk","ㅤ","效率办公",,"10","0","ADX","16/4/2026 05:18:56"
"com.baidu.netdisk","梅-百度网盘","效率办公",,"3","0","ADX","16/4/2026 05:18:48"
"com.baidu.netdisk","百度网盘 1","效率办公",,"7","0","ADX","16/4/2026 05:19:32"
"com.baidu.netdisk","百度网盘 1335","效率办公",,"1","0","ADX","16/4/2026 05:19:47"
"com.baidu.netdisk","百度网盘 135","效率办公",,"1","0","ADX","16/4/2026 05:18:52"
"com.baidu.netdisk","百度网盘 2","效率办公",,"5","0","ADX","16/4/2026 05:19:38"
"com.baidu.netdisk","百度网盘 3","效率办公",,"3","0","ADX","16/4/2026 05:19:19"
"com.baidu.netdisk","百度网盘 5","效率办公",,"1","0","ADX","16/4/2026 05:18:32"
"com.baidu.netdisk","百度网盘 fred","效率办公",,"1","0","ADX","16/4/2026 05:19:16"
"com.baidu.netdisk","百度网盘 上课资料","效率办公",,"3","0","ADX","16/4/2026 05:19:43"
"com.baidu.netdisk","百度网盘 小王","效率办公",,"1","0","ADX","16/4/2026 05:18:39"
"com.baidu.netdisk","百度网盘 水印盘","效率办公",,"1","0","ADX","16/4/2026 05:18:35"
"com.baidu.netdisk","百度网盘 玉米","效率办公",,"2","0","ADX","16/4/2026 05:19:28"
"com.baidu.netdisk","百度网盘 随风往事了","效率办公",,"1","0","ADX","16/4/2026 05:19:25"
"com.baidu.netdisk","百度网盘2","效率办公",,"1","0","ADX","16/4/2026 05:19:47"
"com.baidu.netdisk","百度网盘⁺","效率办公",,"1","0","ADX","16/4/2026 05:19:16"
"com.baidu.netdisk","网盘歆qxq","效率办公",,"1","0","ADX","16/4/2026 05:18:59"
"com.baidu.netdisk","바이두 넷디스크","效率办公",,"4","0","ADX","16/4/2026 05:19:00"
"com.baidu.netdisk-ipad","百度网盘HD-DEV",,,"1","0","ADX","16/4/2026 05:18:52"
"com.baidu.netdisk-ipad-devo","com.baidu.netdisk-iPad-devo",,,"1","0","ADX","16/4/2026 05:19:30"
"com.baidu.netdisk-ipad-devo","百度网盘HD-DEV",,,"1","0","ADX","16/4/2026 05:19:30"
"com.baidu.netdisk.2","com.baidu.netdisk.2",,,"3","0","ADX","16/4/2026 05:19:19"
"com.baidu.netdisk.2","百度网盘. 2",,,"5","0","ADX","16/4/2026 05:19:49"
"com.baidu.netdisk.22","百度网盘2",,,"1","0","ADX","16/4/2026 05:19:51"
"com.baidu.netdisk.3","com.baidu.netdisk.3",,,"1","0","ADX","16/4/2026 05:19:20"
"com.baidu.netdisk.3","百度网盘. 3",,,"4","0","ADX","16/4/2026 05:19:19"
"com.baidu.netdisk.3","百度网盘3",,,"4","0","ADX","16/4/2026 05:19:38"
"com.baidu.netdisk.6","百度网盘7",,,"1","0","ADX","16/4/2026 05:19:47"
"com.baidu.netdisk.twin","com.baidu.netdisk.twin",,,"5","0","ADX","16/4/2026 05:19:40"
"com.baidu.netdisk.twin","昀淡淡盘",,,"9","0","ADX","16/4/2026 05:19:43"
"com.baidu.netdisk.yike-debug","com.baidu.netdisk.yike-debug",,,"2","0","ADX","16/4/2026 05:19:28"
"com.baidu.netdisk.yike-debughjp","一刻相册-dev",,,"1","0","ADX","16/4/2026 05:19:36"
"com.baidu.netdisk1175","百度网盘7",,,"2","0","ADX","16/4/2026 05:19:38"
"com.baidu.netdisk1211","百度网盘12",,,"1","0","ADX","16/4/2026 05:19:56"
"com.baidu.netdisk1320","com.baidu.netdisk1320",,,"2","0","ADX","16/4/2026 05:19:38"
"com.baidu.netdisk1547","com.baidu.netdisk1547",,,"1","0","ADX","16/4/2026 05:19:47"
"com.baidu.netdisk16","百度网盘16",,,"1","0","ADX","16/4/2026 05:19:56"
"com.baidu.netdisk1772","百度网盘14",,,"1","0","ADX","16/4/2026 05:19:40"
"com.baidu.netdisk19","com.baidu.netdisk19",,,"1","0","ADX","16/4/2026 05:19:40"
"com.baidu.netdisk😀","百度网盘盘",,,"1","0","ADX","16/4/2026 05:19:47"
"com.baidu.youavideo","6.28-114","摄影摄像",,"2","0","ADX","16/4/2026 05:18:41"
"com.baidu.youavideo","6.29-119","摄影摄像",,"1","0","ADX","16/4/2026 05:19:56"
"com.baidu.youavideo","6.29-470","摄影摄像",,"1","0","ADX","16/4/2026 05:18:32"
"com.baidu.youavideo","6.29-472","摄影摄像",,"3","0","ADX","16/4/2026 05:18:41"
"com.baidu.youavideo","6.29-473","摄影摄像",,"2","0","ADX","16/4/2026 05:18:41"
"com.baidu.youavideo","6.29-475","摄影摄像",,"1","0","ADX","16/4/2026 05:18:41"
"com.baidu.youavideo","6.29-477","摄影摄像",,"2","0","ADX","16/4/2026 05:18:44"
"com.baidu.youavideo","6.29-478","摄影摄像",,"2","0","ADX","16/4/2026 05:18:44"
"com.baidu.youavideo","6.29-479","摄影摄像",,"4","0","ADX","16/4/2026 05:18:44"
"com.baidu.youavideo","6.29-480","摄影摄像",,"23","0","ADX","16/4/2026 05:18:49"
"com.baidu.youavideo","6.29-481","摄影摄像",,"9","0","ADX","16/4/2026 05:18:56"
"com.baidu.youavideo","6.29-482","摄影摄像",,"1","0","ADX","16/4/2026 05:18:52"
"com.baidu.youavideo","6.29-483","摄影摄像",,"1","0","ADX","16/4/2026 05:18:52"
"com.baidu.youavideo","6.29-484","摄影摄像",,"8","0","ADX","16/4/2026 05:19:32"
"com.baidu.youavideo","6.29-485","摄影摄像",,"1","0","ADX","16/4/2026 05:19:16"
"com.baidu.youavideo","6.29-487","摄影摄像",,"3","0","ADX","16/4/2026 05:19:20"
"com.baidu.youavideo","6.29-489","摄影摄像",,"1","0","ADX","16/4/2026 05:19:20"
"com.baidu.youavideo","一刻相册 1","摄影摄像",,"1","0","ADX","16/4/2026 05:18:41"
"com.baidu.youavideo","一刻相册 工作","摄影摄像",,"3","0","ADX","16/4/2026 05:18:44"
"com.baidu.youavideo","一刻相册-And","摄影摄像",,"2","0","ADX","16/4/2026 05:18:46"
"com.baidu.youavideo","一刻相册-CI","摄影摄像",,"25","0","ADX","16/4/2026 05:19:32"
"com.baidu.youavideo","一刻相册-SDK-安卓","摄影摄像",,"32","0","ADX","16/4/2026 05:18:52"
"com.banjixiaoguanjia.app","","教务管理",,"2","0","ADX","16/4/2026 05:19:25"
"com.banjixiaoguanjia.app","班级小管家_iOS","教务管理",,"719","0","ADX","16/4/2026 05:19:43"
"com.banshenghuo.banshenghuo","SDK聚合-iOS",,,"14954","0","ADX","16/4/2026 05:18:46"
"com.baoidbeifayi.yingkaoyxgs","宝贝猫咪语言录音翻译器",,,"379","0","ADX","16/4/2026 05:19:19"
"com.baoyun.hanzhan-pend","",,,"1","0","ADX","16/4/2026 05:19:56"
"com.bateu.wanjian","",,,"1","0","ADX","16/4/2026 05:18:44"
"com.bateu.wanjian","com.Bateu.wanjian",,,"4","0","ADX","16/4/2026 05:19:19"
"com.bbl.xiangdong","",,,"1","0","ADX","16/4/2026 05:18:48"
"com.bctec.lijing","SDK聚合-iOS",,,"37","0","ADX","16/4/2026 05:18:46"
"com.bctec.lijing","莉景天气iOS",,,"6","0","ADX","16/4/2026 05:18:52"
"com.benqumark.kuaimeikuaizhuang1","无他相机1",,,"3","0","ADX","16/4/2026 05:19:11"
"com.benqumark.kuaimeikuaizhuanglite","com.Benqumark.KuaiMeiKuaiZhuangLite",,,"1","0","ADX","16/4/2026 05:19:20"
"com.benqumark.kuaimeikuaizhuanglite","无他相机",,,"1","0","ADX","16/4/2026 05:19:20"
"com.benxiang.antnews","com.benxiang.antnews",,,"131","0","ADX","16/4/2026 05:19:56"
"com.bfnovel.reader","com.bfnovel.reader",,,"1","0","ADX","16/4/2026 05:18:48"
"com.biantian.bdjdtcs","土豆奇遇记",,,"257","0","ADX","16/4/2026 05:19:53"
"com.biantian.bdjdtcs","帽子先森奇遇记",,,"183","0","ADX","16/4/2026 05:19:38"
"com.biantian.bdjdtcs","我在老城区跑酷",,,"40","0","ADX","16/4/2026 05:19:43"
"com.biantian.bdjdtcs","熊猫探险计划",,,"155","0","ADX","16/4/2026 05:19:53"
"com.biantian.bdjdtcs","狂飙大卡车",,,"143","0","ADX","16/4/2026 05:19:43"
"com.biantian.bdjdtcs","看我奇思妙想",,,"147","0","ADX","16/4/2026 05:19:28"
"com.biggerlens.automatic_connector","com.biggerlens.automatic_connector","实用工具",,"1","0","ADX","16/4/2026 05:19:56"
"com.bijian.reader_xxxxx","笔墨云烟","阅读工具",,"3","0","ADX","16/4/2026 05:18:52"
"com.bjjbzz.www","斑鸠计步",,,"7317","0","ADX","16/4/2026 05:19:49"
"com.bjqyb.benysy","本优食艺",,,"1015","0","ADX","16/4/2026 05:19:28"
"com.bladereel.tv","com.bladereel.tv",,,"1","0","ADX","16/4/2026 05:19:16"
"com.bluedancer.bluedancer","com.bluedancer.bluedancer",,,"1","0","ADX","16/4/2026 05:19:56"
"com.bnte.qiay","com.bnte.qiay",,,"1","0","ADX","16/4/2026 05:19:56"
"com.bnte.qiay","淳硕简玩-9.17",,,"9","0","ADX","16/4/2026 05:18:49"
"com.bnte.qiay","简玩剧场",,,"17","0","ADX","16/4/2026 05:18:42"
"com.bnte.qiay","简玩剧场金秋版",,,"3","0","ADX","16/4/2026 05:18:49"
"com.bnte.qiay","绘画大作战5",,,"4","0","ADX","16/4/2026 05:19:32"
"com.boyaa.engineqpsc.yibin","com.boyaa.engineqpsc.yibin",,,"7","0","ADX","16/4/2026 05:18:46"
"com.bs.blood.zhili","",,,"1","0","ADX","16/4/2026 05:18:41"
"com.bs.blood.zhili","com.bs.blood.zhili",,,"13","0","ADX","16/4/2026 05:19:53"
"com.bs.remote.duoneng","com.bs.remote.duoneng",,,"1","0","ADX","16/4/2026 05:19:56"
"com.bsit.wftong","潍坊公交",,,"23","0","ADX","16/4/2026 05:19:38"
"com.bsy.hanzhan","韩小圈- iOS","影视追剧/社区",,"38","0","ADX","16/4/2026 05:19:49"
"com.bsy.hz","韩站-安卓","影音视听",,"4","0","ADX","16/4/2026 05:18:46"
"com.btjws.csxjd","短剧线",,,"1","0","ADX","16/4/2026 05:18:44"
"com.btjws.csxjd","财神小剧016",,,"1","0","ADX","16/4/2026 05:18:52"
"com.btjws.csxje","短剧线",,,"3","0","ADX","16/4/2026 05:18:42"
"com.btjws.csxjm","短剧线",,,"5","0","ADX","16/4/2026 05:18:46"
"com.bujingniao.junqin","com.bujingniao.junqin",,,"5","0","ADX","16/4/2026 05:19:22"
"com.bujingniao.junqin","美剧鸟",,,"350","0","ADX","16/4/2026 05:19:28"
"com.buojsd.adhb","120-时光短剧",,,"2","0","ADX","16/4/2026 05:18:41"
"com.buoumengchong.treasurehunt","布偶萌宠",,,"1","0","ADX","16/4/2026 05:19:20"
"com.buybal.buybalpay.nxy.nxyg","sdk安卓",,,"1","0","ADX","16/4/2026 05:18:52"
"com.bwton.msx.lsb","com.bwton.msx.lsb","综合服务|公交地铁",,"1","0","ADX","16/4/2026 05:18:41"
"com.bwton.msx.lsb","嘉州通","综合服务|公交地铁",,"53","0","ADX","16/4/2026 05:18:46"
"com.bwton.msx.lyb","SDK聚合-iOS",,,"2093","0","ADX","16/4/2026 05:18:46"
"com.bwton.msx.whgj","芜湖轨道",,,"2","0","ADX","16/4/2026 05:19:53"
"com.bwxrk.yqmy.ios","",,,"4","0","ADX","16/4/2026 05:18:46"
"com.bwxrk.yqmy.ios","com.bwxrk.yqmy.ios",,,"3","0","ADX","16/4/2026 05:19:08"
"com.bxiaojie.www","孤峰望雪",,,"90","0","ADX","16/4/2026 05:18:42"
"com.bxiaojie.www","雪霁疏林",,,"63","0","ADX","16/4/2026 05:19:43"
"com.bxiaojie.www","雾隐归舟",,,"1","0","ADX","16/4/2026 05:19:30"
"com.bxiaojie.www","霜天断雁",,,"756","0","ADX","16/4/2026 05:19:53"
"com.bxlxxe.mcapp","冰雪乐消消e",,,"16","0","ADX","16/4/2026 05:18:46"
"com.bxmb.xqd","com.bxmb.xqd",,,"19","0","ADX","16/4/2026 05:18:46"
"com.byfen.market","com.byfen.market",,,"1","0","ADX","16/4/2026 05:19:56"
"com.byfen.market","百分网游戏盒子",,,"15","0","ADX","16/4/2026 05:19:43"
"com.bz.zheng","正统计",,,"2","0","ADX","16/4/2026 05:18:44"
"com.bzhn.rtdg","云游",,,"2","0","ADX","16/4/2026 05:19:53"
"com.bzhn.rtdg","哇区",,,"6","0","ADX","16/4/2026 05:18:46"
"com.bzxx.call.dev","壁纸秀秀",,,"1924","0","ADX","16/4/2026 05:19:28"
"com.caige.wenda.feimaocaicai","(null)",,,"11","0","ADX","16/4/2026 05:19:14"
"com.caige.wenda.feimaocaicai","com.caige.wenda.feimaocaicai",,,"2","0","ADX","16/4/2026 05:19:28"
"com.caihong.android","彩虹多多专享版",,,"12","0","ADX","16/4/2026 05:18:49"
"com.callshow.qingchunlaidx","com.callshow.qingchunlaidx",,,"1","0","ADX","16/4/2026 05:18:44"
"com.car300.activity","车300",,,"3","0","ADX","16/4/2026 05:19:32"
"com.caresun.acupoint","com.caresun.acupoint",,,"2","0","ADX","16/4/2026 05:19:30"
"com.cat.book","猫咪书阁","阅读/小说漫画",,"8971","0","ADX","16/4/2026 05:19:53"
"com.cataf.alque","萌萌短剧耀金版",,,"2076","0","ADX","16/4/2026 05:18:49"
"com.cdastudio.surveymasterproandroid.xhr","xhr",,,"341","0","ADX","16/4/2026 05:18:46"
"com.cdp.yuedao","",,,"1","0","ADX","16/4/2026 05:18:48"
"com.cdu.mks","com.cdu.mks",,,"1","0","ADX","16/4/2026 05:19:56"
"com.cgame.vbeauty","美颜秀秀",,,"1","0","ADX","16/4/2026 05:18:52"
"com.cgrfyw.sofvbwdfye","com.cgrfyw.sofvbwdfye",,,"1","0","ADX","16/4/2026 05:18:41"
"com.chaozh.ireader.dj.speed","得间免费小说极速版 5","图书阅读",,"1","0","ADX","16/4/2026 05:19:30"
"com.chaozh.ireader.dj.speed","得间小说极速版-安卓","图书阅读",,"125","0","ADX","16/4/2026 05:18:46"
"com.chaozh.ireaderfree","掌阅","图书阅读",,"1","0","ADX","16/4/2026 05:18:44"
"com.chaozh.ireaderfree","趣盟-安卓","图书阅读",,"1","0","ADX","16/4/2026 05:18:52"
"com.chen.yilianwj","com.chen.yilianwj",,,"20","0","ADX","16/4/2026 05:19:28"
"com.chenkang.shop","晨康荟家",,,"3","0","ADX","16/4/2026 05:18:42"
"com.chess.online.ajedrez","com.chess.online.ajedrez",,,"1","0","ADX","16/4/2026 05:18:48"
"com.chipsea.btweigh","",,,"25","0","ADX","16/4/2026 05:18:46"
"com.chrom.osome","柠檬短剧","教育",,"342","0","ADX","16/4/2026 05:18:49"
"com.chrom.osome","柠檬短剧福利版","教育",,"974","0","ADX","16/4/2026 05:18:49"
"com.chuangxiaoweilai.quick-child-record","成长助手ios",,,"1","0","ADX","16/4/2026 05:19:36"
"com.chumi.ddb","DayFragment",,,"5","0","ADX","16/4/2026 05:19:38"
"com.chumi.ddb","Parkeed",,,"8","0","ADX","16/4/2026 05:19:32"
"com.chumi.ddb","SDK聚合-iOS",,,"3343","0","ADX","16/4/2026 05:18:46"
"com.chumi.ddb","豆豆包",,,"83","0","ADX","16/4/2026 05:19:53"
"com.chun.shuoaa","简玩",,,"130","0","ADX","16/4/2026 05:18:46"
"com.chun.shuof","简玩",,,"1","0","ADX","16/4/2026 05:18:41"
"com.chun.shuof","绘画大作战5--安卓-24.10.22",,,"1","0","ADX","16/4/2026 05:18:48"
"com.chun.shuom","淳硕-简玩-25.2.12",,,"1","0","ADX","16/4/2026 05:19:47"
"com.chun.shuom","淳硕简玩-2.12",,,"2397","0","ADX","16/4/2026 05:18:49"
"com.chun.shuom","简玩短视频",,,"29375","0","ADX","16/4/2026 05:18:46"
"com.chun.shuom","简玩短视频金秋版",,,"5","0","ADX","16/4/2026 05:18:42"
"com.chun.shuoz","淳硕简玩-4.16",,,"3","0","ADX","16/4/2026 05:18:48"
"com.chun.shuoz","简玩短视频",,,"2","0","ADX","16/4/2026 05:18:41"
"com.chun.shuoz","简玩短视频夏日版",,,"1","0","ADX","16/4/2026 05:18:44"
"com.chun.shuoz","简玩短视频金秋版",,,"9","0","ADX","16/4/2026 05:18:46"
"com.chun.shuoz","绘画大作战5-安卓",,,"2","0","ADX","16/4/2026 05:19:49"
"com.chunwei.ihealthbaby","微胎心IOS",,,"462","0","ADX","16/4/2026 05:19:28"
"com.chuxin.wnhcw","禾雅趣玩",,,"44","0","ADX","16/4/2026 05:19:43"
"com.cictec.datong.intelligence.travel","大同公交",,,"13","0","ADX","16/4/2026 05:18:46"
"com.cina.cvrd","淳硕简玩-5.21",,,"1","0","ADX","16/4/2026 05:18:52"
"com.climbingsilver.flashnote","com.climbingsilver.FlashNote",,,"26701","0","ADX","16/4/2026 05:19:32"
"com.cloud.dema.jog","com.cloud.dema.jog",,,"1","0","ADX","16/4/2026 05:18:52"
"com.cloudora.android","安卓","居家生活",,"30","0","ADX","16/4/2026 05:18:52"
"com.cloudora.android","慧生活798安卓","居家生活",,"68735","0","ADX","16/4/2026 05:18:49"
"com.codoon.gps","咕咚-跑步骑行健走马拉松赛事","体育运动",,"12","0","ADX","16/4/2026 05:19:53"
"com.coimprove","Co-Improve",,,"12","0","ADX","16/4/2026 05:19:38"
"com.coldbranch.driftbottle","com.coldbranch.driftBottle",,,"1","0","ADX","16/4/2026 05:18:52"
"com.cooking.world.chef.craze.restaurant.fever.cn","",,,"56","0","ADX","16/4/2026 05:18:46"
"com.cooking.world.chef.craze.restaurant.fever.cn","烹饪环游记",,,"1","0","ADX","16/4/2026 05:19:56"
"com.cookingcity.chefgame.feverkitchen.free","",,,"212","0","ADX","16/4/2026 05:18:49"
"com.cookingcity.chefgame.feverkitchen.free","IOS",,,"2","0","ADX","16/4/2026 05:18:52"
"com.coolapk.market","酷安安卓","聊天社交",,"1","0","ADX","16/4/2026 05:18:59"
"com.coolgamapp.colorfontskeyboard","com.coolgamapp.colorfontskeyboard",,,"8","0","ADX","16/4/2026 05:19:53"
"com.core.iosshudu","com.core.iosshudu",,,"38","0","ADX","16/4/2026 05:19:38"
"com.covertbellig.zljcy","%E8%B5%B0%E8%B7%AF%E9%9B%86%E8%B4%A2%E8%BF%90",,,"1","0","ADX","16/4/2026 05:19:56"
"com.crazyreader.novel.ios","com.crazyreader.novel.ios",,,"15","0","ADX","16/4/2026 05:18:32"
"com.creation.tech","玲珑短剧",,,"3","0","ADX","16/4/2026 05:18:42"
"com.creation.tech","红包短剧-com.creation.tech",,,"1","0","ADX","16/4/2026 05:19:51"
"com.credamo.credamoapp1","Credamo见数",,,"2","0","ADX","16/4/2026 05:19:49"
"com.csh.angui","电力刷题宝",,,"1","0","ADX","16/4/2026 05:19:36"
"com.csjpj.shanju","闪聚客",,,"3","0","ADX","16/4/2026 05:19:53"
"com.ctbq.rtdw","淳硕简玩-1.20",,,"348","0","ADX","16/4/2026 05:18:49"
"com.ctbq.rtdw","简玩短视频",,,"6987","0","ADX","16/4/2026 05:18:46"
"com.ctjws.fxji","短剧线",,,"2","0","ADX","16/4/2026 05:18:42"
"com.cute.info","",,,"1","0","ADX","16/4/2026 05:19:36"
"com.cycyai.www","com.cycyai.www",,,"57014","0","ADX","16/4/2026 05:19:32"
"com.cyjh.mobileanjian","按键精灵",,,"311","0","ADX","16/4/2026 05:19:19"
"com.cyyly.qckj","com.cyyly.qckj",,,"1","0","ADX","16/4/2026 05:19:56"
"com.cyyly.qckj","洋洋max",,,"6","0","ADX","16/4/2026 05:18:42"
"com.czh.xycy","星曜白羊",,,"1","0","ADX","16/4/2026 05:18:48"
"com.cztv.mgss.two","com.cztv.mgss.two",,,"1","0","ADX","16/4/2026 05:19:56"
"com.dacty.liogl","新轻萌耀金版",,,"2","0","ADX","16/4/2026 05:18:46"
"com.dacty.liogl","萌萌剧场",,,"2","0","ADX","16/4/2026 05:18:46"
"com.dacty.liogl","萌萌短剧",,,"224","0","ADX","16/4/2026 05:18:49"
"com.daishu.jibu","袋鼠计步",,,"2","0","ADX","16/4/2026 05:18:48"
"com.danale.video","Danale IoT","摄影摄像",,"3","0","ADX","16/4/2026 05:19:32"
"com.dandelion.routine","",,,"2","0","ADX","16/4/2026 05:18:44"
"com.dandelion.routine","com.dandelion.Routine",,,"1","0","ADX","16/4/2026 05:19:20"
"com.danger.airplane","com.danger.airplane",,,"3","0","ADX","16/4/2026 05:19:14"
"com.daodao.note","叨叨记账",,,"38","0","ADX","16/4/2026 05:19:53"
"com.daqo.wallpaper","com.daqo.wallpaper",,,"13","0","ADX","16/4/2026 05:19:56"
"com.daqo.wallpaper","多多壁纸铃声",,,"255","0","ADX","16/4/2026 05:19:53"
"com.data4sports.app","IOS","体育/资讯",,"11","0","ADX","16/4/2026 05:18:52"
"com.dd.dmattic","梦界阁",,,"307","0","ADX","16/4/2026 05:19:53"
"com.dd.loft","云起阁",,,"58","0","ADX","16/4/2026 05:19:43"
"com.dd.moment","阅时光",,,"31","0","ADX","16/4/2026 05:18:49"
"com.ddwlvp.app.ddwl","",,,"5","0","ADX","16/4/2026 05:19:38"
"com.ddwlvp.app.ddwl","多多物联",,,"3","0","ADX","16/4/2026 05:18:49"
"com.dekang.huizhijiao","慧职教",,,"3","0","ADX","16/4/2026 05:19:53"
"com.dengyan.cosmos","",,,"4","0","ADX","16/4/2026 05:18:49"
"com.dengyan.cosmos","com.dengyan.cosmos",,,"5","0","ADX","16/4/2026 05:19:22"
"com.dg.myhome.myhome","","智能家居/工具",,"2","0","ADX","16/4/2026 05:18:52"
"com.dg.myhome.myhome","SDK聚合-iOS","智能家居/工具",,"1104","0","ADX","16/4/2026 05:18:46"
"com.dg.myhome.myhome","大谷云-IOS","智能家居/工具",,"12643","0","ADX","16/4/2026 05:18:49"
"com.dgiot.speedmonitoring","大谷云-安卓","实用工具",,"28833","0","ADX","16/4/2026 05:18:49"
"com.dgiot.speedmonitoring","大谷云.","实用工具",,"1","0","ADX","16/4/2026 05:19:56"
"com.didapinche.booking","嘀嗒拼车Android移动应用软件","旅行交通",,"9","0","ADX","16/4/2026 05:19:32"
"com.didapinche.taxi","","交通出行",,"19","0","ADX","16/4/2026 05:18:46"
"com.didapinche.taxi","嘀嗒出行ios","交通出行",,"2","0","ADX","16/4/2026 05:19:43"
"com.dingyutx.newlibaijia","利佰嘉",,,"2","0","ADX","16/4/2026 05:18:49"
"com.divot.guard","",,,"1","0","ADX","16/4/2026 05:18:48"
"com.dj.speed","速读免费小说","图书阅读",,"2740","0","ADX","16/4/2026 05:18:46"
"com.dj.speed","速读小说","图书阅读",,"52","0","ADX","16/4/2026 05:18:46"
"com.dkxuanhua.xuanhuashuhuanbanlv","com.dkxuanhua.xuanhuashuhuanbanlv",,,"1","0","ADX","16/4/2026 05:19:36"
"com.dom.diary","汉堡日记",,,"2","0","ADX","16/4/2026 05:19:30"
"com.dongqiudi.app.news","com.dongqiudi.app.news",,,"2","0","ADX","16/4/2026 05:19:56"
"com.dongqiudi.app.news","懂球帝-测试版",,,"4","0","ADX","16/4/2026 05:19:53"
"com.dongyangkj.xiaohongmao","com.dongyangkj.xiaohongmao",,,"295","0","ADX","16/4/2026 05:18:46"
"com.doron.xueche.stu","安卓",,,"1","0","ADX","16/4/2026 05:18:52"
"com.doyiot.app","com.doyiot.app",,,"1","0","ADX","16/4/2026 05:19:03"
"com.draw.bridge.puzzle.drawgame.cn","com.draw.bridge.puzzle.drawgame.cn",,,"2","0","ADX","16/4/2026 05:18:52"
"com.dsf","com.dsf",,,"1","0","ADX","16/4/2026 05:19:56"
"com.dsgg.tbzprojecttt","com.dsgg.TBZProjecttt",,,"2","0","ADX","16/4/2026 05:19:20"
"com.dsocial.dzpq","大众评球",,,"54","0","ADX","16/4/2026 05:18:46"
"com.duanju.zp","WAKEOK",,,"1","0","ADX","16/4/2026 05:19:36"
"com.dukabang.app","com.dukabang.app",,,"1","0","ADX","16/4/2026 05:19:40"
"com.duoduo.sport","com.duoduo.sport","运动健康",,"17","0","ADX","16/4/2026 05:19:14"
"com.duoduo.sport","步多多","运动健康",,"22","0","ADX","16/4/2026 05:18:46"
"com.e8game.csqlios","com.e8game.csqlios",,,"2","0","ADX","16/4/2026 05:18:52"
"com.easy.beauty.camera","com.easy.beauty.camera",,,"1","0","ADX","16/4/2026 05:19:20"
"com.editorsdk.dev","快影",,,"1","0","ADX","16/4/2026 05:18:48"
"com.edujia.iosversion","微脉水印相机iOS",,,"204","0","ADX","16/4/2026 05:19:28"
"com.elinasoft.systemmaster","com.elinasoft.systemmaster",,,"4973","0","ADX","16/4/2026 05:19:28"
"com.elinasoft.systemmaster","启明",,,"16","0","ADX","16/4/2026 05:18:46"
"com.elinasoft.systemmaster","超级手机管家",,,"25","0","ADX","16/4/2026 05:18:46"
"com.ench.hkm.ordn.sag","",,,"9","0","ADX","16/4/2026 05:18:49"
"com.ench.hkm.ordn.sag","U10-JSQL-1",,,"1","0","ADX","16/4/2026 05:19:47"
"com.eonsun.cleanmaster202","书痴",,,"2","0","ADX","16/4/2026 05:18:46"
"com.epic.fly.plane","com.epic.fly.plane",,,"12","0","ADX","16/4/2026 05:19:43"
"com.epic.fly.plane","飞机模拟高手",,,"2","0","ADX","16/4/2026 05:18:48"
"com.erksd.qdmk.yxml.sousou","轻松清单",,,"2","0","ADX","16/4/2026 05:18:46"
"com.esread.sunflowerstudent","向日葵",,,"12","0","ADX","16/4/2026 05:19:43"
"com.esread.sunflowerstudent","向日葵阅读",,,"3","0","ADX","16/4/2026 05:19:38"
"com.esurfingpay.bestpay","SDK聚合-iOS",,,"304780","0","ADX","16/4/2026 05:18:46"
"com.esurfingpay.bestpay","com.esurfingpay.bestpay",,,"46","0","ADX","16/4/2026 05:18:40"
"com.esurfingpay.bestpay","翼支付",,,"1","0","ADX","16/4/2026 05:19:25"
"com.etalien.booster","外星仔加速器-Android","实用工具",,"11","0","ADX","16/4/2026 05:18:46"
"com.etalien.booster","外星仔加速器-安卓","实用工具",,"389","0","ADX","16/4/2026 05:18:49"
"com.etye.eyrf","小金牛短剧","生活服务/快递物流管理",,"18","0","ADX","16/4/2026 05:18:46"
"com.etye.eyrf","小金牛贺岁版","生活服务/快递物流管理",,"926","0","ADX","16/4/2026 05:18:46"
"com.example.jingpinji","",,,"1","0","ADX","16/4/2026 05:18:41"
"com.example.xyx","星眼",,,"18","0","ADX","16/4/2026 05:19:38"
"com.excean.gspace","",,,"64","0","ADX","16/4/2026 05:18:49"
"com.excean.gspace","Ourplay加速器-原谷歌空间",,,"1","0","ADX","16/4/2026 05:18:59"
"com.excean.gspace","安卓",,,"44","0","ADX","16/4/2026 05:18:52"
"com.fanming.app","梵铭剧场",,,"3","0","ADX","16/4/2026 05:19:32"
"com.fanming.app","梵铭记账移动软件",,,"2","0","ADX","16/4/2026 05:18:44"
"com.fanqiecy.quickapp","番茄成语",,,"2","0","ADX","16/4/2026 05:19:56"
"com.fanyou.jifen","记分器",,,"1","0","ADX","16/4/2026 05:18:44"
"com.fcbox.hiveconsumer","丰巢 13655779766","时尚购物",,"1","0","ADX","16/4/2026 05:19:36"
"com.fcbox.hiveconsumer","丰巢 15397350236","时尚购物",,"1","0","ADX","16/4/2026 05:19:11"
"com.fcbox.hiveconsumer","丰巢 3","时尚购物",,"1","0","ADX","16/4/2026 05:19:40"
"com.fcbox.hiveconsumer","丰巢 61","时尚购物",,"1","0","ADX","16/4/2026 05:19:03"
"com.fcbox.hiveconsumer","丰巢 7250","时尚购物",,"2","0","ADX","16/4/2026 05:19:36"
"com.fcbox.hiveconsumer","丰巢 7503","时尚购物",,"1","0","ADX","16/4/2026 05:19:11"
"com.fcbox.hiveconsumer","丰巢 8798","时尚购物",,"2","0","ADX","16/4/2026 05:19:32"
"com.fcbox.hiveconsumer.2","com.fcbox.hiveconsumer.2",,,"4","0","ADX","16/4/2026 05:19:36"
"com.fcbox.hiveconsumer.2","丰巢.2",,,"2","0","ADX","16/4/2026 05:19:36"
"com.fdck.rtdk","哇区",,,"21","0","ADX","16/4/2026 05:18:46"
"com.fdfe.hhd","",,,"6","0","ADX","16/4/2026 05:18:46"
"com.fdfe.hhd","小金牛故事",,,"20954","0","ADX","16/4/2026 05:18:49"
"com.fengyongkj.android","峰佣空间",,,"88","0","ADX","16/4/2026 05:18:46"
"com.fengyun.dice","摇骰子",,,"3","0","ADX","16/4/2026 05:19:38"
"com.fezfs.zsas","简玩-安卓-24.8.20",,,"1","0","ADX","16/4/2026 05:19:25"
"com.fgame.eye.adm.jbb","剧白白","影音播放/影视追剧",,"196","0","ADX","16/4/2026 05:18:56"
"com.fgame.eye.adm.jbb","数字翻牌2","影音播放/影视追剧",,"8","0","ADX","16/4/2026 05:18:56"
"com.fgame.eye.adm.xyz","数字翻牌",,,"17","0","ADX","16/4/2026 05:19:43"
"com.fgame.majiang.mame.rrx","麻将消消乐",,,"1","0","ADX","16/4/2026 05:19:11"
"com.fghf.psxl","小金牛短剧",,,"401","0","ADX","16/4/2026 05:18:46"
"com.fghf.psxl","小金牛贺岁版",,,"8426","0","ADX","16/4/2026 05:18:46"
"com.fhm369.www","返惠猫",,,"63","0","ADX","16/4/2026 05:18:49"
"com.finedrama.shimiaockb","com.finedrama.shimiaockb",,,"1","0","ADX","16/4/2026 05:19:56"
"com.fiud.irmg","com.fiud.irmg",,,"1","0","ADX","16/4/2026 05:19:56"
"com.fiud.irmg","淳硕简玩-4.23",,,"16","0","ADX","16/4/2026 05:18:49"
"com.fiud.irmg","简玩剧场",,,"27","0","ADX","16/4/2026 05:18:49"
"com.fiud.irmg","简玩剧场夏日版",,,"9","0","ADX","16/4/2026 05:18:49"
"com.fiud.irmg","简玩剧场金秋版",,,"5","0","ADX","16/4/2026 05:18:46"
"com.fiud.irmg","绘画大作战5-安卓-25.4.23",,,"8","0","ADX","16/4/2026 05:19:53"
"com.fjxm.hhzm","昏昏助眠",,,"8","0","ADX","16/4/2026 05:18:32"
"com.fjxm.lcg","来次购",,,"689","0","ADX","16/4/2026 05:19:38"
"com.fjxm.lcjz","来财记账",,,"1705","0","ADX","16/4/2026 05:19:00"
"com.fjxm.wqjb","无穷计步",,,"359","0","ADX","16/4/2026 05:18:36"
"com.fkds.nmek.xnma","光鲜优选",,,"2","0","ADX","16/4/2026 05:18:46"
"com.flibbe.rtig","萌萌短剧黄金版",,,"1593","0","ADX","16/4/2026 05:18:49"
"com.flight.punk.cool","com.flight.punk.cool",,,"45","0","ADX","16/4/2026 05:19:43"
"com.flightmanager.view","航班管家",,,"1","0","ADX","16/4/2026 05:19:20"
"com.flu.flutter_wifi_camera","Z-IOT CAM",,,"7","0","ADX","16/4/2026 05:19:38"
"com.flu.flutter_wifi_camera","Z﹣IOT CAM",,,"13","0","ADX","16/4/2026 05:19:22"
"com.foit.vkef","淳硕简玩-4.22",,,"1","0","ADX","16/4/2026 05:18:52"
"com.foton.almightyappstore","com.foton.almightyAppStore",,,"1","0","ADX","16/4/2026 05:19:20"
"com.founder.dongguantongapp1","",,,"1","0","ADX","16/4/2026 05:18:48"
"com.founder.dongguantongapp1","东莞通",,,"1","0","ADX","16/4/2026 05:19:11"
"com.founder.hsdt","com.founder.hsdt","公交地铁",,"2","0","ADX","16/4/2026 05:18:36"
"com.founder.hsdt","青城地铁","公交地铁",,"586","0","ADX","16/4/2026 05:18:46"
"com.freshmop.chaojingsjql","com.freshmop.chaojingsjql",,,"1","0","ADX","16/4/2026 05:18:44"
"com.fruitstack.le","云海视频","休闲益智游戏",,"6","0","ADX","16/4/2026 05:19:19"
"com.ftsino.ditie","微探",,,"72","0","ADX","16/4/2026 05:19:38"
"com.ftycam.product","FtyCam",,,"19","0","ADX","16/4/2026 05:19:53"
"com.ftycam.product","com.ftyCam.product",,,"1","0","ADX","16/4/2026 05:18:52"
"com.fulu.phonemanager.ios","SDK聚合-iOS",,,"469","0","ADX","16/4/2026 05:18:46"
"com.funnygames.escape.wjmj","无间梦境",,,"6","0","ADX","16/4/2026 05:18:46"
"com.funnygames.fcrazychicken1a","com.funnygames.fcrazychicken1a",,,"2","0","ADX","16/4/2026 05:19:22"
"com.funplus.familyfarm.papaya","com.funplus.familyfarm.papaya",,,"89","0","ADX","16/4/2026 05:19:08"
"com.funplus.familyfarm.papaya","天天农场",,,"378","0","ADX","16/4/2026 05:19:19"
"com.futurefleet.bozhou.android","亳州公交",,,"45","0","ADX","16/4/2026 05:18:46"
"com.futurefleet.jiangjin","SDK聚合-iOS",,,"1","0","ADX","16/4/2026 05:18:44"
"com.futurefleet.pandabus.ui.yx","宜兴享出行",,,"13","0","ADX","16/4/2026 05:18:46"
"com.futurefleet.pandabusyanan","com.futurefleet.PandaBusYanAn",,,"1","0","ADX","16/4/2026 05:18:39"
"com.futurefleet.pandazibo","",,,"20","0","ADX","16/4/2026 05:18:46"
"com.futurefleet.pandazibo","ZiBoChuXing",,,"4","0","ADX","16/4/2026 05:18:42"
"com.futurefleet.pandazibo","淄博出行",,,"524","0","ADX","16/4/2026 05:18:46"
"com.futurefleet.yinchuan","yinChuanXing",,,"9","0","ADX","16/4/2026 05:19:53"
"com.fwsx.hfer","",,,"3","0","ADX","16/4/2026 05:18:42"
"com.fwsx.hfer","安卓",,,"5","0","ADX","16/4/2026 05:18:52"
"com.fwsx.hfer","小金牛故事-26.2.19",,,"3","0","ADX","16/4/2026 05:18:52"
"com.fxk.hydgzx","com.fxk.hydgzx",,,"1","0","ADX","16/4/2026 05:18:44"
"com.fxk.hydgzx","简测工具箱",,,"1","0","ADX","16/4/2026 05:19:47"
"com.fyzt.tq","com.fyzt.tq",,,"1","0","ADX","16/4/2026 05:19:56"
"com.fzmedia.piloteyes","PilotEyes",,,"1","0","ADX","16/4/2026 05:18:52"
"com.galum.phing","轻萌1",,,"36","0","ADX","16/4/2026 05:19:43"
"com.galum.phing","阳光短剧",,,"152","0","ADX","16/4/2026 05:18:49"
"com.gameley.catrotary","转盘喵",,,"3","0","ADX","16/4/2026 05:18:49"
"com.gameley.desktopcat","桌面猫-互动桌面宠物","桌面宠物/个性化",,"823","0","ADX","16/4/2026 05:18:49"
"com.gameley.desktopcat","桌面猫ios","桌面宠物/个性化",,"849","0","ADX","16/4/2026 05:19:22"
"com.gameley.xfwjz","小富翁记账",,,"10","0","ADX","16/4/2026 05:19:53"
"com.gamersky.gamersky","SDK聚合-iOS",,,"140","0","ADX","16/4/2026 05:18:46"
"com.gaoshan.ddcar","com.gaoshan.DDCar",,,"1","0","ADX","16/4/2026 05:18:44"
"com.gas.station.tycoon","com.gas.station.tycoon",,,"1","0","ADX","16/4/2026 05:19:51"
"com.generalcomp.lvo","镭威视云",,,"1","0","ADX","16/4/2026 05:19:20"
"com.generalcomp.siteyun","安卓",,,"7","0","ADX","16/4/2026 05:18:52"
"com.generalcomp.siteyun","思特云",,,"2","0","ADX","16/4/2026 05:19:53"
"com.generalcomp.xinsan","安卓",,,"6","0","ADX","16/4/2026 05:18:52"
"com.generalcomp.yunshiyun","云视云",,,"1","0","ADX","16/4/2026 05:19:47"
"com.generalcomp.yunshiyun","安卓",,,"3","0","ADX","16/4/2026 05:18:52"
"com.gfd.xiaobai","SDK聚合-iOS","教育/学习打印",,"443","0","ADX","16/4/2026 05:18:46"
"com.gfd.xiaobai","小白智慧打印-jg","教育/学习打印",,"2","0","ADX","16/4/2026 05:19:53"
"com.gfd.xiaobai","小白智慧打印-手机打印扫描复印，试卷擦除","教育/学习打印",,"4985","0","ADX","16/4/2026 05:18:49"
"com.ggcy.ymcx","洋洋成语","学习教育",,"1884","0","ADX","16/4/2026 05:18:46"
"com.ggcy.ymcx","郭郭成语","学习教育",,"13","0","ADX","16/4/2026 05:18:46"
"com.glinttec.beautyscan.beautyscore.photobeautyscan","com.glinttec.beautyscan.beautyscore.photoBeautyScan",,,"33885","0","ADX","16/4/2026 05:19:32"
"com.glodon.cadreader","IOS",,,"8","0","ADX","16/4/2026 05:18:52"
"com.glodon.constructioncalculators","安卓",,,"3","0","ADX","16/4/2026 05:18:52"
"com.glodon.drawingexplorer","安卓",,,"3","0","ADX","16/4/2026 05:18:52"
"com.gm.wifi.intelligence","com.gm.wifi.intelligence",,,"4","0","ADX","16/4/2026 05:18:46"
"com.gmfxxla.cpa","com.gmfxxla.cpa","游戏-休闲消除",,"7","0","ADX","16/4/2026 05:19:56"
"com.gmfxxla.cpa","魔法消消乐a","游戏-休闲消除",,"98","0","ADX","16/4/2026 05:18:46"
"com.gna.weif","微分身版18-52",,,"2","0","ADX","16/4/2026 05:19:49"
"com.gnwx.wwsp","万物数盘",,,"9","0","ADX","16/4/2026 05:19:32"
"com.gongxueyun","com.gongxueyun",,,"4","0","ADX","16/4/2026 05:19:49"
"com.goodgames.gweaponmaster1a","com.goodgames.gweaponmaster1a",,,"4","0","ADX","16/4/2026 05:18:56"
"com.grayscaletechnology.quickcharging","填词大状元",,,"1","0","ADX","16/4/2026 05:18:44"
"com.grgvc.lijh","趣刷趣赚-25.5.20",,,"2","0","ADX","16/4/2026 05:19:53"
"com.gstshs","个税退税核算",,,"3","0","ADX","16/4/2026 05:19:49"
"com.gszf.app","格式作坊",,,"17","0","ADX","16/4/2026 05:19:38"
"com.gtsoft.kidsbrainfree","com.gtsoft.KidsBrainFree",,,"1","0","ADX","16/4/2026 05:19:30"
"com.gtxy.postalservice.industry","星驿付",,,"1","0","ADX","16/4/2026 05:19:40"
"com.guardian.ipcamera","守护者-CAM",,,"3","0","ADX","16/4/2026 05:19:08"
"com.gvsoft.gofun","Gofun出行",,,"1","0","ADX","16/4/2026 05:18:59"
"com.gxyzcwl.microkernel","微核-安卓","聊天社交",,"414","0","ADX","16/4/2026 05:18:49"
"com.gzfjswyxgs.juqu","喵点点",,,"11","0","ADX","16/4/2026 05:19:53"
"com.gzkaston.eschool","定邦E学堂",,,"7","0","ADX","16/4/2026 05:19:53"
"com.gzyct.yctwallet","羊城通",,,"2","0","ADX","16/4/2026 05:19:38"
"com.haigoumall.app","白云视频",,,"2","0","ADX","16/4/2026 05:18:36"
"com.haixue.app.haixue","SDK聚合-iOS",,,"513","0","ADX","16/4/2026 05:18:46"
"com.haixue.app.haixue","com.haixue.app.haixue",,,"9","0","ADX","16/4/2026 05:18:36"
"com.hangwen.zailaiwanyiguan","com.hangwen.zailaiwanyiguan",,,"15","0","ADX","16/4/2026 05:18:49"
"com.hanhai.qcxx","祁诚消消",,,"1","0","ADX","16/4/2026 05:18:41"
"com.hanhai.rsll","睿顺",,,"3","0","ADX","16/4/2026 05:18:49"
"com.haorunapp.app","com.haorunapp.app",,,"10","0","ADX","16/4/2026 05:19:43"
"com.happyadvert.carplay","SDK聚合-iOS",,,"200","0","ADX","16/4/2026 05:18:46"
"com.hasmash.photoby.app.lvzhi","绿宝管家",,,"4","0","ADX","16/4/2026 05:19:08"
"com.hbsclj.uth","安卓",,,"3","0","ADX","16/4/2026 05:18:52"
"com.hcwl.aishow","AView-iOS","影音娱乐/直播",,"278333","0","ADX","16/4/2026 05:19:49"
"com.hd.ysty","com.hd.ysty",,,"23","0","ADX","16/4/2026 05:19:32"
"com.hdl1688","com.hdl1688",,,"9","0","ADX","16/4/2026 05:19:56"
"com.hengding","智汇疆山",,,"8","0","ADX","16/4/2026 05:19:43"
"com.hetfield.william.hetfield","辰域智控",,,"4","0","ADX","16/4/2026 05:18:46"
"com.hexiang.zmdj","凤梨多多",,,"1","0","ADX","16/4/2026 05:18:44"
"com.heytap.music","Musica",,,"14","0","ADX","16/4/2026 05:19:49"
"com.heytap.music","Muziek",,,"3","0","ADX","16/4/2026 05:19:14"
"com.heytap.music","རོལ་དབྱངས།",,,"35","0","ADX","16/4/2026 05:19:38"
"com.heytap.music","万声欢太",,,"75","0","ADX","16/4/2026 05:18:49"
"com.heytap.music","万声欢太com.heytap.music",,,"133","0","ADX","16/4/2026 05:19:53"
"com.heytap.music","安卓",,,"2","0","ADX","16/4/2026 05:18:52"
"com.hf","Multiple Image Select",,,"1","0","ADX","16/4/2026 05:18:41"
"com.hffh.gfre","小金牛短剧",,,"32","0","ADX","16/4/2026 05:18:46"
"com.hffh.gfre","小金牛贺岁版",,,"248","0","ADX","16/4/2026 05:18:49"
"com.hfjzl.zjxfj","整洁小房间",,,"1","0","ADX","16/4/2026 05:18:48"
"com.hgld.abkkj","必得·胖胖猫","实用工具",,"476","0","ADX","16/4/2026 05:18:46"
"com.hgld.abkkj","红广乐答","实用工具",,"135","0","ADX","16/4/2026 05:19:49"
"com.hihonor.health","荣耀运动健康",,,"1581","0","ADX","16/4/2026 05:18:46"
"com.hihonor.magazine","荣耀魔法画报",,,"204","0","ADX","16/4/2026 05:18:46"
"com.hihonor.servicecenter","快服务中心",,,"273","0","ADX","16/4/2026 05:18:46"
"com.hihonor.servicerecommend","右二屏小卡",,,"9","0","ADX","16/4/2026 05:18:46"
"com.hikvision.666","com.hikvision.666",,,"1","0","ADX","16/4/2026 05:19:51"
"com.hikvision.videogo","","监控/智能硬件",,"126","0","ADX","16/4/2026 05:19:53"
"com.hikvision.videogo","IOS","监控/智能硬件",,"88","0","ADX","16/4/2026 05:18:52"
"com.hikvision.videogo","萤石云","监控/智能硬件",,"2","0","ADX","16/4/2026 05:18:41"
"com.hisense.wuhubus","芜湖公交",,,"414","0","ADX","16/4/2026 05:18:46"
"com.hisense.yqbus","阳泉公交通",,,"5","0","ADX","16/4/2026 05:18:46"
"com.hjmore.taihe","78视频","影音播放/影视追剧",,"2","0","ADX","16/4/2026 05:19:14"
"com.hjmore.taihe","小丑鱼影视","影音播放/影视追剧",,"19","0","ADX","16/4/2026 05:19:53"
"com.hjmore.wpnidle","Admore-Android-正式","休闲游戏",,"4","0","ADX","16/4/2026 05:18:52"
"com.hjxh.changxiao","畅晓",,,"1","0","ADX","16/4/2026 05:19:11"
"com.hkfycallshow.video","铃声来电视频",,,"19","0","ADX","16/4/2026 05:18:46"
"com.hkiii.hejitools","黑盒工具箱",,,"1","0","ADX","16/4/2026 05:18:52"
"com.hks.fwlt.mi","com.hks.fwlt.mi",,,"1","0","ADX","16/4/2026 05:19:56"
"com.hmjzzz.www","画眉记账",,,"24","0","ADX","16/4/2026 05:18:46"
"com.hncj.cplay","畅听免费音乐",,,"2","0","ADX","16/4/2026 05:19:43"
"com.hnghcx.fhyg","凤凰易购",,,"3","0","ADX","16/4/2026 05:19:28"
"com.hnkzy.smar","慧生活798",,,"4","0","ADX","16/4/2026 05:19:11"
"com.hnkzy.smartlife","SDK聚合-iOS",,,"1","0","ADX","16/4/2026 05:18:44"
"com.hnkzy.smartlife","慧生活798_IOS",,,"2","0","ADX","16/4/2026 05:18:52"
"com.hnxk.grmzyx.vivo","盖瑞模组游戏",,,"1","0","ADX","16/4/2026 05:18:48"
"com.homoc.hromy","枫叶短剧",,,"40","0","ADX","16/4/2026 05:18:46"
"com.homoc.hromy","轻萌20",,,"25","0","ADX","16/4/2026 05:19:53"
"com.hongan.trans","乐趣短视频",,,"1","0","ADX","16/4/2026 05:18:48"
"com.honor.browser","荣耀浏览器",,,"555","0","ADX","16/4/2026 05:18:46"
"com.hopeway.cam.sqcom","Sqcom",,,"9","0","ADX","16/4/2026 05:19:38"
"com.houwei.towell","ToWell",,,"10","0","ADX","16/4/2026 05:19:38"
"com.hsxc.chsxc","花束消除",,,"15","0","ADX","16/4/2026 05:19:32"
"com.htgame.ayzgmnq.bc","com.htgame.ayzgmnq.bc",,,"1","0","ADX","16/4/2026 05:18:44"
"com.htgame.bjrh.bc","com.htgame.bjrh.bc",,,"1","0","ADX","16/4/2026 05:18:44"
"com.htgame.jrds3d.bc","com.htgame.jrds3d.bc",,,"1","0","ADX","16/4/2026 05:18:48"
"com.huachenjie.shandong","ShanDong",,,"1","0","ADX","16/4/2026 05:18:41"
"com.huachenjie.shandong","闪动校园-jz",,,"1","0","ADX","16/4/2026 05:19:40"
"com.huachenjie.shandong","闪动校园_iOS",,,"1","0","ADX","16/4/2026 05:18:52"
"com.huachenjie.shandong_school","闪动-安卓",,,"16","0","ADX","16/4/2026 05:18:52"
"com.huachenjie.shandong_schoom","闪动校园",,,"1","0","ADX","16/4/2026 05:19:56"
"com.huanlexcmo.zbd","欢乐熊出没",,,"12","0","ADX","16/4/2026 05:18:46"
"com.huanqiu.00100209","SDK聚合-iOS",,,"96","0","ADX","16/4/2026 05:18:46"
"com.huanqiu.00100209","com.huanqiu.00100209",,,"5","0","ADX","16/4/2026 05:18:46"
"com.huanqiu.00100209","环球时报",,,"854","0","ADX","16/4/2026 05:18:46"
"com.huanxing.wczj","旺财之家",,,"3","0","ADX","16/4/2026 05:18:42"
"com.huateng.snhj","水牛汇剧",,,"1","0","ADX","16/4/2026 05:19:03"
"com.huateng.ytdd","杨桃点点",,,"1","0","ADX","16/4/2026 05:18:39"
"com.huawei.android.totemweather","天气",,,"3","0","ADX","16/4/2026 05:19:03"
"com.huawei.magazine","荣耀华为魔法画报",,,"463","0","ADX","16/4/2026 05:18:46"
"com.huaya.huaya","SDK聚合-iOS",,,"10168","0","ADX","16/4/2026 05:18:46"
"com.huaya.jisu","SDK聚合-iOS","工具/清理",,"8249","0","ADX","16/4/2026 05:18:46"
"com.hudong.pintu","com.hudong.pintu",,,"2","0","ADX","16/4/2026 05:19:36"
"com.huiduoxuan01.app","惠多选",,,"1","0","ADX","16/4/2026 05:19:47"
"com.huijinlianmeng.hjlm","汇金联盟",,,"10","0","ADX","16/4/2026 05:18:46"
"com.huiyun.caresee","SDK聚合-iOS",,,"1","0","ADX","16/4/2026 05:18:41"
"com.huizu.darenzhijia","com.huizu.darenzhijia",,,"1","0","ADX","16/4/2026 05:19:56"
"com.hundsun.internetsaleticket","巴巴快巴",,,"2","0","ADX","16/4/2026 05:19:38"
"com.hupu.games.pro","虎扑App","游戏/体育",,"6","0","ADX","16/4/2026 05:19:38"
"com.hwhbd.gst","好玩红包队","短视频",,"10","0","ADX","16/4/2026 05:18:46"
"com.hwhbd.gst","快乐-泡泡虫","短视频",,"349","0","ADX","16/4/2026 05:18:46"
"com.hykgl.record","东南小说-安卓",,,"1","0","ADX","16/4/2026 05:19:25"
"com.hzlc.passon.mshc","",,,"7","0","ADX","16/4/2026 05:18:46"
"com.hzlc.passon.mshc","com.hzlc.passon.mshc",,,"302","0","ADX","16/4/2026 05:18:46"
"com.idejian.ddread","袋鼠点点",,,"4","0","ADX","16/4/2026 05:19:53"
"com.idejian.sm","",,,"52","0","ADX","16/4/2026 05:18:49"
"com.iflytek.vflynote","讯飞语记",,,"11","0","ADX","16/4/2026 05:19:53"
"com.ifmoc.zhuishushenqi","开心消消乐®","阅读工具",,"1","0","ADX","16/4/2026 05:18:44"
"com.iguor.igm001","com.iguor.igm001",,,"11050","0","ADX","16/4/2026 05:19:22"
"com.ihuaben.huabenapp","SDK聚合-iOS",,,"10507","0","ADX","16/4/2026 05:18:46"
"com.ihuaben.huabenapp","话本小说-IOS",,,"2","0","ADX","16/4/2026 05:18:52"
"com.ikecin.ikecin","com.ikecin.iKECIN",,,"2","0","ADX","16/4/2026 05:19:43"
"com.ikse.vkru","简玩",,,"1","0","ADX","16/4/2026 05:18:41"
"com.imendon.test.cococam","[测试]可可修图",,,"2","0","ADX","16/4/2026 05:18:35"
"com.impalastudios.theweatherfree","com.impalastudios.theweatherfree",,,"159","0","ADX","16/4/2026 05:19:43"
"com.impalastudios.theweatherfree","易天气",,,"5","0","ADX","16/4/2026 05:19:53"
"com.indeed.golinks","弈客围棋",,,"1","0","ADX","16/4/2026 05:18:48"
"com.intsig.camexam","com.intsig.CamExam",,,"8","0","ADX","16/4/2026 05:19:43"
"com.ios.qifitpro.app","com.ios.qifitpro.app",,,"3","0","ADX","16/4/2026 05:19:28"
"com.iplaymtg.mtg","SDK聚合-iOS",,,"1","0","ADX","16/4/2026 05:18:44"
"com.is.imagestitching","com.is.ImageStitching",,,"2","0","ADX","16/4/2026 05:19:32"
"com.itingshu.hearbook","爱听书",,,"72","0","ADX","16/4/2026 05:18:46"
"com.iuuapp.audiomaker","com.iuuapp.audiomaker",,,"152","0","ADX","16/4/2026 05:19:22"
"com.iyuedongfast.android","悦动运营版",,,"1","0","ADX","16/4/2026 05:19:47"
"com.iyuexiang.android","悦享视界",,,"138","0","ADX","16/4/2026 05:19:43"
"com.jc.qualitydev.bj","com.jc.qualitydev.bj",,,"362","0","ADX","16/4/2026 05:19:28"
"com.jdd.motorfans","SDK聚合-iOS","聊天社交",,"6","0","ADX","16/4/2026 05:18:42"
"com.jdd.motorfans","摩托范dev","聊天社交",,"5","0","ADX","16/4/2026 05:19:53"
"com.jdd.motorfans","摩托范企业版","聊天社交",,"8","0","ADX","16/4/2026 05:19:53"
"com.jf.jlinkiot","",,,"4","0","ADX","16/4/2026 05:18:49"
"com.jf.jlinkiot","com.jf.jlinkiot",,,"372","0","ADX","16/4/2026 05:19:53"
"com.jf.jlinkiot","小峰管家",,,"2","0","ADX","16/4/2026 05:19:40"
"com.jiameng.hxdmx","土豆奇遇记",,,"245","0","ADX","16/4/2026 05:19:38"
"com.jiameng.hxdmx","熊猫探险计划",,,"214","0","ADX","16/4/2026 05:19:43"
"com.jiameng.hxdmx","狂飙大卡车",,,"282","0","ADX","16/4/2026 05:19:43"
"com.jiangbu.zjjbx","健步侠",,,"21","0","ADX","16/4/2026 05:18:36"
"com.jiangjia.gif","com.jiangjia.gif",,,"76","0","ADX","16/4/2026 05:18:59"
"com.jiangjia.gif","快手",,,"3027829","0","ADX","16/4/2026 05:19:22"
"com.jiaxiao.driveapp","驾校一点通-ios","教育/交通",,"476","0","ADX","16/4/2026 05:18:52"
"com.jiewang.ztbz.b36e1222bdb2740ccb5b8a38135791b27","com.jiewang.ztbz.b36e1222bdb2740ccb5b8a38135791b27",,,"1","0","ADX","16/4/2026 05:19:56"
"com.jiewang.ztbz.c57207b073d0b43758b3fbc76bf94d7dc","com.jiewang.ztbz.c57207b073d0b43758b3fbc76bf94d7dc",,,"1","0","ADX","16/4/2026 05:19:56"
"com.jiewang.ztbz.c78f51f6a7cbd49b483db2c7695a163d5","com.jiewang.ztbz.c78f51f6a7cbd49b483db2c7695a163d5",,,"1","0","ADX","16/4/2026 05:19:56"
"com.jiewang.ztbz.d256f488098a54b36bf0eaa716e69a2c7","com.jiewang.ztbz.d256f488098a54b36bf0eaa716e69a2c7",,,"1","0","ADX","16/4/2026 05:19:56"
"com.jiewang.ztbz.f5d2bb1d560ca46cbbc753b95b5a8ae3e","com.jiewang.ztbz.f5d2bb1d560ca46cbbc753b95b5a8ae3e",,,"2","0","ADX","16/4/2026 05:19:56"
"com.jiewang.ztbz.g03e1ca53c4d64bee822d156c759125a3","com.jiewang.ztbz.g03e1ca53c4d64bee822d156c759125a3",,,"1","0","ADX","16/4/2026 05:19:56"
"com.jiewang.ztbz.i7e3bd1a6796b43b8815c820210cda479","com.jiewang.ztbz.i7e3bd1a6796b43b8815c820210cda479",,,"3","0","ADX","16/4/2026 05:19:56"
"com.jiewang.ztbz.n296f1fdc73ff4fa7bbb4c33b48606dd4","com.jiewang.ztbz.n296f1fdc73ff4fa7bbb4c33b48606dd4",,,"2","0","ADX","16/4/2026 05:19:56"
"com.jiewang.ztbz.n3cc51f5271fa4204920009dd676bc190","com.jiewang.ztbz.n3cc51f5271fa4204920009dd676bc190",,,"1","0","ADX","16/4/2026 05:19:56"
"com.jiewang.ztbz.n81088839d7b8404db3966e6925cbbf78","com.jiewang.ztbz.n81088839d7b8404db3966e6925cbbf78",,,"1","0","ADX","16/4/2026 05:19:56"
"com.jiewang.ztbz.r645e0167c3c94441b8f590c3792526b4","com.jiewang.ztbz.r645e0167c3c94441b8f590c3792526b4",,,"1","0","ADX","16/4/2026 05:19:56"
"com.jiewang.ztbz.r791738968724486c9bf4e3884fd751f5","com.jiewang.ztbz.r791738968724486c9bf4e3884fd751f5",,,"1","0","ADX","16/4/2026 05:19:56"
"com.jiewang.ztbz.u5ab0de3cc2384cae878cdbe94160f16c","com.jiewang.ztbz.u5ab0de3cc2384cae878cdbe94160f16c",,,"2","0","ADX","16/4/2026 05:19:56"
"com.jiewang.ztbz.v05360b255d864f5ea745f329f7bdfc27","com.jiewang.ztbz.v05360b255d864f5ea745f329f7bdfc27",,,"1","0","ADX","16/4/2026 05:19:56"
"com.jiewang.ztbz.v23731951e3b34e02b71ba75bae343b54","com.jiewang.ztbz.v23731951e3b34e02b71ba75bae343b54",,,"1","0","ADX","16/4/2026 05:19:56"
"com.jiewang.ztbz.x2c5659559bfc4f87a97598f2f02c3872","com.jiewang.ztbz.x2c5659559bfc4f87a97598f2f02c3872",,,"1","0","ADX","16/4/2026 05:19:56"
"com.jiewang.ztbz.yccbcd3b57aea479cb3d5002b49ef823b","com.jiewang.ztbz.yccbcd3b57aea479cb3d5002b49ef823b",,,"1","0","ADX","16/4/2026 05:19:56"
"com.jiewang.ztbz.z2fae4dd13fc7478e9bf1062c8d2341ce","com.jiewang.ztbz.z2fae4dd13fc7478e9bf1062c8d2341ce",,,"1","0","ADX","16/4/2026 05:19:56"
"com.jieyisoft.weex.yktapp","com.jieyisoft.weex.yktApp",,,"2","0","ADX","16/4/2026 05:19:56"
"com.jieyisoft.weex.yktapp","洪城一卡通",,,"4","0","ADX","16/4/2026 05:18:46"
"com.jingzhixing.fj.s102ea6a81d414b7c9043ef3b8db5efb7","风象日记",,,"2","0","ADX","16/4/2026 05:18:46"
"com.jingzhixing.fj.za097151e5d98409088ae5bbb7d8668e8","风象日记",,,"1","0","ADX","16/4/2026 05:18:48"
"com.jingzhixing.pq.ye2ea7a7aa3ad43f79543d701bd980c41","com.jingzhixing.pq.ye2ea7a7aa3ad43f79543d701bd980c41",,,"1","0","ADX","16/4/2026 05:19:56"
"com.jiniangu.autoclick","","实用工具",,"12","0","ADX","16/4/2026 05:18:49"
"com.jiniangu.autoclick","多指连点器","实用工具",,"2","0","ADX","16/4/2026 05:19:53"
"com.jiniangu.xinyu","com.jiniangu.xinyu",,,"1","0","ADX","16/4/2026 05:19:20"
"com.jinzhao.jizhang","今朝记账",,,"2","0","ADX","16/4/2026 05:18:32"
"com.jiuyou.caibeileyuan","com.jiuyou.caibeileyuan",,,"3","0","ADX","16/4/2026 05:18:46"
"com.jiyidian.home","com.jiyidian.home",,,"1","0","ADX","16/4/2026 05:19:56"
"com.jizhi.jlongg.jgkq","",,,"1","0","ADX","16/4/2026 05:18:41"
"com.jj.brightwd","璀璨界",,,"147","0","ADX","16/4/2026 05:19:38"
"com.jj.syjs","時影剧社",,,"2169","0","ADX","16/4/2026 05:19:22"
"com.jj.wf.optimization","com.jj.wf.optimization",,,"9","0","ADX","16/4/2026 05:18:46"
"com.jj.yjarea","映界域",,,"15243","0","ADX","16/4/2026 05:19:32"
"com.jooan.dodomonitor","",,,"4","0","ADX","16/4/2026 05:18:49"
"com.jooan.dodomonitor","DoDo",,,"1","0","ADX","16/4/2026 05:19:56"
"com.jooan.dodomonitor","IOS",,,"1","0","ADX","16/4/2026 05:18:52"
"com.jooan.dodomonitor","SDK聚合-iOS",,,"2786","0","ADX","16/4/2026 05:18:46"
"com.jooan.iosarmyseecloud","",,,"1","0","ADX","16/4/2026 05:18:44"
"com.jooan.qalink","安卓","视频监控",,"6","0","ADX","16/4/2026 05:18:52"
"com.jp.clear.transcendency","com.jp.clear.transcendency",,,"1","0","ADX","16/4/2026 05:19:56"
"com.jsjp.student","",,,"3","0","ADX","16/4/2026 05:18:46"
"com.jsok.qksd","玩赚小故事",,,"21","0","ADX","16/4/2026 05:18:46"
"com.jsppqt.www.1","com.JSPPQT.www.1",,,"1","0","ADX","16/4/2026 05:19:47"
"com.jsppqt.www.2","com.JSPPQT.www.2",,,"1","0","ADX","16/4/2026 05:19:47"
"com.juanvision.eseenetproj","安卓","实用工具",,"16","0","ADX","16/4/2026 05:18:52"
"com.juanvision.eseenetproj","易视云_Android","实用工具",,"10","0","ADX","16/4/2026 05:18:49"
"com.juyuyx.app","聚宇优品",,,"2","0","ADX","16/4/2026 05:19:40"
"com.jvhedian.a","com.jvhedian.a",,,"194","0","ADX","16/4/2026 05:19:56"
"com.jvhedian.a","聚合电商-a",,,"1479","0","ADX","16/4/2026 05:19:53"
"com.jx885.axjk.proxy","com.jx885.axjk.proxy",,,"4","0","ADX","16/4/2026 05:19:28"
"com.jxt.android.ltjxt","捷信通",,,"15","0","ADX","16/4/2026 05:19:22"
"com.jz.androidacts.superiscreen","xScreen超级桌面",,,"11","0","ADX","16/4/2026 05:19:00"
"com.jz.xydj","星芽免费短剧",,,"12","0","ADX","16/4/2026 05:19:53"
"com.jzxy.heisu.hw","黑速",,,"32","0","ADX","16/4/2026 05:18:49"
"com.kaixin.ioschina","com.kaixin.ioschina",,,"10","0","ADX","16/4/2026 05:19:28"
"com.kaixin.ioschina","开心大厨",,,"183","0","ADX","16/4/2026 05:19:28"
"com.kaled.iccy","","系统工具",,"2","0","ADX","16/4/2026 05:18:46"
"com.kaled.iccy","小金牛故事","系统工具",,"8307","0","ADX","16/4/2026 05:18:49"
"com.kaled.iccy","悦读书","系统工具",,"27","0","ADX","16/4/2026 05:18:49"
"com.kaoshibaodian.app","com.kaoshibaodian.app",,,"26","0","ADX","16/4/2026 05:18:46"
"com.kaoshibaodian.app","考试宝",,,"38","0","ADX","16/4/2026 05:19:28"
"com.kc.camera.sweetheart","com.kc.camera.sweetheart",,,"1","0","ADX","16/4/2026 05:18:44"
"com.kekyrb.bioarsd","com.kekyrb.bioarsd",,,"902","0","ADX","16/4/2026 05:19:56"
"com.kfkg.dlrt","必赚剧场",,,"2","0","ADX","16/4/2026 05:18:44"
"com.kfkg.dlrt","必赚剧场-26.2.26",,,"2","0","ADX","16/4/2026 05:18:42"
"com.kieronquinn.app.taptap","逗比",,,"5","0","ADX","16/4/2026 05:18:52"
"com.kingbi.oil","SDK聚合-iOS",,,"6370","0","ADX","16/4/2026 05:18:46"
"com.kingbi.oil","uD83DuDD31",,,"1","0","ADX","16/4/2026 05:19:56"
"com.kingbi.oil","🔱",,,"19","0","ADX","16/4/2026 05:19:43"
"com.kk520yy.kk","KK社区",,,"5","0","ADX","16/4/2026 05:18:46"
"com.klcxkj.qschool","SDK聚合-iOS","教育校园",,"17722","0","ADX","16/4/2026 05:18:46"
"com.koudai.weidian.buyer","微店 1",,,"1","0","ADX","16/4/2026 05:18:41"
"com.koudai.weidian1.buyer","WeidianBuyer",,,"1","0","ADX","16/4/2026 05:18:52"
"com.kproduce.weightdiary","com.kproduce.weightdiary",,,"3","0","ADX","16/4/2026 05:19:28"
"com.kproduce.weightdiary","体重日记",,,"4","0","ADX","16/4/2026 05:19:53"
"com.ks1.vzcx.fmg","新手易学菜谱",,,"5","0","ADX","16/4/2026 05:19:53"
"com.kt.hzvoluntee260406","com.kt.HzVoluntee260406",,,"1","0","ADX","16/4/2026 05:19:30"
"com.kt.hzvoluntee260408","com.kt.HzVoluntee260408",,,"1","0","ADX","16/4/2026 05:19:30"
"com.kt.hzvoluntee260408","志愿汇3",,,"3","0","ADX","16/4/2026 05:19:30"
"com.kuailiao.changs","com.kuailiao.changs",,,"837","0","ADX","16/4/2026 05:18:46"
"com.kunpo.goose","",,,"851","0","ADX","16/4/2026 05:18:49"
"com.kunpo.goose","com.kunpo.goose",,,"27","0","ADX","16/4/2026 05:19:00"
"com.kwai.videoeditor","快影 1","摄影摄像",,"2","0","ADX","16/4/2026 05:19:28"
"com.kwai.videoeditor","快影 2","摄影摄像",,"1","0","ADX","16/4/2026 05:19:16"
"com.kwai.videoeditor","快影 3","摄影摄像",,"3","0","ADX","16/4/2026 05:19:38"
"com.kwai.videoeditor","快影 4","摄影摄像",,"2","0","ADX","16/4/2026 05:19:08"
"com.kwai.videoeditor","快影Pro","摄影摄像",,"1","0","ADX","16/4/2026 05:18:52"
"com.kwai.videoeditor","快影iOS","摄影摄像",,"1","0","ADX","16/4/2026 05:18:52"
"com.kwai.videoeditor","快影我的","摄影摄像",,"5","0","ADX","16/4/2026 05:18:44"
"com.kwai.videoeditor.beta1","KwaiCut",,,"1","0","ADX","16/4/2026 05:19:56"
"com.kwai.videoeditor.beta1","com.kwai.videoeditor.beta1",,,"404","0","ADX","16/4/2026 05:19:49"
"com.kwai.videoeditor.debug","com.kwai.videoeditor.debug",,,"1","0","ADX","16/4/2026 05:19:36"
"com.kxshuabbaod.cpa","开心刷宝d",,,"2","0","ADX","16/4/2026 05:18:48"
"com.kxyb.app","com.kxyb.app",,,"5","0","ADX","16/4/2026 05:19:53"
"com.kylindev.totalk","滔滔对讲",,,"76","0","ADX","16/4/2026 05:18:49"
"com.layabox.gameddzs","蛋蛋助手",,,"19","0","ADX","16/4/2026 05:19:53"
"com.lchr.diaoyu","钓鱼人",,,"6","0","ADX","16/4/2026 05:19:43"
"com.leadmoad.opensdk.demo","com.leadmoad.opensdk.demo",,,"3","0","ADX","16/4/2026 05:19:22"
"com.lechuan.mdwz","米读极速版And","图书阅读",,"6","0","ADX","16/4/2026 05:18:41"
"com.leeyunt.onepark","com.leeyunt.OnePark",,,"154","0","ADX","16/4/2026 05:19:28"
"com.leeyunt.onepark","停车计时",,,"1626","0","ADX","16/4/2026 05:19:28"
"com.leisu.sports","","体育运动",,"35","0","ADX","16/4/2026 05:19:49"
"com.leisu.sports","雷速体育-jz","体育运动",,"24","0","ADX","16/4/2026 05:19:28"
"com.leisu.sports.14","leisu14",,,"7","0","ADX","16/4/2026 05:19:49"
"com.leisu.sports.19","com.leisu.sports.19",,,"2","0","ADX","16/4/2026 05:19:20"
"com.leisu.sports.19","leisu19",,,"8","0","ADX","16/4/2026 05:19:49"
"com.leisu.sports.20","leisu20",,,"4","0","ADX","16/4/2026 05:19:43"
"com.leisu.sports.6","com.leisu.sports.6",,,"1","0","ADX","16/4/2026 05:19:03"
"com.leisu.sports.6","leisu6",,,"9","0","ADX","16/4/2026 05:19:53"
"com.leisu.sports.7","leisu7",,,"13","0","ADX","16/4/2026 05:19:43"
"com.leisu.sports1423","君",,,"2","0","ADX","16/4/2026 05:19:38"
"com.leisu.sports2335","com.leisu.sports2335",,,"1","0","ADX","16/4/2026 05:19:03"
"com.leisu.sports2335","叶",,,"1","0","ADX","16/4/2026 05:18:52"
"com.leisu.sports3114","龙",,,"1","0","ADX","16/4/2026 05:19:16"
"com.leisu.sports3434","少",,,"1","0","ADX","16/4/2026 05:19:11"
"com.leisu.sports7897","启明",,,"1","0","ADX","16/4/2026 05:18:52"
"com.leisu.sports7897","夫那",,,"3","0","ADX","16/4/2026 05:19:49"
"com.leisu.sports8090","com.leisu.sports8090",,,"1","0","ADX","16/4/2026 05:19:51"
"com.leisu.sports9824","邓",,,"1","0","ADX","16/4/2026 05:18:59"
"com.leisu.sports999","",,,"1","0","ADX","16/4/2026 05:18:48"
"com.leisu.sports吕吕吕吕","吕",,,"1","0","ADX","16/4/2026 05:19:30"
"com.leisu.sports峰峰峰峰","com.leisu.sports峰峰峰峰",,,"1","0","ADX","16/4/2026 05:19:16"
"com.leisu.sports童姐童姐","童姐",,,"1","0","ADX","16/4/2026 05:19:16"
"com.leisu.sports芳芳芳芳","com.leisu.sports芳芳芳芳",,,"1","0","ADX","16/4/2026 05:19:16"
"com.leisu.sports芳芳芳芳","芳",,,"2","0","ADX","16/4/2026 05:19:32"
"com.lenchi.mstxjh","土豆奇遇记",,,"28","0","ADX","16/4/2026 05:19:43"
"com.lenchi.mstxjh","帽子先森奇遇记",,,"31","0","ADX","16/4/2026 05:19:43"
"com.lenchi.mstxjh","我在老城区跑酷",,,"7","0","ADX","16/4/2026 05:19:32"
"com.lenchi.mstxjh","看我奇思妙想",,,"41","0","ADX","16/4/2026 05:19:22"
"com.lenchi.xydsqmt","帽子先森奇遇记",,,"437","0","ADX","16/4/2026 05:19:53"
"com.lenchi.xydsqmt","我在老城区跑酷",,,"16","0","ADX","16/4/2026 05:19:38"
"com.lenchi.xydsqmt","看我奇思妙想",,,"402","0","ADX","16/4/2026 05:19:53"
"com.lepao.lptiyu.2","步道乐跑",,,"2","0","ADX","16/4/2026 05:19:08"
"com.lepao.lptiyu.25","步道乐跑",,,"1","0","ADX","16/4/2026 05:18:52"
"com.lepao.lptiyu.26","步道乐跑",,,"1","0","ADX","16/4/2026 05:18:59"
"com.lepao.lptiyu.31","步道乐跑",,,"3","0","ADX","16/4/2026 05:19:08"
"com.lepao.lptiyu.8","步道乐跑",,,"1","0","ADX","16/4/2026 05:18:52"
"com.letarrow.qtimes","新球体育/安卓","体育运动",,"3","0","ADX","16/4/2026 05:18:42"
"com.letarrow.qtimes","蓝箭体育","体育运动",,"81","0","ADX","16/4/2026 05:18:46"
"com.lew.game.fkndd.vivo","",,,"1","0","ADX","16/4/2026 05:18:41"
"com.lf.battery.shapedcharge","com.lf.battery.shapedcharge",,,"4","0","ADX","16/4/2026 05:18:46"
"com.lf.wf.efficiency","com.lf.wf.efficiency",,,"45","0","ADX","16/4/2026 05:18:46"
"com.lg.lhb","乐欢宝","休闲益智游戏",,"212","0","ADX","16/4/2026 05:18:49"
"com.lg.youbao.one","乐欢宝","游戏工具",,"284","0","ADX","16/4/2026 05:18:49"
"com.lg.youbao.one","有宝","游戏工具",,"1","0","ADX","16/4/2026 05:18:44"
"com.lgwl.sentence","串金句",,,"1","0","ADX","16/4/2026 05:19:11"
"com.liang.dzang","25微分身大师",,,"3","0","ADX","16/4/2026 05:18:46"
"com.lianyou.www","焚影软件",,,"13","0","ADX","16/4/2026 05:19:32"
"com.light.shadow","飞云互传",,,"3","0","ADX","16/4/2026 05:19:43"
"com.light.shadow","飞云互传_Android",,,"2","0","ADX","16/4/2026 05:18:52"
"com.limkl.btds","有米剧场",,,"2462","0","ADX","16/4/2026 05:18:49"
"com.linden.stead","com.linden.stead",,,"51","0","ADX","16/4/2026 05:19:53"
"com.lingan.seeyou","com.lingan.seeyou",,,"2","0","ADX","16/4/2026 05:19:56"
"com.lingan.yunqi","com.lingan.yunqi",,,"3","0","ADX","16/4/2026 05:18:52"
"com.lingjing.home","灵境-OPPO",,,"3639","0","ADX","16/4/2026 05:19:43"
"com.linkwifi.wifimaster","WiFi万能钥匙","工具/网络",,"1","0","ADX","16/4/2026 05:18:41"
"com.linkwifi.wifimaster","Zeus","工具/网络",,"36","0","ADX","16/4/2026 05:18:41"
"com.lintuo.yqcmz","帽子先森奇遇记",,,"71","0","ADX","16/4/2026 05:19:22"
"com.lintuo.yqcmz","我在老城区跑酷",,,"10","0","ADX","16/4/2026 05:19:28"
"com.lintuo.yqcmz","狂飙大卡车",,,"33","0","ADX","16/4/2026 05:19:32"
"com.lion.market","虫虫助手-安卓","购物",,"8497","0","ADX","16/4/2026 05:18:49"
"com.lion.market","🔰虫虫Pro","购物",,"1","0","ADX","16/4/2026 05:19:36"
"com.liu.filterlight","书趣",,,"1","0","ADX","16/4/2026 05:18:52"
"com.liubowang.drawingboard","画图软件",,,"5","0","ADX","16/4/2026 05:19:28"
"com.liubowang.fengshuicompass","羅盤指南針",,,"1","0","ADX","16/4/2026 05:18:52"
"com.liubowang.metronome","tempo节拍器",,,"7","0","ADX","16/4/2026 05:19:49"
"com.liugr.xygct","com.liugr.xygct",,,"1","0","ADX","16/4/2026 05:19:40"
"com.liuhdevelop.diary","轻日记",,,"25","0","ADX","16/4/2026 05:19:49"
"com.lixfz.center.app","com.lixfz.center.app",,,"7","0","ADX","16/4/2026 05:18:46"
"com.lixfz.center.app","新日出行",,,"4","0","ADX","16/4/2026 05:18:42"
"com.lixiangdong.mediaplayer","万能电影播放器",,,"7","0","ADX","16/4/2026 05:19:53"
"com.liyan.xxtfdb.a","消消塔防得宝",,,"11","0","ADX","16/4/2026 05:18:46"
"com.liyan2.jbhgxxl","金币后宫消消乐",,,"15","0","ADX","16/4/2026 05:18:46"
"com.lofia.htes","必赚剧场-25.3.31",,,"13","0","ADX","16/4/2026 05:18:46"
"com.lofia.htes","有米剧场",,,"666","0","ADX","16/4/2026 05:18:49"
"com.lofter.android","#N1 LOFTER","聊天社交",,"2","0","ADX","16/4/2026 05:19:43"
"com.lofter.android","#N4 LOFTER","聊天社交",,"2","0","ADX","16/4/2026 05:19:22"
"com.lofter.android","#N5 LOFTER","聊天社交",,"1","0","ADX","16/4/2026 05:18:32"
"com.lofter.android","#N6 LOFTER","聊天社交",,"2","0","ADX","16/4/2026 05:19:38"
"com.lofter.android","#N7 LOFTER","聊天社交",,"1","0","ADX","16/4/2026 05:19:20"
"com.lofter.android","lofter","聊天社交",,"1","0","ADX","16/4/2026 05:18:48"
"com.lofter.android","lofter测试demo","聊天社交",,"1","0","ADX","16/4/2026 05:18:59"
"com.lolaage.tbulu.tools","",,,"2","0","ADX","16/4/2026 05:18:46"
"com.lolaage.tbulu.tools","安卓",,,"2","0","ADX","16/4/2026 05:18:52"
"com.loveytao.custom.app18","",,,"1","0","ADX","16/4/2026 05:18:48"
"com.loveytao.custom.app18","IOS",,,"3","0","ADX","16/4/2026 05:18:52"
"com.loveytao.custom.app18","好省-购物领券返利省钱APP",,,"11","0","ADX","16/4/2026 05:19:53"
"com.lptiyu.tanke","com.lptiyu.tanke",,,"11","0","ADX","16/4/2026 05:19:56"
"com.lrlayh.eaflzjlykn","com.lrlayh.eaflzjlykn",,,"15","0","ADX","16/4/2026 05:18:46"
"com.lsdt.dayoutools","达优工具通",,,"970","0","ADX","16/4/2026 05:18:46"
"com.lumin.ophor","com.lumin.ophor",,,"1","0","ADX","16/4/2026 05:19:56"
"com.lumin.ophor","易淘生活",,,"12","0","ADX","16/4/2026 05:18:46"
"com.luna.music","安卓",,,"31","0","ADX","16/4/2026 05:18:52"
"com.luntai.taixiaoji","com.luntai.taixiaoji",,,"1759","0","ADX","16/4/2026 05:19:22"
"com.luntai.taixiaoji","胎小记",,,"804","0","ADX","16/4/2026 05:18:46"
"com.luoyizhang.qrunning","QRunning",,,"5","0","ADX","16/4/2026 05:19:49"
"com.luoyizhang.qrunning","SDK聚合-iOS",,,"130","0","ADX","16/4/2026 05:18:46"
"com.luoyizhang.xrunning","SDK聚合-iOS",,,"59","0","ADX","16/4/2026 05:18:46"
"com.luoyizhang.xrunning","XRunning",,,"4","0","ADX","16/4/2026 05:19:38"
"com.lvbangshijie.app","律邦移动记账软件",,,"7","0","ADX","16/4/2026 05:18:48"
"com.lvbangshijie.app","领创视界",,,"23","0","ADX","16/4/2026 05:18:46"
"com.lxbaby.home","乐行宝-VIVO",,,"386","0","ADX","16/4/2026 05:18:33"
"com.ly.wifi.kyushu","com.ly.wifi.kyushu",,,"33","0","ADX","16/4/2026 05:18:46"
"com.lygjyv2.cylefantian2","成语乐翻天",,,"547","0","ADX","16/4/2026 05:18:46"
"com.lyglc2.dtxiaons2","答题小能手",,,"997","0","ADX","16/4/2026 05:18:46"
"com.lykj.lmsc","青扁豆",,,"1","0","ADX","16/4/2026 05:19:40"
"com.macrovideo.bjaf","SDK聚合-iOS","其他|视频监控",,"16","0","ADX","16/4/2026 05:18:46"
"com.maisidun.dayu","大鱼潮汐表",,,"2","0","ADX","16/4/2026 05:19:38"
"com.makeup.master.ace","com.makeup.master.ace",,,"94","0","ADX","16/4/2026 05:19:22"
"com.maliquankai.savemoney","懒猫存钱",,,"1","0","ADX","16/4/2026 05:19:40"
"com.manga.manhuaren","漫画人极速版","图书阅读",,"317","0","ADX","16/4/2026 05:18:49"
"com.manmanyou.comic.mmvc82.frdhc7871.paqic23526.afcc64802.ongzchj06057","漫蛙漫画",,,"1","0","ADX","16/4/2026 05:19:11"
"com.manmanyou.comic.mzgm8621.qgfdigm30.shghysd556.sgz18705.jojtmow73","香香腐宅",,,"1","0","ADX","16/4/2026 05:18:48"
"com.manmanyou.comic.wml6361.coix667.plj510.dbzno6053.jtwfwyb013","涩涩漫画",,,"1","0","ADX","16/4/2026 05:18:39"
"com.maomao.xiaoshuo","毛毛小说",,,"26","0","ADX","16/4/2026 05:19:49"
"com.marz.cangjiequickinput","com.marz.CangjieQuickInput",,,"23","0","ADX","16/4/2026 05:19:28"
"com.mating.jztq.aed459236beb74f3684ca810dd304f870","com.mating.jztq.aed459236beb74f3684ca810dd304f870",,,"1","0","ADX","16/4/2026 05:19:56"
"com.mating.jztq.e18f1d1a7253d488a8e75e80c5874256c","com.mating.jztq.e18f1d1a7253d488a8e75e80c5874256c",,,"1","0","ADX","16/4/2026 05:19:56"
"com.mating.jztq.gfa0d6ec38e6549d7afbdece46166829d","com.mating.jztq.gfa0d6ec38e6549d7afbdece46166829d",,,"1","0","ADX","16/4/2026 05:19:56"
"com.mating.jztq.h21c1f8cc81f440b7a32ca7616bb99946","com.mating.jztq.h21c1f8cc81f440b7a32ca7616bb99946",,,"1","0","ADX","16/4/2026 05:19:56"
"com.mating.jztq.k3b9144d7abcf4104845bb832e7737661","com.mating.jztq.k3b9144d7abcf4104845bb832e7737661",,,"1","0","ADX","16/4/2026 05:19:56"
"com.mating.jztq.n5b6f6b0faf2a40fea848d09cfcdacf71","com.mating.jztq.n5b6f6b0faf2a40fea848d09cfcdacf71",,,"1","0","ADX","16/4/2026 05:19:56"
"com.mating.jztq.o70adba6cea54467892704f24787a1280","com.mating.jztq.o70adba6cea54467892704f24787a1280",,,"1","0","ADX","16/4/2026 05:19:56"
"com.mating.jztq.q9e82e0b1b6af400085733b3ecfe35da2","com.mating.jztq.q9e82e0b1b6af400085733b3ecfe35da2",,,"1","0","ADX","16/4/2026 05:19:56"
"com.mating.jztq.qdb780167f5ec483286152245865800d4","com.mating.jztq.qdb780167f5ec483286152245865800d4",,,"1","0","ADX","16/4/2026 05:19:56"
"com.mating.jztq.r0040264a8f864c17a0fb57e9dcc63e59","com.mating.jztq.r0040264a8f864c17a0fb57e9dcc63e59",,,"1","0","ADX","16/4/2026 05:19:56"
"com.mating.jztq.vaa1ca32be49c4ff0b86e405ef34893fb","com.mating.jztq.vaa1ca32be49c4ff0b86e405ef34893fb",,,"1","0","ADX","16/4/2026 05:19:56"
"com.mating.jztq.y5ba17360918d4dc5b45887d39c124bdc","com.mating.jztq.y5ba17360918d4dc5b45887d39c124bdc",,,"1","0","ADX","16/4/2026 05:19:56"
"com.mating.sygj.a1ae83bb2039d4445a9ca981c94d613c3","com.mating.sygj.a1ae83bb2039d4445a9ca981c94d613c3",,,"1","0","ADX","16/4/2026 05:19:56"
"com.mating.sygj.fd62ec985ddcd449b950a5d05a14b29dc","com.mating.sygj.fd62ec985ddcd449b950a5d05a14b29dc",,,"2","0","ADX","16/4/2026 05:19:56"
"com.mating.sygj.k71b7eba3b55a4e268b132263ae6e49a4","com.mating.sygj.k71b7eba3b55a4e268b132263ae6e49a4",,,"1","0","ADX","16/4/2026 05:19:56"
"com.mating.sygj.ka9f704c665cd43f18d5fbaaf7fb028e9","com.mating.sygj.ka9f704c665cd43f18d5fbaaf7fb028e9",,,"1","0","ADX","16/4/2026 05:19:56"
"com.mating.sygj.n4f1eaec9723a4b9aa37bc107d618eac8","com.mating.sygj.n4f1eaec9723a4b9aa37bc107d618eac8",,,"1","0","ADX","16/4/2026 05:19:56"
"com.mating.sygj.rc444cf52938c43c1a22bd8490a99ab3e","com.mating.sygj.rc444cf52938c43c1a22bd8490a99ab3e",,,"2","0","ADX","16/4/2026 05:19:56"
"com.mating.sygj.s0c60d5611dbf4ace9b4d69a696294526","com.mating.sygj.s0c60d5611dbf4ace9b4d69a696294526",,,"1","0","ADX","16/4/2026 05:19:56"
"com.mating.sygj.vf12aa26f1c7841b288a6889e29e74448","速用工具管家",,,"1","0","ADX","16/4/2026 05:19:56"
"com.mating.sygj.za483c22488b34ca3ae3005a3e4a599bb","com.mating.sygj.za483c22488b34ca3ae3005a3e4a599bb",,,"1","0","ADX","16/4/2026 05:19:56"
"com.mbs.watch2","com.mbs.watch2",,,"5","0","ADX","16/4/2026 05:19:28"
"com.mc.tjcy.video","米虫短视频",,,"3","0","ADX","16/4/2026 05:19:49"
"com.mcmfxxlcnov.mcapp","魔法消消乐c",,,"12","0","ADX","16/4/2026 05:18:46"
"com.mcore.gameforum.staging","魔核_测试",,,"1","0","ADX","16/4/2026 05:18:59"
"com.mcssybeang.mcapp","com.mcssybeang.mcapp",,,"7","0","ADX","16/4/2026 05:18:46"
"com.mctiantianxxb.cpa","天天消消b",,,"19","0","ADX","16/4/2026 05:18:46"
"com.mcxingxinglxxc.cpa","星星乐消消c",,,"1","0","ADX","16/4/2026 05:18:44"
"com.meitu.myxj","myxj",,,"1","0","ADX","16/4/2026 05:19:40"
"com.meizhuanios.zhuan","SDK聚合-iOS",,,"87","0","ADX","16/4/2026 05:18:46"
"com.melot.kktv","KK-直播交友娱乐平台",,,"67042","0","ADX","16/4/2026 05:19:53"
"com.melot.kktv","com.melot.KKTV",,,"4855","0","ADX","16/4/2026 05:19:49"
"com.mengyouxiaoshuo.app","梦游小说",,,"1","0","ADX","16/4/2026 05:18:41"
"com.meta.leyuan","233乐园",,,"76","0","ADX","16/4/2026 05:18:46"
"com.meta.leyuan","233乐园-游戏社区-ios",,,"9055","0","ADX","16/4/2026 05:19:49"
"com.metj.eshfsfktj","玩赚部落",,,"107","0","ADX","16/4/2026 05:18:46"
"com.metj.eshfsfktj","玩赚部落-喜赞-安卓",,,"3","0","ADX","16/4/2026 05:19:08"
"com.mfbz.quickapp","满芳壁纸",,,"9","0","ADX","16/4/2026 05:19:32"
"com.mfxxld.mcapp","魔法消消乐d",,,"8","0","ADX","16/4/2026 05:18:46"
"com.mike.gifmaker5","com.mike.gifmaker5",,,"448","0","ADX","16/4/2026 05:18:46"
"com.mike.touxiangdashi","com.mike.touxiangdashi",,,"61","0","ADX","16/4/2026 05:19:38"
"com.missgem.hwhnhl.szsp","双子视频",,,"5","0","ADX","16/4/2026 05:19:22"
"com.mnwl.tescodr","乐购达人",,,"955","0","ADX","16/4/2026 05:19:08"
"com.mobile.cloudgames","4399不氪游戏官方版","游戏平台",,"1","0","ADX","16/4/2026 05:18:44"
"com.mobivans.accountbookprofessional","预记记账",,,"23","0","ADX","16/4/2026 05:18:52"
"com.moji.mjweather","墨迹天气",,,"6929","0","ADX","16/4/2026 05:18:46"
"com.moji.mojiweather","mojiWeather","天气查询",,"427","0","ADX","16/4/2026 05:18:46"
"com.morph.ogen","易淘生活",,,"1146","0","ADX","16/4/2026 05:18:49"
"com.motoband","","聊天社交",,"9","0","ADX","16/4/2026 05:18:46"
"com.mozhe.pome","安卓","聊天社交",,"1","0","ADX","16/4/2026 05:18:52"
"com.mqcp.rtdf","淳硕简玩-10.16",,,"8","0","ADX","16/4/2026 05:18:49"
"com.mqcp.rtdf","简玩剧场",,,"27","0","ADX","16/4/2026 05:18:46"
"com.mqcp.rtdf","简玩剧场金秋版",,,"6","0","ADX","16/4/2026 05:18:46"
"com.mqcp.rtdf","绘画大作战5",,,"2","0","ADX","16/4/2026 05:19:53"
"com.mrhb.app","com.mrhb.app",,,"86","0","ADX","16/4/2026 05:19:53"
"com.mt.mtxx.mtxx","美图秀秀",,,"6454","0","ADX","16/4/2026 05:18:46"
"com.music.tool","",,,"9","0","ADX","16/4/2026 05:18:49"
"com.music.tool","启明",,,"8","0","ADX","16/4/2026 05:18:49"
"com.mxplayer.video.player.pro","com.mxplayer.video.player.pro",,,"1","0","ADX","16/4/2026 05:19:56"
"com.my.cooking.chef.kitchen.craze.fever.cn","",,,"88","0","ADX","16/4/2026 05:18:49"
"com.mygolbs.mybus","掌上出行",,,"14","0","ADX","16/4/2026 05:18:46"
"com.mymoney","安卓","金融理财",,"108","0","ADX","16/4/2026 05:18:52"
"com.myproject.xianpro","com.myProject.xianPro",,,"2","0","ADX","16/4/2026 05:19:56"
"com.nbmaster.app","全能助手",,,"2","0","ADX","16/4/2026 05:18:44"
"com.nbmaster.app.wgsd49375m","NB Pro",,,"1","0","ADX","16/4/2026 05:19:51"
"com.nde.nuv7x.q6l5","谙苣贷款计算期",,,"2","0","ADX","16/4/2026 05:19:22"
"com.neihuangyuyilong.hushouxinglin","虎守杏林",,,"42","0","ADX","16/4/2026 05:19:53"
"com.neihuangyuyilong.tianfunongchang","天府农场",,,"18","0","ADX","16/4/2026 05:19:53"
"com.nekaapp","com.nekaapp",,,"529","0","ADX","16/4/2026 05:18:31"
"com.net.mengmaowallet","com.net.mengmaowallet",,,"2","0","ADX","16/4/2026 05:19:32"
"com.netease.avg.huawei","易次元-And（华为&vivo）",,,"1","0","ADX","16/4/2026 05:18:44"
"com.netease.edu.study","网易云课堂",,,"57","0","ADX","16/4/2026 05:19:53"
"com.netflow.jishizxklgj","com.netflow.jishizxklgj",,,"1","0","ADX","16/4/2026 05:18:44"
"com.netflow.qingxiangscgj","com.netflow.qingxiangscgj",,,"1","0","ADX","16/4/2026 05:19:56"
"com.newgen.sjdb","龙头新闻",,,"2","0","ADX","16/4/2026 05:19:38"
"com.newjuchang.appa","新一剧场",,,"5","0","ADX","16/4/2026 05:18:49"
"com.niuma.app","牛马影视",,,"1","0","ADX","16/4/2026 05:18:44"
"com.njh.biubiu","#N1 biubiu加速器","实用工具",,"1","0","ADX","16/4/2026 05:18:59"
"com.njh.biubiu","安卓","实用工具",,"84","0","ADX","16/4/2026 05:18:52"
"com.njusoft.lyxbus","龙易行",,,"20","0","ADX","16/4/2026 05:18:46"
"com.njxh.huikangsh","喜多好物","时尚购物",,"3","0","ADX","16/4/2026 05:19:53"
"com.nmsmk.appa","全民剧点",,,"13","0","ADX","16/4/2026 05:19:38"
"com.nmsmk.appa","全民剧点-安卓",,,"1","0","ADX","16/4/2026 05:18:48"
"com.nnyn.kaneigh","连连看—经典版连连看小游戏",,,"5873","0","ADX","16/4/2026 05:18:49"
"com.nono.hysjgj","com.nono.hysjgj",,,"1","0","ADX","16/4/2026 05:19:56"
"com.nowfun.nshotworld1a","com.nowfun.nshotworld1a",,,"1","0","ADX","16/4/2026 05:18:59"
"com.nowfun.nskatesim1a","com.nowfun.nskatesim1a",,,"3","0","ADX","16/4/2026 05:18:56"
"com.ntyy.powersave.steward","com.ntyy.powersave.steward",,,"6","0","ADX","16/4/2026 05:18:46"
"com.ntyy.scan.phone","com.ntyy.scan.phone",,,"4","0","ADX","16/4/2026 05:18:46"
"com.number.color.puzzle","颜色大作战",,,"11","0","ADX","16/4/2026 05:18:46"
"com.nursinghome.monitor","安卓",,,"18","0","ADX","16/4/2026 05:18:52"
"com.nx4test.bingfei","逆袭幻想传4",,,"13","0","ADX","16/4/2026 05:18:46"
"com.ofgj.dgh","小金牛短剧",,,"141","0","ADX","16/4/2026 05:18:46"
"com.ofgj.dgh","小金牛贺岁版",,,"1355","0","ADX","16/4/2026 05:18:49"
"com.okijt.hjshq.koda","com.okijt.hjshq.koda",,,"1","0","ADX","16/4/2026 05:19:56"
"com.ondroid.bear.explore","com.ondroid.bear.explore",,,"1","0","ADX","16/4/2026 05:19:56"
"com.onewave.mhddx.a","梦幻点点消",,,"23","0","ADX","16/4/2026 05:18:46"
"com.onewave.mhddx.b","梦幻点点消",,,"1","0","ADX","16/4/2026 05:18:44"
"com.oppo.music","مۇزىكا",,,"9","0","ADX","16/4/2026 05:19:14"
"com.oppo.music","རོལ་དབྱངས།",,,"3","0","ADX","16/4/2026 05:18:56"
"com.oppo.music","万声OPPOcom.oppo.music",,,"1","0","ADX","16/4/2026 05:19:40"
"com.peaceful.zaccy28","鹦鹉短剧",,,"1","0","ADX","16/4/2026 05:18:41"
"com.pengtuzm.sgg","",,,"4","0","ADX","16/4/2026 05:18:46"
"com.people.togethertv","人人视频一起看剧_IOS",,,"10","0","ADX","16/4/2026 05:18:52"
"com.pf.stareye","星眼",,,"17","0","ADX","16/4/2026 05:19:53"
"com.planet.android","智慧地球",,,"82","0","ADX","16/4/2026 05:19:49"
"com.playcard.playcard","玩卡",,,"1","0","ADX","16/4/2026 05:19:30"
"com.pndoo.plusreader3d","加阅知乐",,,"2","0","ADX","16/4/2026 05:19:47"
"com.ppemn.yeddx.koda","com.ppemn.yeddx.koda",,,"1","0","ADX","16/4/2026 05:19:56"
"com.pplive.androidphone.sport","pp体育app官方版",,,"2","0","ADX","16/4/2026 05:18:46"
"com.ppmm.suki","安卓","社交",,"7","0","ADX","16/4/2026 05:18:52"
"com.ppou.jytd","",,,"2","0","ADX","16/4/2026 05:18:44"
"com.ppou.jytd","小金牛故事",,,"3026","0","ADX","16/4/2026 05:18:49"
"com.pqss.gtda","小金牛故事",,,"2","0","ADX","16/4/2026 05:18:46"
"com.proone.www","减脂计划",,,"1","0","ADX","16/4/2026 05:19:03"
"com.psbc.citizencard","",,,"17","0","ADX","16/4/2026 05:18:49"
"com.psbc.citizencard","鹿路通",,,"68","0","ADX","16/4/2026 05:18:46"
"com.puwell.ipc360pro","com.puwell.ipc360pro",,,"1","0","ADX","16/4/2026 05:18:52"
"com.pytd.uytu","",,,"1","0","ADX","16/4/2026 05:18:52"
"com.pytd.uytu","安卓",,,"1","0","ADX","16/4/2026 05:18:52"
"com.qakx.diwi","淳硕简玩-5.7",,,"1","0","ADX","16/4/2026 05:18:52"
"com.qakx.diwi","简玩短视频",,,"6","0","ADX","16/4/2026 05:18:46"
"com.qakx.diwi","简玩短视频金秋版",,,"3","0","ADX","16/4/2026 05:18:41"
"com.qakx.diwi","绘画大作战5-安卓-25.5.7",,,"1","0","ADX","16/4/2026 05:19:16"
"com.qdom.wkpv","",,,"1","0","ADX","16/4/2026 05:18:48"
"com.qdom.wkpv","有米剧场",,,"1920","0","ADX","16/4/2026 05:18:49"
"com.qeeyou.app.accelerator","奇游加速器",,,"1","0","ADX","16/4/2026 05:18:48"
"com.qianguo.qgenjoy","仟果乐享版","教育/考试测评",,"779","0","ADX","16/4/2026 05:18:46"
"com.qianqinxibuguang.dyingkouyou","千千清晰补光灯",,,"246","0","ADX","16/4/2026 05:19:53"
"com.qianrun.musicmain","千润音乐",,,"15","0","ADX","16/4/2026 05:18:46"
"com.qiaoan.qiaoanzhilian","IOS","未知",,"21283","0","ADX","16/4/2026 05:18:52"
"com.qiaola.desktop","com.qiaola.desktop",,,"21","0","ADX","16/4/2026 05:19:56"
"com.qiaola.desktop","动态壁纸精灵",,,"114","0","ADX","16/4/2026 05:19:53"
"com.qidiansdk.demo","OSETDemo",,,"1","0","ADX","16/4/2026 05:18:41"
"com.qiekj.qeuser","SDK聚合-iOS",,,"1883","0","ADX","16/4/2026 05:18:46"
"com.qiku.android.filebrowser","File Manager",,,"3","0","ADX","16/4/2026 05:19:38"
"com.qiku.android.filebrowser","檔案管理員",,,"2","0","ADX","16/4/2026 05:19:22"
"com.qingdian.app","熊猫爱生活",,,"6","0","ADX","16/4/2026 05:19:38"
"com.qingdian.app","轻点",,,"1","0","ADX","16/4/2026 05:18:59"
"com.qingflow.fluwx","com.qingflow.fluwx",,,"4","0","ADX","16/4/2026 05:19:25"
"com.qisi.ringdownload","com.qisi.ringdownload",,,"20","0","ADX","16/4/2026 05:19:56"
"com.qisi.ringdownload","免费铃声下载",,,"161","0","ADX","16/4/2026 05:19:53"
"com.qiu.okw.opg.mashang","",,,"1","0","ADX","16/4/2026 05:18:41"
"com.qiyi.video","com.qiyi.video",,,"176","0","ADX","16/4/2026 05:19:56"
"com.qizhi.daily","施工日志",,,"35","0","ADX","16/4/2026 05:19:14"
"com.qizhi.kaoqin","工地考勤记工",,,"1","0","ADX","16/4/2026 05:18:35"
"com.qleduo.www","趣玩星球",,,"202","0","ADX","16/4/2026 05:19:53"
"com.qqpzhaobuguan.yinkoum","千千拍照补光器",,,"213","0","ADX","16/4/2026 05:19:32"
"com.qsbs.cqsd.ads.dr","追剧达人",,,"921","0","ADX","16/4/2026 05:19:43"
"com.qsch.mzhd","七色彩虹",,,"1","0","ADX","16/4/2026 05:18:39"
"com.qsw.home","趣视屋-VIVO",,,"6","0","ADX","16/4/2026 05:19:53"
"com.quantum.edge","麦客短剧版",,,"49","0","ADX","16/4/2026 05:18:49"
"com.quartet.howtoplay","com.quartet.howtoplay",,,"2978","0","ADX","16/4/2026 05:19:43"
"com.qulianxinxi.yhjc","com.qulianxinxi.yhjc",,,"2","0","ADX","16/4/2026 05:19:56"
"com.qxx.xuntongwuxian","com.qxx.xuntongwuxian",,,"5","0","ADX","16/4/2026 05:18:46"
"com.qyxy.ydzz","阅读之子",,,"603","0","ADX","16/4/2026 05:19:32"
"com.qyxy.ysyx","舒易优选",,,"1","0","ADX","16/4/2026 05:18:32"
"com.rbzvp.vkomq.miki","果冻跳跃",,,"21","0","ADX","16/4/2026 05:19:38"
"com.reader.miaozhua","",,,"1","0","ADX","16/4/2026 05:18:41"
"com.reader.miaozhua","com.reader.miaozhua",,,"24","0","ADX","16/4/2026 05:19:53"
"com.realtech.xiaoca","小蚕惠生活",,,"2","0","ADX","16/4/2026 05:19:43"
"com.recircle.imchat","com.recircle.imchat",,,"65","0","ADX","16/4/2026 05:19:19"
"com.rgbug.pfiyn.koda","com.rgbug.pfiyn.koda",,,"1","0","ADX","16/4/2026 05:19:56"
"com.rh.calculator.dmijk","",,,"1","0","ADX","16/4/2026 05:18:41"
"com.rjxrjx.rjx","com.rjxrjx.rjx",,,"4","0","ADX","16/4/2026 05:19:28"
"com.rjxrjx.rjx","日结侠",,,"1292","0","ADX","16/4/2026 05:19:28"
"com.rk.mlb","麦粒宝",,,"1","0","ADX","16/4/2026 05:18:52"
"com.rockets.chang","","影音视听",,"46","0","ADX","16/4/2026 05:19:53"
"com.rockets.chang","唱鸭Android","影音视听",,"725","0","ADX","16/4/2026 05:18:49"
"com.rongjiaqi.video.juchang","com.rongjiaqi.video.juchang",,,"2","0","ADX","16/4/2026 05:19:30"
"com.roveover.wowo","窝友自驾",,,"261","0","ADX","16/4/2026 05:18:49"
"com.roveover.wowo","账单宝-多包名",,,"1","0","ADX","16/4/2026 05:18:48"
"com.ruiju.userapp","睿居租赁",,,"6","0","ADX","16/4/2026 05:19:38"
"com.safn.wqfd","趣刷趣赚",,,"5","0","ADX","16/4/2026 05:18:42"
"com.sailin.klzjt","com.sailin.klzjt",,,"1","0","ADX","16/4/2026 05:19:56"
"com.sajd.ijsa","旭柏-简玩-25.4.17",,,"1","0","ADX","16/4/2026 05:19:47"
"com.sajd.ijsa","淳硕简玩-4.17",,,"1690","0","ADX","16/4/2026 05:18:49"
"com.sajd.ijsa","简玩短视频",,,"22278","0","ADX","16/4/2026 05:18:49"
"com.sajd.ijsa","简玩短视频金秋版",,,"2","0","ADX","16/4/2026 05:18:42"
"com.sayx.sagame","3A云游",,,"5","0","ADX","16/4/2026 05:19:38"
"com.seaspeed.puzzle","",,,"19","0","ADX","16/4/2026 05:18:49"
"com.sgai.shiftassitanttoappstore","",,,"312","0","ADX","16/4/2026 05:18:49"
"com.shineyie.dazz.camera","Dazz相机",,,"19","0","ADX","16/4/2026 05:19:43"
"com.shineyue.shoujigjj","SDK聚合-iOS",,,"244","0","ADX","16/4/2026 05:18:46"
"com.shing.ioswzq","com.shing.ioswzq",,,"45","0","ADX","16/4/2026 05:19:53"
"com.shiyue.zc","做个日历:时月日历",,,"3","0","ADX","16/4/2026 05:18:42"
"com.shiyue.zc","时月",,,"1","0","ADX","16/4/2026 05:18:41"
"com.shop.myyx","木鱼优选",,,"5","0","ADX","16/4/2026 05:19:14"
"com.shouner.shounaer","com.shouner.shounaer",,,"632","0","ADX","16/4/2026 05:19:49"
"com.shtj.xiuqu.two","乐欢宝","游戏",,"351","0","ADX","16/4/2026 05:18:49"
"com.shtj.xiuqu.two","秀趣","游戏",,"4","0","ADX","16/4/2026 05:18:46"
"com.shuashualeg.cpa","刷刷乐g",,,"1","0","ADX","16/4/2026 05:18:52"
"com.shuhangshangdao.app","数航商道-安卓","生活服务/上门按摩",,"1","0","ADX","16/4/2026 05:18:48"
"com.shuixi.sm","穗昔扫描",,,"4678","0","ADX","16/4/2026 05:18:56"
"com.shuiyinbao.android","水印宝",,,"6","0","ADX","16/4/2026 05:19:53"
"com.shuizhiai.top","水之爱快家鲜",,,"1","0","ADX","16/4/2026 05:18:59"
"com.shulu.ntgf.i2a039ba90d934e888c63cc9214cc231a","com.shulu.ntgf.i2a039ba90d934e888c63cc9214cc231a",,,"1","0","ADX","16/4/2026 05:19:56"
"com.shulu.ntgf.j5e5964aace3642348bef32994d879392","com.shulu.ntgf.j5e5964aace3642348bef32994d879392",,,"1","0","ADX","16/4/2026 05:19:56"
"com.shulu.ntgf.l1fb9983d855149f89a1d60c8b43baa82","com.shulu.ntgf.l1fb9983d855149f89a1d60c8b43baa82",,,"2","0","ADX","16/4/2026 05:19:56"
"com.shulu.ntgf.pd500d40599024e0ba834310d6449dd10","com.shulu.ntgf.pd500d40599024e0ba834310d6449dd10",,,"1","0","ADX","16/4/2026 05:19:56"
"com.shulu.ntgf.u768f50397b3940d69474932095b0b9ea","com.shulu.ntgf.u768f50397b3940d69474932095b0b9ea",,,"1","0","ADX","16/4/2026 05:19:56"
"com.shulu.ntgf.xeb8e796581d94389bcc73043b6c036a1","com.shulu.ntgf.xeb8e796581d94389bcc73043b6c036a1",,,"1","0","ADX","16/4/2026 05:19:56"
"com.shulu.zxtq","朝夕天气通",,,"12","0","ADX","16/4/2026 05:19:53"
"com.sihuatech.cloudvideo","SDK聚合-iOS","居家生活",,"11521","0","ADX","16/4/2026 05:18:46"
"com.sikeguard.www","com.sikeguard.www",,,"3","0","ADX","16/4/2026 05:19:22"
"com.sina.lottery.gai","未知","金融理财",,"1","0","ADX","16/4/2026 05:18:52"
"com.sina.lottery.iai","com.sina.lottery.iai",,,"18","0","ADX","16/4/2026 05:19:43"
"com.sina.mail.free","","邮箱",,"16","0","ADX","16/4/2026 05:18:49"
"com.singxie.nfccardread","手机门禁卡NFC","家居控制",,"8","0","ADX","16/4/2026 05:19:43"
"com.sinlihe.gps.spirit","",,,"1","0","ADX","16/4/2026 05:18:44"
"com.sinlihe.gps.spirit","智能位置",,,"1","0","ADX","16/4/2026 05:18:59"
"com.sjz.ss","速搜",,,"12","0","ADX","16/4/2026 05:18:49"
"com.skidmorestud.tivoliy","夺宝迎春",,,"11","0","ADX","16/4/2026 05:19:53"
"com.skyland.flysdtpchat.my","金蚂蚁",,,"2","0","ADX","16/4/2026 05:19:22"
"com.slxk.wzgps","com.slxk.wzgps",,,"1","0","ADX","16/4/2026 05:19:47"
"com.smartisan.notes","锤子便签-iOS",,,"2","0","ADX","16/4/2026 05:18:52"
"com.sneakergif.whisper","sdk安卓",,,"1","0","ADX","16/4/2026 05:18:52"
"com.soccer.hero.star","足球英雄",,,"69","0","ADX","16/4/2026 05:19:43"
"com.soda.music","","音乐播放",,"3","0","ADX","16/4/2026 05:18:41"
"com.soda.music","IOS","音乐播放",,"7","0","ADX","16/4/2026 05:18:52"
"com.soda.music5555","com.soda.music5555",,,"1","0","ADX","16/4/2026 05:19:16"
"com.sohu.inputmethod.sogou.honor","荣耀搜狗输入法",,,"4","0","ADX","16/4/2026 05:18:46"
"com.solot.globaltide","Mareas Globales","工具/天气",,"3","0","ADX","16/4/2026 05:19:32"
"com.solot.globaltide","Tide","工具/天气",,"2","0","ADX","16/4/2026 05:19:56"
"com.solot.globaltide","グローバル潮汐","工具/天气",,"14","0","ADX","16/4/2026 05:19:53"
"com.solot.globaltide","全球潮汐_iOS","工具/天气",,"9352","0","ADX","16/4/2026 05:18:56"
"com.solot.seafishing2","","游戏-休闲",,"44","0","ADX","16/4/2026 05:18:46"
"com.solot.seafishing2","Angler","游戏-休闲",,"1","0","ADX","16/4/2026 05:19:56"
"com.solot.seafishing2","渔获-钓鱼找钓点查天气野钓黑坑必备","游戏-休闲",,"16","0","ADX","16/4/2026 05:19:38"
"com.solot.seafishing2","渔获_iOS","游戏-休闲",,"8896","0","ADX","16/4/2026 05:18:49"
"com.soulapp.cn","Soul","社交",,"3","0","ADX","16/4/2026 05:18:41"
"com.space.user","睿居租赁",,,"6","0","ADX","16/4/2026 05:19:32"
"com.spark.sparkonline","com.spark.SparkOnline",,,"1","0","ADX","16/4/2026 05:19:03"
"com.spears.civilopedia","文明百科",,,"3052","0","ADX","16/4/2026 05:19:49"
"com.spect.rogram","易淘生活","工具/音频",,"1147","0","ADX","16/4/2026 05:18:49"
"com.sqw.sgby.baye_ttzzcjb","com.sqw.sgby.baye_ttzzcjb",,,"1","0","ADX","16/4/2026 05:19:16"
"com.srnr.nmtt","玩赚小故事",,,"694","0","ADX","16/4/2026 05:19:19"
"com.ss.android.ugc.sicily_cm","可颂","兴趣社区",,"1","0","ADX","16/4/2026 05:18:48"
"com.ss.discount","快实惠",,,"1616","0","ADX","16/4/2026 05:18:40"
"com.ss.joyful","芯悦社",,,"1209","0","ADX","16/4/2026 05:18:49"
"com.ss.wper","墙韵画",,,"1288","0","ADX","16/4/2026 05:18:56"
"com.ss.xaxz","心安小助",,,"15672","0","ADX","16/4/2026 05:19:43"
"com.ss.xkzs","心康助手",,,"976","0","ADX","16/4/2026 05:19:53"
"com.sskuailecai.zbdzc","点金手",,,"14","0","ADX","16/4/2026 05:18:46"
"com.ssydance.dragon","欢乐养龙新版",,,"2","0","ADX","16/4/2026 05:19:47"
"com.stargame.extrememoto1.ios","com.stargame.Extrememoto1.ios",,,"1","0","ADX","16/4/2026 05:18:32"
"com.stickman.vs.battle","com.stickman.vs.battle",,,"235","0","ADX","16/4/2026 05:19:49"
"com.stickman.vs.battle","火柴人进化论",,,"51","0","ADX","16/4/2026 05:18:46"
"com.stretch.car.draw.line.cn","com.stretch.car.draw.line.cn",,,"1","0","ADX","16/4/2026 05:19:03"
"com.suawe.wefczs.pinhaopin","拼好拼",,,"4","0","ADX","16/4/2026 05:19:22"
"com.suizhi.bmdxm","帽子先森奇遇记",,,"45","0","ADX","16/4/2026 05:19:43"
"com.suizhi.bmdxm","熊猫探险计划",,,"227","0","ADX","16/4/2026 05:19:53"
"com.suizhi.bmdxm","狂飙大卡车",,,"47","0","ADX","16/4/2026 05:19:53"
"com.suizhi.bmdxm","看我奇思妙想",,,"45","0","ADX","16/4/2026 05:19:53"
"com.suizhi.mmqwf","土豆奇遇记",,,"3","0","ADX","16/4/2026 05:19:43"
"com.svm.hbyy","","变声器",,"2","0","ADX","16/4/2026 05:18:46"
"com.sylvanmead.cove","com.sylvanmead.cove",,,"1","0","ADX","16/4/2026 05:19:56"
"com.szjscam.jscam1688","ViseeCam","居家生活",,"16","0","ADX","16/4/2026 05:19:28"
"com.szl.zlmb","",,,"1","0","ADX","16/4/2026 05:18:48"
"com.t3go.passenger","SDK聚合-iOS",,,"552","0","ADX","16/4/2026 05:18:46"
"com.t3go.passenger","com.t3go.passenger",,,"5","0","ADX","16/4/2026 05:19:43"
"com.tange365.kanjia","5G看家-安卓","居家生活",,"1","0","ADX","16/4/2026 05:19:40"
"com.tange365.kanjia","5g看家","居家生活",,"1","0","ADX","16/4/2026 05:18:59"
"com.taobao.travel","IOS",,,"2","0","ADX","16/4/2026 05:18:52"
"com.taobao.travel","飞猪",,,"6","0","ADX","16/4/2026 05:18:46"
"com.taotao.llcyc1","一秒拼个图",,,"15","0","ADX","16/4/2026 05:18:46"
"com.taotao.llcyc1","乐乐拼图",,,"170","0","ADX","16/4/2026 05:18:46"
"com.taoxi.www","淘喜红包","时尚购物",,"12","0","ADX","16/4/2026 05:19:43"
"com.taoyuanziyong","com.taoyuanziyong",,,"1","0","ADX","16/4/2026 05:19:56"
"com.tasty.food.restaurant.diary.simulate.cook.games","",,,"1","0","ADX","16/4/2026 05:18:41"
"com.tbit.znddc","安卓",,,"1","0","ADX","16/4/2026 05:18:52"
"com.tencent.daojucheng","掌上道聚城-IOS",,,"2","0","ADX","16/4/2026 05:18:52"
"com.tencent.djcity","cf掌上道聚城app",,,"1","0","ADX","16/4/2026 05:18:44"
"com.tginput.tiangua","com.tginput.tiangua",,,"2","0","ADX","16/4/2026 05:18:49"
"com.tginput.tiangua","甜瓜输入法",,,"3","0","ADX","16/4/2026 05:19:49"
"com.tianqi2345","云图广告","居家生活",,"1","0","ADX","16/4/2026 05:19:25"
"com.tima.gac.passengercar","摩捷出行",,,"1","0","ADX","16/4/2026 05:19:11"
"com.time.dailysignature.ios","SDK聚合-iOS",,,"928","0","ADX","16/4/2026 05:18:46"
"com.timeaforce.fengshoucaishichang","丰收菜市场",,,"1","0","ADX","16/4/2026 05:19:40"
"com.tjawy.miaoda","伟思妙答",,,"91","0","ADX","16/4/2026 05:19:49"
"com.tjdyx.youceds","优策账本大师",,,"60","0","ADX","16/4/2026 05:18:46"
"com.tjhwc.quwei","趣威壁纸",,,"150","0","ADX","16/4/2026 05:19:22"
"com.tjmms.shiyingdj","仕影快剧场",,,"32","0","ADX","16/4/2026 05:18:46"
"com.tjmms.zhishihg","智仕惠购",,,"30","0","ADX","16/4/2026 05:19:53"
"com.tjws.ufxj12.tsoft","短剧线",,,"1","0","ADX","16/4/2026 05:18:41"
"com.tjwsf.kxjc","短剧线",,,"1","0","ADX","16/4/2026 05:18:41"
"com.tjwsf.kxjd","短剧线",,,"3","0","ADX","16/4/2026 05:18:46"
"com.tjwsf.kxjk","短剧线",,,"21","0","ADX","16/4/2026 05:18:46"
"com.tjwsg.lkdja","乐看短剧",,,"1","0","ADX","16/4/2026 05:18:44"
"com.tjwsg.lkdjg","短剧线",,,"2","0","ADX","16/4/2026 05:18:42"
"com.tjwsg.lkdjj","短剧线",,,"6","0","ADX","16/4/2026 05:18:46"
"com.tjwsh.lkjh","短剧线",,,"1","0","ADX","16/4/2026 05:18:44"
"com.tjwsi.qkdjh","短剧线",,,"5","0","ADX","16/4/2026 05:18:48"
"com.tjwsj.xfjcb","短剧线",,,"1","0","ADX","16/4/2026 05:18:44"
"com.tjwsj.xfjcd","短剧线",,,"3","0","ADX","16/4/2026 05:18:46"
"com.tjwsj.xfjce","短剧线",,,"2","0","ADX","16/4/2026 05:18:46"
"com.tjwsj.xfjcg","短剧线",,,"1","0","ADX","16/4/2026 05:18:48"
"com.tjwsj.xfjch","短剧线",,,"2","0","ADX","16/4/2026 05:18:44"
"com.tmall.campus.and","DinamicX",,,"1","0","ADX","16/4/2026 05:19:40"
"com.tmps.rtdl","云游",,,"3","0","ADX","16/4/2026 05:18:49"
"com.tobegame.tschoolsim1a","com.tobegame.tschoolsim1a",,,"4","0","ADX","16/4/2026 05:19:14"
"com.tongxun.atongmu.parent","Kidata(Parents)",,,"1","0","ADX","16/4/2026 05:19:30"
"com.topon.ios","com.topon.ios",,,"58","0","ADX","16/4/2026 05:19:49"
"com.torqak.sinqak","Sinqak",,,"1502","0","ADX","16/4/2026 05:18:46"
"com.tositeinfo.answerbook","答案之书电子版",,,"23","0","ADX","16/4/2026 05:19:32"
"com.toursforfun.webapp","途风旅游",,,"142","0","ADX","16/4/2026 05:19:53"
"com.tq.yjsk","com.tq.yjsk",,,"1","0","ADX","16/4/2026 05:19:56"
"com.trui.tert","安卓",,,"1","0","ADX","16/4/2026 05:18:52"
"com.trui.tert","小金牛故事",,,"4315","0","ADX","16/4/2026 05:18:49"
"com.ttjb.qxkj","天天聚宝",,,"5","0","ADX","16/4/2026 05:19:00"
"com.tunasoft.gameboard","com.tunasoft.gameboard",,,"37469","0","ADX","16/4/2026 05:18:40"
"com.turbulenceforecastapp","com.turbulenceforecastapp",,,"38779","0","ADX","16/4/2026 05:19:32"
"com.tusheng.anglucpb","昂鲁测评宝",,,"1","0","ADX","16/4/2026 05:18:35"
"com.tv.xjskpios.hnsc","",,,"6","0","ADX","16/4/2026 05:18:46"
"com.tysanjieyi.zbd","诸葛智谋猜",,,"3","0","ADX","16/4/2026 05:18:42"
"com.tzhcu.tzdzz.tg","贴纸大作战",,,"8","0","ADX","16/4/2026 05:18:46"
"com.uaat.icchri.vivo","字母追逃大挑战-字母世界追逃",,,"1","0","ADX","16/4/2026 05:19:30"
"com.ucmobile","UC Browser",,,"5","0","ADX","16/4/2026 05:18:42"
"com.ucmobile","UC浏览器",,,"9979","0","ADX","16/4/2026 05:18:46"
"com.ucmobile","UC瀏覽器",,,"18","0","ADX","16/4/2026 05:18:42"
"com.ucmobile","安卓",,,"2","0","ADX","16/4/2026 05:18:52"
"com.ucweb.iphone.lowversion","IOS",,,"1","0","ADX","16/4/2026 05:18:52"
"com.ucweb.iphone.lowversion","UC浏览器",,,"30331","0","ADX","16/4/2026 05:18:42"
"com.ume.browser","Ume Browser",,,"11","0","ADX","16/4/2026 05:19:32"
"com.ume.browser","浏览%E",,,"1","0","ADX","16/4/2026 05:19:25"
"com.ume.browser","瀏覽器",,,"63","0","ADX","16/4/2026 05:19:53"
"com.undercurrent.player","暗潮播放器",,,"4","0","ADX","16/4/2026 05:18:42"
"com.uptinak.app","天空软件库",,,"28","0","ADX","16/4/2026 05:19:43"
"com.ushaqi.zhuishushenqi.jinxiu"," 甜瓜小说 ","图书阅读",,"5","0","ADX","16/4/2026 05:19:49"
"com.ushaqi.zhuishushenqi.jinxiu","锦绣书苑","图书阅读",,"1","0","ADX","16/4/2026 05:18:44"
"com.usts.englishlearning","清词",,,"1","0","ADX","16/4/2026 05:18:52"
"com.uuie.adwf","小金牛短剧",,,"390","0","ADX","16/4/2026 05:18:46"
"com.uuie.adwf","小金牛贺岁版",,,"2188","0","ADX","16/4/2026 05:18:49"
"com.uutakul.bidgir","161-肥猫看看",,,"3","0","ADX","16/4/2026 05:18:42"
"com.uutakul.bidgir","161-肥猫看看new",,,"1","0","ADX","16/4/2026 05:18:44"
"com.vanke.activity","住这儿",,,"3","0","ADX","16/4/2026 05:19:43"
"com.velora.tech","黑金熊卡",,,"5","0","ADX","16/4/2026 05:18:46"
"com.viavpvq.rzqheizh","手机远程监控看家",,,"1","0","ADX","16/4/2026 05:19:47"
"com.videogo","安卓",,,"23","0","ADX","16/4/2026 05:18:52"
"com.videogo","萤石云",,,"252","0","ADX","16/4/2026 05:18:49"
"com.videogo","萤石云视频 1",,,"1","0","ADX","16/4/2026 05:19:11"
"com.visiondigit.smartvision.pro","","实用工具",,"5","0","ADX","16/4/2026 05:18:46"
"com.visiondigit.smartvision.pro","SDK聚合-iOS","实用工具",,"509","0","ADX","16/4/2026 05:18:46"
"com.visualworld.cloudsmart","","居家生活",,"14","0","ADX","16/4/2026 05:19:19"
"com.visualworld.cloudsmart","IOS","居家生活",,"1","0","ADX","16/4/2026 05:18:52"
"com.visualworld.cloudsmart","ToBid[OC]","居家生活",,"1","0","ADX","16/4/2026 05:19:36"
"com.visualworld.cloudsmart","云智连-Android","居家生活",,"1","0","ADX","16/4/2026 05:19:51"
"com.visualworld.cloudsmart","云智连-ios","居家生活",,"5","0","ADX","16/4/2026 05:19:38"
"com.vpapps.bbdm","bb动漫",,,"1","0","ADX","16/4/2026 05:18:48"
"com.vsbk.rtdr","哇区",,,"8330","0","ADX","16/4/2026 05:18:46"
"com.vsurfingc.videc","com.vsurfingc.videc",,,"1","0","ADX","16/4/2026 05:18:44"
"com.waidaguangpazd.yinkoucm","万万打光拍照灯",,,"172","0","ADX","16/4/2026 05:19:32"
"com.wakeup.wearfitprocn","Wearfit Pro - 中国大陆版",,,"1","0","ADX","16/4/2026 05:19:47"
"com.wakeup.wearfitprocn","Wearfit Pro-ios",,,"29","0","ADX","16/4/2026 05:18:52"
"com.wakeup.wearfitprocn","wearfit pro -IOS",,,"17","0","ADX","16/4/2026 05:19:49"
"com.wakeup.wearfitprocn","测试Demo-iOS",,,"1","0","ADX","16/4/2026 05:18:41"
"com.wanbu.dascom","万步-安卓",,,"1228","0","ADX","16/4/2026 05:18:49"
"com.wanhang.school","SDK聚合-iOS",,,"109316","0","ADX","16/4/2026 05:18:46"
"com.wanhang.school","运动世界校园-iOS",,,"174","0","ADX","16/4/2026 05:18:52"
"com.wanplus.wanplus","com.wanplus.WanPlus",,,"1","0","ADX","16/4/2026 05:18:52"
"com.wawoo.gunshootwar","com.wawoo.gunshootwar",,,"1","0","ADX","16/4/2026 05:19:16"
"com.wealoha.aloha","aloha小红",,,"1","0","ADX","16/4/2026 05:18:52"
"com.weatherbigword","天气预报大字版-查看40日天气","居家生活",,"4","0","ADX","16/4/2026 05:19:53"
"com.weatherbigword","开心消消乐android_huawei","居家生活",,"1","0","ADX","16/4/2026 05:18:52"
"com.weatherforecastnet","","天气",,"2","0","ADX","16/4/2026 05:18:41"
"com.weatherforecastnet","健康走路计步器","天气",,"11","0","ADX","16/4/2026 05:18:52"
"com.weatherforecastnet","天气预报家","天气",,"27","0","ADX","16/4/2026 05:19:53"
"com.weatherforecastnet","天气预报网-精准天气预报","天气",,"1","0","ADX","16/4/2026 05:19:11"
"com.weightrecord.pro","体重记录",,,"16","0","ADX","16/4/2026 05:19:38"
"com.weilaixinqiu.task","未来星球",,,"7","0","ADX","16/4/2026 05:19:49"
"com.weitu.wantu","com.weitu.wantu",,,"57","0","ADX","16/4/2026 05:18:32"
"com.wekpu.xwdjq.koda","com.wekpu.xwdjq.koda",,,"1","0","ADX","16/4/2026 05:19:56"
"com.wellease.lumray","com.wellease.lumray",,,"6","0","ADX","16/4/2026 05:19:22"
"com.wensandao.awardmaker","奖状制作",,,"1","0","ADX","16/4/2026 05:18:59"
"com.wensi.youyuan","文思悠远",,,"1","0","ADX","16/4/2026 05:18:32"
"com.wenyuanlu.home","文渊录-小米",,,"9964","0","ADX","16/4/2026 05:19:14"
"com.wh.radiant.weather","明媚天气",,,"13536","0","ADX","16/4/2026 05:18:46"
"com.whay.milxx","乐欢宝",,,"31","0","ADX","16/4/2026 05:18:49"
"com.whh.androidacts.superwidget","Super Widget",,,"1","0","ADX","16/4/2026 05:19:25"
"com.whips.titch","萌萌短剧极速版",,,"2181","0","ADX","16/4/2026 05:18:49"
"com.whitelok.jnxhy","com.whitelok.jnxhy",,,"36278","0","ADX","16/4/2026 05:19:28"
"com.whitelok.jnxhy","韩语学习神器",,,"1","0","ADX","16/4/2026 05:19:16"
"com.whlq.yilan","伊斓读",,,"11","0","ADX","16/4/2026 05:18:46"
"com.whm.androidacts.vibeswidget","Vibes Widget",,,"1","0","ADX","16/4/2026 05:18:44"
"com.whpe.qrcode.hunan.huaihua","怀化行",,,"57","0","ADX","16/4/2026 05:18:46"
"com.whpe.qrcode.shanxi.yangquanxing","com.whpe.qrcode.shanxi.yangquanxing",,,"1","0","ADX","16/4/2026 05:18:41"
"com.whpe.qrcode.shanxi.yangquanxing","漾泉行",,,"884","0","ADX","16/4/2026 05:18:46"
"com.wintao.watermarkcamera","元道经纬相机-iOS",,,"5","0","ADX","16/4/2026 05:18:52"
"com.wise.zadt28","仓鼠短剧",,,"1","0","ADX","16/4/2026 05:18:41"
"com.wool.knit.away","消团儿毛线",,,"34","0","ADX","16/4/2026 05:19:53"
"com.wshn.rtdv","绘画大作战5-安卓",,,"4","0","ADX","16/4/2026 05:18:46"
"com.wsyz.app","微时宇宙",,,"2","0","ADX","16/4/2026 05:19:08"
"com.wtkj.app.clicker","",,,"5","0","ADX","16/4/2026 05:18:41"
"com.wuji.nt","com.wuji.nt",,,"1","0","ADX","16/4/2026 05:19:56"
"com.wusjkcb.dnnsc","120-时光短剧",,,"3","0","ADX","16/4/2026 05:18:46"
"com.wwwscn.yuexingbao","ExpandableTextViewLibrary","实用工具",,"25","0","ADX","16/4/2026 05:19:43"
"com.wwwscn.yuexingbao","安卓","实用工具",,"7","0","ADX","16/4/2026 05:18:52"
"com.wx.wifi.qulian","com.wx.wifi.qulian",,,"1","0","ADX","16/4/2026 05:19:56"
"com.wxtpv1.cyddv1","成语多多",,,"376","0","ADX","16/4/2026 05:18:46"
"com.wyfc.writecreate","写小说","效率办公",,"234","0","ADX","16/4/2026 05:18:49"
"com.wzyx.benking9527","喵晓晓",,,"1","0","ADX","16/4/2026 05:19:30"
"com.wzyx.benking9527","锐行运营",,,"4","0","ADX","16/4/2026 05:18:40"
"com.xcvzaq.imagejoin","com.xcvzaq.imagejoin",,,"270","0","ADX","16/4/2026 05:19:53"
"com.xcvzaq.imagejoin","长图拼接-轻松拼截屏",,,"1","0","ADX","16/4/2026 05:19:16"
"com.xdnn.miaoyu","com.xdnn.miaoyu",,,"1","0","ADX","16/4/2026 05:18:52"
"com.xfxcl.qckj","洋洋max",,,"1","0","ADX","16/4/2026 05:18:41"
"com.xgsh.app","熊猫明明",,,"5","0","ADX","16/4/2026 05:19:14"
"com.xhey.xcamera","今日水印相机iOS",,,"247284","0","ADX","16/4/2026 05:19:22"
"com.xhey.xcamera","安卓",,,"7","0","ADX","16/4/2026 05:18:52"
"com.xiachufang.recipe","SDK聚合-iOS",,,"11955","0","ADX","16/4/2026 05:18:46"
"com.xiangrikui.sixapp","向日葵保险人",,,"4","0","ADX","16/4/2026 05:18:46"
"com.xiangshi.bjxsgc","com.xiangshi.bjxsgc",,,"9","0","ADX","16/4/2026 05:19:56"
"com.xiangtuikj.dreamring","启明",,,"6","0","ADX","16/4/2026 05:18:49"
"com.xiangtuikj.dreamring","梦响闹钟",,,"1","0","ADX","16/4/2026 05:18:48"
"com.xianshiquan","按键精灵",,,"1","0","ADX","16/4/2026 05:18:52"
"com.xiaoba.huican","com.xiaoba.huican",,,"1","0","ADX","16/4/2026 05:19:03"
"com.xiaobanlong.main","小伴龙-儿童早教益智启蒙故事","学习教育",,"3","0","ADX","16/4/2026 05:19:38"
"com.xiaobaoche.kuaigui","多彩约车",,,"14","0","ADX","16/4/2026 05:19:53"
"com.xiaobaoche.kuaigui","山里江南",,,"8","0","ADX","16/4/2026 05:19:14"
"com.xiaobaoche.kuaigui","经纬出行",,,"1","0","ADX","16/4/2026 05:18:41"
"com.xiaoenai.app","小恩爱_iOS",,,"8","0","ADX","16/4/2026 05:18:49"
"com.xiaohaoxinxi.nz.cn","com.xiaohaoxinxi.nz.cn",,,"13","0","ADX","16/4/2026 05:18:49"
"com.xiaoheqingjiuye.shenliaogc.app","GOD 神聊",,,"2","0","ADX","16/4/2026 05:19:22"
"com.xiaomi.datecalculator","日期计算器",,,"10","0","ADX","16/4/2026 05:19:28"
"com.xiaoming.calculator","IOS",,,"11","0","ADX","16/4/2026 05:18:52"
"com.xiaopi.ledger","com.xiaopi.ledger",,,"1","0","ADX","16/4/2026 05:19:20"
"com.xiaoqiangiot","","实用工具",,"6","0","ADX","16/4/2026 05:18:42"
"com.xiaoqiangiot","SDK聚合-iOS","实用工具",,"1","0","ADX","16/4/2026 05:18:48"
"com.xiaoqiangiot","安卓","实用工具",,"3","0","ADX","16/4/2026 05:18:52"
"com.xiaoqiangiot","小强当家-390Eyes","实用工具",,"586","0","ADX","16/4/2026 05:19:53"
"com.xiaoyaoyixia.kaihei","KOOK_iOS",,,"1","0","ADX","16/4/2026 05:18:52"
"com.xichywy.ios-guoshi","com.xichywy.ios-guoshi",,,"49270","0","ADX","16/4/2026 05:19:28"
"com.xichywy.ios-guoshi","果蔬百科",,,"817","0","ADX","16/4/2026 05:19:28"
"com.xingji.www","云端漫步",,,"1882","0","ADX","16/4/2026 05:19:43"
"com.xingji.www","弹幕纪元",,,"96","0","ADX","16/4/2026 05:19:22"
"com.xingji.www","猫岛日记",,,"529","0","ADX","16/4/2026 05:19:28"
"com.xingyuans.app","com.xingyuans.app",,,"1","0","ADX","16/4/2026 05:19:47"
"com.xingyuans.app","星元",,,"1","0","ADX","16/4/2026 05:19:47"
"com.xinleda.ios.ousu","com.xinleda.ios.ousu",,,"1","0","ADX","16/4/2026 05:19:25"
"com.xinmang.camera.measure.altimeter","尺子测距仪",,,"4","0","ADX","16/4/2026 05:19:43"
"com.xinmang.camera.measure.altimeter","測距測量儀",,,"1","0","ADX","16/4/2026 05:19:47"
"com.xinmang.guitar.tuner","調音器",,,"3","0","ADX","16/4/2026 05:19:28"
"com.xinmang.voicechanger","变声器","娱乐消遣",,"2","0","ADX","16/4/2026 05:18:56"
"com.xinmang.voicechanger","变声器大师","娱乐消遣",,"1","0","ADX","16/4/2026 05:19:30"
"com.xinshida.smaint","SDK聚合-iOS",,,"1965","0","ADX","16/4/2026 05:18:46"
"com.xiongmai.xmeye","IOS",,,"1","0","ADX","16/4/2026 05:18:52"
"com.xiushun.swimgroup","游泳社",,,"2","0","ADX","16/4/2026 05:18:44"
"com.xjkj.gmxy","黾勉习苑",,,"2058","0","ADX","16/4/2026 05:19:00"
"com.xjskp.gztv1.hnsc","com.xjskp.gztv1.hnsc",,,"1","0","ADX","16/4/2026 05:19:56"
"com.xmdj.app","小木短剧",,,"2","0","ADX","16/4/2026 05:18:49"
"com.xmlqn.k0sf.deng","老百姓养生菜谱",,,"13","0","ADX","16/4/2026 05:19:28"
"com.xmsq.sgjz","拾光笺章",,,"10","0","ADX","16/4/2026 05:18:40"
"com.xmyg.xx","咻咻",,,"3","0","ADX","16/4/2026 05:19:30"
"com.xrkj.skies.music","仟贝凌霄版",,,"1120","0","ADX","16/4/2026 05:18:46"
"com.xtqw.wxxl","星兔趣玩","实用工具",,"196","0","ADX","16/4/2026 05:19:38"
"com.xtqw.wxxl","洋洋max","实用工具",,"690","0","ADX","16/4/2026 05:18:46"
"com.xuenong.hezuoshe","com.xuenong.hezuoshe",,,"80","0","ADX","16/4/2026 05:19:28"
"com.xuenong.hezuoshe","学农合作社",,,"1","0","ADX","16/4/2026 05:19:03"
"com.xuhangxin.home","续航芯-OPPO",,,"2","0","ADX","16/4/2026 05:19:40"
"com.xunmengtu.turbobunny","开心消消乐®",,,"2","0","ADX","16/4/2026 05:18:44"
"com.xw.clear.omnipotent","com.xw.clear.omnipotent",,,"21","0","ADX","16/4/2026 05:18:46"
"com.xxmaoxian.www","亿路绿灯",,,"1","0","ADX","16/4/2026 05:19:30"
"com.xxmaoxian.www","半糖主义",,,"310","0","ADX","16/4/2026 05:19:43"
"com.xxmaoxian.www","圆圆财",,,"39","0","ADX","16/4/2026 05:19:32"
"com.xxmaoxian.www","大橘",,,"1389","0","ADX","16/4/2026 05:19:53"
"com.xxmaoxian.www","芋泥卷",,,"2163","0","ADX","16/4/2026 05:19:53"
"com.xxmaoxian.www","薄荷撞可乐",,,"1","0","ADX","16/4/2026 05:19:30"
"com.xxmaoxian.www","黄油麻薯",,,"170","0","ADX","16/4/2026 05:19:43"
"com.xy.camera.jianshe","com.xy.camera.jianshe",,,"1","0","ADX","16/4/2026 05:18:44"
"com.xy.camera.sweetpatty","com.xy.camera.sweetpatty",,,"1","0","ADX","16/4/2026 05:18:41"
"com.xyn.wskai","",,,"1","0","ADX","16/4/2026 05:18:41"
"com.xyq.yuyue","愉阅",,,"35","0","ADX","16/4/2026 05:18:40"
"com.xysqb.home","小乙省钱宝-OPPO",,,"13","0","ADX","16/4/2026 05:19:53"
"com.yami.lockscreen","一键锁屏备忘提醒",,,"26","0","ADX","16/4/2026 05:18:52"
"com.yanfeng.moy","摸鱼兼职","全职招聘",,"2","0","ADX","16/4/2026 05:19:32"
"com.yang.kksleep","锦鲤迅捷版","健康睡眠",,"22","0","ADX","16/4/2026 05:18:49"
"com.yaomeban.wa","赛扬有米",,,"4","0","ADX","16/4/2026 05:19:49"
"com.ycdingqiankuan.zbdzc","评书创收",,,"1","0","ADX","16/4/2026 05:18:48"
"com.yd.circle","去上网",,,"7","0","ADX","16/4/2026 05:19:32"
"com.yeahforce.soundofdelights","com.yeahforce.soundofdelights",,,"3","0","ADX","16/4/2026 05:19:32"
"com.yeahka.gbusiness","com.yeahka.gbusiness",,,"385","0","ADX","16/4/2026 05:19:28"
"com.yeahka.gbusiness","好生意",,,"278","0","ADX","16/4/2026 05:19:28"
"com.yedone.internetassistantv1","去上网(去哒)-IOS",,,"73","0","ADX","16/4/2026 05:18:49"
"com.yeyunsong.piano","com.yeyunsong.piano",,,"1","0","ADX","16/4/2026 05:19:56"
"com.yf.lelian","半日闲",,,"16","0","ADX","16/4/2026 05:19:28"
"com.yfl.youdaoti","com.yfl.youdaoti",,,"4","0","ADX","16/4/2026 05:18:46"
"com.ygkj.chelaile.standard.bigfont","",,,"6","0","ADX","16/4/2026 05:18:46"
"com.ygxc.student","",,,"1","0","ADX","16/4/2026 05:18:48"
"com.yiheng.deep","DeepAI智能助手",,,"89","0","ADX","16/4/2026 05:19:38"
"com.yihubang.manager","陪护管理端",,,"2","0","ADX","16/4/2026 05:19:43"
"com.yinyuesuyang.yinweiyue","音乐素养",,,"3","0","ADX","16/4/2026 05:19:32"
"com.yiqubizhi.home","逸趣壁纸-VIVO",,,"2040","0","ADX","16/4/2026 05:19:43"
"com.yiwan.youixzx","掌上-尚玩助手",,,"1","0","ADX","16/4/2026 05:18:59"
"com.yiyou.tuantuan","金小马","居家生活",,"1","0","ADX","16/4/2026 05:18:44"
"com.yjkj.bakingcostcalculator","锦鲤夺宝",,,"15","0","ADX","16/4/2026 05:19:32"
"com.yjkj.caipupro","com.yjkj.caipupro",,,"14","0","ADX","16/4/2026 05:19:32"
"com.yjkj.caipupro","春分夺宝",,,"17","0","ADX","16/4/2026 05:19:53"
"com.yjkj.recordworkhours","com.yjkj.RecordWorkHours",,,"2","0","ADX","16/4/2026 05:19:43"
"com.yjkj.recordworkhours","五福夺宝",,,"12","0","ADX","16/4/2026 05:19:00"
"com.yjkj.recordworkhours","极象",,,"2","0","ADX","16/4/2026 05:19:43"
"com.yl.wxfs","",,,"2","0","ADX","16/4/2026 05:18:41"
"com.ylly.jsscxqc.vivo","极速赛车向前冲-vivo",,,"1","0","ADX","16/4/2026 05:19:47"
"com.ylmf.androidclient","115生活",,,"319","0","ADX","16/4/2026 05:18:46"
"com.yls.hddragon","HD dragon",,,"5","0","ADX","16/4/2026 05:19:14"
"com.ylt.kssh","舜语小说",,,"1","0","ADX","16/4/2026 05:18:48"
"com.yotin.seedbank.xsz","xsz",,,"611","0","ADX","16/4/2026 05:18:46"
"com.youloft.calendar","万年历-安卓","居家生活",,"1500","0","ADX","16/4/2026 05:18:52"
"com.yourcompany.hbgj","894正式版",,,"2","0","ADX","16/4/2026 05:19:25"
"com.yourcompany.hbgj","航班管家",,,"2","0","ADX","16/4/2026 05:19:28"
"com.youshang.kuaidi100","",,,"14","0","ADX","16/4/2026 05:18:49"
"com.youshang.kuaidi100","SDK聚合-iOS",,,"807","0","ADX","16/4/2026 05:18:46"
"com.youshiguang.home","com.youshiguang.home",,,"3","0","ADX","16/4/2026 05:19:56"
"com.youtu.xia","悠途侠",,,"2","0","ADX","16/4/2026 05:19:00"
"com.youxiang.zhu","com.youxiang.zhu",,,"1","0","ADX","16/4/2026 05:19:56"
"com.youxuan.screensync.ios","屏幕通远程屏幕管理工具",,,"16","0","ADX","16/4/2026 05:19:28"
"com.yqklc.qckj","洋洋max",,,"1","0","ADX","16/4/2026 05:18:44"
"com.yqwx.cmdwdcg.mi","com.yqwx.cmdwdcg.mi",,,"1","0","ADX","16/4/2026 05:19:56"
"com.yqwx.yyy","com.yqwx.yyy",,,"4","0","ADX","16/4/2026 05:19:32"
"com.ys.scan.xiashen","com.ys.scan.xiashen",,,"46","0","ADX","16/4/2026 05:18:46"
"com.ytds.llk","",,,"1","0","ADX","16/4/2026 05:18:44"
"com.ytds.llk","安卓",,,"1","0","ADX","16/4/2026 05:18:52"
"com.ytds.llk","小金牛故事",,,"3956","0","ADX","16/4/2026 05:18:49"
"com.ytds.llk","小金牛故事-26.3.24",,,"70","0","ADX","16/4/2026 05:18:46"
"com.ythl.rxjjqs","土豆奇遇记",,,"101","0","ADX","16/4/2026 05:19:53"
"com.ythl.whgfsm","土豆奇遇记",,,"218","0","ADX","16/4/2026 05:19:32"
"com.ythl.whgfsm","帽子先森奇遇记",,,"241","0","ADX","16/4/2026 05:19:38"
"com.ythl.whgfsm","我在老城区跑酷",,,"32","0","ADX","16/4/2026 05:19:43"
"com.ythl.whgfsm","熊猫探险计划",,,"242","0","ADX","16/4/2026 05:19:32"
"com.ythl.whgfsm","狂飙大卡车",,,"238","0","ADX","16/4/2026 05:19:38"
"com.ythl.whgfsm","看我奇思妙想",,,"231","0","ADX","16/4/2026 05:19:28"
"com.yuabnbn.rxcz","迎春欢乐版",,,"20","0","ADX","16/4/2026 05:19:53"
"com.yuanyuan.zhiyuanwallpaper","纸鸢壁纸",,,"2","0","ADX","16/4/2026 05:19:28"
"com.yue.guanyu","悦观域",,,"20","0","ADX","16/4/2026 05:18:32"
"com.yuejia.likebookkeeping","爱记账",,,"604","0","ADX","16/4/2026 05:18:52"
"com.yuexiangs.app","com.yuexiangs.app",,,"2","0","ADX","16/4/2026 05:19:43"
"com.yuexiangs.app","月香",,,"1","0","ADX","16/4/2026 05:19:11"
"com.yunjv.jhbz.q0d7ed401e02f47e2867bc7aabce1ec7e","com.yunjv.jhbz.q0d7ed401e02f47e2867bc7aabce1ec7e",,,"1","0","ADX","16/4/2026 05:19:56"
"com.yunmai.scale","IOS",,,"2","0","ADX","16/4/2026 05:18:52"
"com.yunmai.scale","安卓",,,"3","0","ADX","16/4/2026 05:18:52"
"com.yunxiao.hfs4p","sdk安卓",,,"1","0","ADX","16/4/2026 05:18:52"
"com.yunxiao.hfs4p","好分数家长版-安卓",,,"5818","0","ADX","16/4/2026 05:18:49"
"com.yunxiao.hfsparent","sdk iOS",,,"1","0","ADX","16/4/2026 05:19:56"
"com.yunxiaobao.tms.driver","",,,"1","0","ADX","16/4/2026 05:18:48"
"com.yunyi.smartcamera","SDK聚合-iOS","视频监控",,"8810","0","ADX","16/4/2026 05:18:46"
"com.yunyi.smartcamera","com.yunyi.smartcamera.StubWrapperProxyApplication","视频监控",,"2","0","ADX","16/4/2026 05:18:46"
"com.yxsmzz.www","月悦睡眠",,,"17","0","ADX","16/4/2026 05:18:46"
"com.yxy91.creativecat","创作猫",,,"1","0","ADX","16/4/2026 05:18:44"
"com.yywl.lxbz","灵犀壁纸",,,"1","0","ADX","16/4/2026 05:19:47"
"com.yyyx.mymanager","美颜管家",,,"6","0","ADX","16/4/2026 05:19:43"
"com.yzn.doctor_hepler","领医未来",,,"9","0","ADX","16/4/2026 05:19:19"
"com.zaizhang.fanqie","番茄口袋",,,"8","0","ADX","16/4/2026 05:19:19"
"com.zbx.ct.tvzhibohd","手机电视高清直播",,,"137","0","ADX","16/4/2026 05:18:49"
"com.zclmsh.baoma.xch","云创甄选",,,"6","0","ADX","16/4/2026 05:19:28"
"com.zcmpbh.sdewedbrdi","com.zcmpbh.sdewedbrdi",,,"2","0","ADX","16/4/2026 05:18:48"
"com.zdb.xcc","",,,"5","0","ADX","16/4/2026 05:18:49"
"com.zdb.xcc","com.zdb.xcc",,,"3","0","ADX","16/4/2026 05:19:49"
"com.zdgd.yufglk","小金牛短剧",,,"51","0","ADX","16/4/2026 05:18:46"
"com.zdgd.yufglk","小金牛短剧-25.7.23",,,"603","0","ADX","16/4/2026 05:18:46"
"com.zdgd.yufglk","小金牛贺岁版",,,"7434","0","ADX","16/4/2026 05:18:46"
"com.zdtc.eu.school","SDK聚合-iOS",,,"1451","0","ADX","16/4/2026 05:18:46"
"com.zdtx.bcxmm.xyx.huawei","舜语小说",,,"1","0","ADX","16/4/2026 05:19:25"
"com.zero7.hotpot","com.zero7.hotpot",,,"3","0","ADX","16/4/2026 05:18:42"
"com.zerokey","安卓",,,"1","0","ADX","16/4/2026 05:18:52"
"com.zgy.hymf.mi","com.zgy.hymf.mi",,,"2","0","ADX","16/4/2026 05:19:56"
"com.zhangdan.ap","com.zhangdan.ap",,,"3","0","ADX","16/4/2026 05:19:53"
"com.zhangyue.zyireader.ireaderdejian","","阅读工具",,"2","0","ADX","16/4/2026 05:18:46"
"com.zhaoge","com.zhaoge",,,"1","0","ADX","16/4/2026 05:19:47"
"com.zhaoxilu.home","朝夕录-小米",,,"1","0","ADX","16/4/2026 05:19:56"
"com.zhcw.zcw","中彩网ios",,,"3","0","ADX","16/4/2026 05:18:52"
"com.zhengfeng.driverschool","SDK聚合-iOS","学习教育",,"1479","0","ADX","16/4/2026 05:18:46"
"com.zhengfeng.driverschool","小乔初驾-andriod","学习教育",,"1","0","ADX","16/4/2026 05:18:52"
"com.zhengfeng.driverschool","小乔初驾-ios","学习教育",,"1365","0","ADX","16/4/2026 05:18:49"
"com.zhengque.timeshop","com.zhengque.timeshop",,,"1","0","ADX","16/4/2026 05:19:16"
"com.zhi.yongchao","智涌潮",,,"19","0","ADX","16/4/2026 05:18:46"
"com.zhidu.zl","",,,"2","0","ADX","16/4/2026 05:18:46"
"com.zhidu.zl","com.zhidu.zl",,,"6","0","ADX","16/4/2026 05:19:53"
"com.zhikewangluo.fix","红枫影评",,,"1","0","ADX","16/4/2026 05:18:44"
"com.zhongkexinsheng.xiyouyingyu","com.zhongkexinsheng.xiyouyingyu",,,"19","0","ADX","16/4/2026 05:19:43"
"com.zhumeng.filllight","com.zhumeng.fillLight",,,"350","0","ADX","16/4/2026 05:19:38"
"com.zhuzher","住这儿",,,"5","0","ADX","16/4/2026 05:19:53"
"com.zhuziluyin.app","录音转文字助手",,,"1","0","ADX","16/4/2026 05:19:47"
"com.zhxc.task","智慧星城",,,"1","0","ADX","16/4/2026 05:18:41"
"com.zitian.chat","com.zitian.chat",,,"3","0","ADX","16/4/2026 05:19:56"
"com.zitian.chat","领微-安卓",,,"50","0","ADX","16/4/2026 05:19:19"
"com.zjyh.home","甄聚优惠-小米",,,"323","0","ADX","16/4/2026 05:18:56"
"com.zk.ykt","SDK聚合-iOS",,,"34897","0","ADX","16/4/2026 05:18:46"
"com.zkyffm.dyfsveotje","com.zkyffm.dyfsveotje",,,"1","0","ADX","16/4/2026 05:18:41"
"com.zongyi.ndoudizhu","斗地主经典版",,,"192","0","ADX","16/4/2026 05:18:49"
"com.zswx.app.ft07kq","42-掌上多多7",,,"20","0","ADX","16/4/2026 05:18:49"
"com.zswx.app.ft07kq","老表剧场",,,"42","0","ADX","16/4/2026 05:18:46"
"com.zswx.app.ftsub5","",,,"2","0","ADX","16/4/2026 05:18:46"
"com.zswx.app.ftsub5","七彩宝箱璀璨版",,,"3753","0","ADX","16/4/2026 05:18:49"
"com.zswx.app.zsdd","七彩宝箱",,,"2064","0","ADX","16/4/2026 05:18:49"
"com.zto.life","com.zto.life",,,"2","0","ADX","16/4/2026 05:18:32"
"com.zucaijia.mainapp","安卓",,,"1","0","ADX","16/4/2026 05:18:52"
"com.zwhdsjgjx.app.hxzw","掌玩互动手机工具盒",,,"128","0","ADX","16/4/2026 05:18:46"
"com.zwlhl.zwhd","掌玩乐和乐",,,"773","0","ADX","16/4/2026 05:18:46"
"com.zy.app.yanka","循环烟生",,,"4","0","ADX","16/4/2026 05:18:46"
"com.zykj.zhengyundong","峥运动",,,"1","0","ADX","16/4/2026 05:18:32"
"com.zyyx.yixingetc","易行车服",,,"1","0","ADX","16/4/2026 05:19:36"
"com.zzch.comic","com.zzch.comic",,,"1817","0","ADX","16/4/2026 05:19:49"
"com.zzhy.tms.driver","com.zzhy.tms.driver","其他",,"114","0","ADX","16/4/2026 05:19:43"
"com.zzj.dazhi","com.zzj.DaZhi",,,"5","0","ADX","16/4/2026 05:19:19"
"con.zhuwangjihua","蛛网",,,"1","0","ADX","16/4/2026 05:19:36"
"css1","cSS1",,,"10","0","ADX","16/4/2026 05:19:38"
"dptest.x","dPtest.x",,,"7","0","ADX","16/4/2026 05:18:36"
"du.app.uiapp","大古漫画",,,"32","0","ADX","16/4/2026 05:19:53"
"feelingdiary.hirofumiyamamoto","feelingDiary.HirofumiYamamoto",,,"1","0","ADX","16/4/2026 05:19:25"
"fithub.ios","FitHub",,,"3","0","ADX","16/4/2026 05:19:53"
"fuyi.tingke.jy","",,,"1","0","ADX","16/4/2026 05:18:44"
"fuyi.tingke.jy","fuyi.tingke.jy",,,"4","0","ADX","16/4/2026 05:18:42"
"game.lbtb.org.cn","天天消除",,,"37","0","ADX","16/4/2026 05:19:53"
"gc.read.yjcs","邺架藏书",,,"99","0","ADX","16/4/2026 05:19:49"
"gsn.lsnyn.wei","gsn.lsnyn.wei",,,"1","0","ADX","16/4/2026 05:18:41"
"han.rzyiue.cm","han.rzyiue.cm",,,"1","0","ADX","16/4/2026 05:18:48"
"http://1775414611.62c9c738-b13c-4cbc-80d3-89df89aa8999.package_name.body.normal.ssrfonline0.ssrfonline.passive-scan-cn.async.cn.oast-cn.byted-dast.com/","http://1775414611.62c9c738-b13c-4cbc-80d3-89df89aa8999.package_name.body.normal.ssrfonline0.ssrfonline.passive-scan-cn.async.cn.oast-cn.byted-dast.com/",,,"1","0","ADX","16/4/2026 05:19:16"
"im.weshine.keyboard","",,,"24","0","ADX","16/4/2026 05:18:49"
"im.weshine.keyboard","安卓",,,"16","0","ADX","16/4/2026 05:18:52"
"info.junray.pdf","info.junray.pdf",,,"6859","0","ADX","16/4/2026 05:18:49"
"io.mingcescan.assist","明策扫描助手",,,"20","0","ADX","16/4/2026 05:19:43"
"io.smoothquick.dailyassist","畅捷日常助手",,,"1","0","ADX","16/4/2026 05:19:25"
"io.swiftscan.scanassist","疾行扫描助手",,,"1","0","ADX","16/4/2026 05:19:30"
"kevinpp.apps.photoblender","kevinpp.apps.photoblender",,,"844","0","ADX","16/4/2026 05:18:49"
"kkidphoto.com.yang","KKIDPhoto.com.yang",,,"1","0","ADX","16/4/2026 05:19:03"
"kkidphoto.com.yang","五福欢乐版",,,"5","0","ADX","16/4/2026 05:18:46"
"kkidphoto.com.yang","更美证件照",,,"2","0","ADX","16/4/2026 05:19:38"
"kufei.myfilemanage.kfpullze","kufei.MyFileManage.KFPullze",,,"34367","0","ADX","16/4/2026 05:19:49"
"kufei.myfilemanage.kfpullze","酷飞拼图",,,"1","0","ADX","16/4/2026 05:18:41"
"list.calendar","list.calendar",,,"15","0","ADX","16/4/2026 05:18:56"
"list.calendar","指尖时光",,,"260","0","ADX","16/4/2026 05:18:56"
"liuhong.push.xinyu","liuhong.push.xinyu",,,"55","0","ADX","16/4/2026 05:18:32"
"lolaage.2bulu.zhushou","",,,"358","0","ADX","16/4/2026 05:18:49"
"lolaage.2bulu.zhushou","两步路",,,"1","0","ADX","16/4/2026 05:18:52"
"lolaage.2bulu.zhushou","启明",,,"63","0","ADX","16/4/2026 05:18:49"
"me.clarityapp","me.clarityapp",,,"3058","0","ADX","16/4/2026 05:18:46"
"me.mengyou.mengyou","me.mengyou.mengyou",,,"1","0","ADX","16/4/2026 05:19:25"
"moc.nauxuoyoaixoaix.www","晓晓优选-外卖霸王餐返利红包","居家生活",,"9","0","ADX","16/4/2026 05:19:53"
"moc.nauxuoyoaixoaix.www","晓晓优选_iOS","居家生活",,"6","0","ADX","16/4/2026 05:19:49"
"moc.nauxuoyoaixoaix.www","晓晓优选iOS正式","居家生活",,"16922","0","ADX","16/4/2026 05:18:49"
"moc.nauxuoyoaixoaix.www","晓晓优选安卓正式","居家生活",,"36","0","ADX","16/4/2026 05:18:49"
"moc.nauxuoyoaixoaix.wwwa","美团优选",,,"1","0","ADX","16/4/2026 05:19:56"
"net.ajcloud.wansviewcn","SDK聚合-iOS",,,"162","0","ADX","16/4/2026 05:18:46"
"net.goome.caronlinelite","net.goome.CarOnlineLite",,,"153","0","ADX","16/4/2026 05:19:38"
"net.gtc.huweishiguang","net.gtc.huweishiguang",,,"1","0","ADX","16/4/2026 05:18:41"
"net.qihoo.360childsafe","360儿童卫士-IOS","安全/亲子",,"6","0","ADX","16/4/2026 05:18:46"
"net.qihoo.360childsafe","IOS","安全/亲子",,"1","0","ADX","16/4/2026 05:18:52"
"net.qihoo.360smartcamera","360智能摄像机-IOS","监控/智能硬件",,"5","0","ADX","16/4/2026 05:18:52"
"net.qihoo.36smartcamera","net.qihoo.36smartcamera",,,"1","0","ADX","16/4/2026 05:19:47"
"nuoye.benlong.ysyyds","饭余剧场",,,"1","0","ADX","16/4/2026 05:19:30"
"org.deepstream.toolset","org.deepstream.toolset","开发/流媒体",,"1","0","ADX","16/4/2026 05:19:56"
"org.deepstream.toolset","麦客短剧","开发/流媒体",,"4","0","ADX","16/4/2026 05:19:49"
"org.deepstream.toolset","麦客短剧畅玩版","开发/流媒体",,"57","0","ADX","16/4/2026 05:18:46"
"org.fzquwan.bountywinner","赏金大赢家",,,"2","0","ADX","16/4/2026 05:19:49"
"org.speedriceclean.pass","速米清理通",,,"1","0","ADX","16/4/2026 05:19:20"
"package.jsq.jgbz","极光壁纸",,,"14","0","ADX","16/4/2026 05:19:36"
"plus.h563ef94c","赶芒",,,"64","0","ADX","16/4/2026 05:19:53"
"qswd.zwyt2024","qswd.zwyt2024",,,"1","0","ADX","16/4/2026 05:19:56"
"rili.guoxueju.com","rili.guoxueju.com",,,"1","0","ADX","16/4/2026 05:18:59"
"rili.guoxueju.com","songzi",,,"29","0","ADX","16/4/2026 05:18:46"
"skin.kapicall.mobileshow","skin.kapicall.mobileshow",,,"1","0","ADX","16/4/2026 05:18:48"
"superfreeze.tool.android","阅读1",,,"5","0","ADX","16/4/2026 05:18:52"
"tape.love","tape.love",,,"1","0","ADX","16/4/2026 05:19:30"
"test.cybercafe","cybercafe",,,"4","0","ADX","16/4/2026 05:19:49"
"tongdengquan-163.com","成绩一百",,,"5","0","ADX","16/4/2026 05:19:19"
"top.btxy.szhqgs","北天星云",,,"7663","0","ADX","16/4/2026 05:18:46"
"top.btxy.szhqwh","北天星月",,,"19854","0","ADX","16/4/2026 05:18:46"
"top.hwque.hngdjk","红尾雀",,,"3657","0","ADX","16/4/2026 05:18:46"
"top.szmg.gmzs","四字迷宫",,,"1","0","ADX","16/4/2026 05:18:44"
"top.szmg.gmzs","满星星",,,"94","0","ADX","16/4/2026 05:18:46"
"top.yunxiaolinghang.cjf","创金坊",,,"3","0","ADX","16/4/2026 05:18:42"
"top.yunxiaolinghang.cjf","大唐玩家",,,"501","0","ADX","16/4/2026 05:18:46"
"top.yunxiaolinghang.qdd","大唐玩家",,,"160","0","ADX","16/4/2026 05:18:46"
"top.yunxiaolinghang.qdd","抢豆豆",,,"1","0","ADX","16/4/2026 05:18:41"
"top.yunxiaolinghang.sgbh","大唐玩家",,,"211","0","ADX","16/4/2026 05:18:46"
"top.yunxiaolinghang.sgbh","闪购宝盒",,,"1","0","ADX","16/4/2026 05:18:41"
"top.zwx.zwhd","智玩·夏",,,"484","0","ADX","16/4/2026 05:18:46"
"uni.app.uni230ffde","畅享壹佰",,,"10","0","ADX","16/4/2026 05:19:43"
"uni.app.uni3791014","楚盒",,,"1","0","ADX","16/4/2026 05:19:36"
"uni.app.uni54ef3b0","搜古籍",,,"1","0","ADX","16/4/2026 05:18:48"
"uni.app.uni5568eb6","医客助手",,,"4","0","ADX","16/4/2026 05:18:46"
"uni.app.uni631501a1","妙连智控",,,"2","0","ADX","16/4/2026 05:18:41"
"uni.app.uni654d2b0","和光智算",,,"12","0","ADX","16/4/2026 05:18:46"
"uni.app.uni940c1b0","我爱答题",,,"11","0","ADX","16/4/2026 05:18:46"
"uni.app.uniade036f","马豆翻译官",,,"44","0","ADX","16/4/2026 05:19:53"
"uni.app.unib0fcf41","畅易惠购",,,"1","0","ADX","16/4/2026 05:18:48"
"uni.app.unie49eb40","悦读Reading",,,"1","0","ADX","16/4/2026 05:18:35"
"uni.app.unif032440","独角兽盒子",,,"1","0","ADX","16/4/2026 05:18:48"
"uni.app.unif032440","独角兽软件库",,,"16","0","ADX","16/4/2026 05:19:14"
"uni.app.unif7a2991","久久兼职",,,"129","0","ADX","16/4/2026 05:19:43"
"uni.app.yjcg","有奖猜歌",,,"1","0","ADX","16/4/2026 05:18:44"
"uni.uni1a05e2f","宝利音乐",,,"2","0","ADX","16/4/2026 05:18:40"
"uni.uni31557ac","","聊天社交",,"5","0","ADX","16/4/2026 05:18:42"
"uni.uni31557ac","uni.UNI31557AC","聊天社交",,"3","0","ADX","16/4/2026 05:18:40"
"uni.uni31557ac","纸条星球","聊天社交",,"538","0","ADX","16/4/2026 05:19:14"
"uni.uni37f7330","音盘",,,"1","0","ADX","16/4/2026 05:19:16"
"uni.uni4be0ec6","天域漫画",,,"1","0","ADX","16/4/2026 05:19:03"
"uni.uni63ccff9","闪存自撸",,,"2","0","ADX","16/4/2026 05:18:42"
"uni.uni6cfd94c","原命万年历",,,"1","0","ADX","16/4/2026 05:18:41"
"uni.uni89d850f","创新社区",,,"1","0","ADX","16/4/2026 05:18:44"
"uni.uni8e704ba","车音盘",,,"1","0","ADX","16/4/2026 05:19:47"
"uni.uni9d763a3","海豚",,,"1","0","ADX","16/4/2026 05:18:48"
"uni.uniaafa956","农族工坊",,,"1","0","ADX","16/4/2026 05:18:44"
"uni.uniaf7577d","星光富民","农产品商城",,"1","0","ADX","16/4/2026 05:18:41"
"uni.unib1a0d78.ozjvwc233.rcfty23.bxq282.awxebxu785.buhlr00","ehviewer",,,"2","0","ADX","16/4/2026 05:18:46"
"uni.unib1a0d78.qlmcd3510.zrytr373.zke4532.tojlzsu2056.dhfez20284","香香腐宅",,,"1","0","ADX","16/4/2026 05:18:44"
"uni.unib1a0d78.sozkadv28.wmxfel08.jlr4010.bcevrt32.lvj103","漫天玉",,,"1","0","ADX","16/4/2026 05:18:48"
"uni.unib1a0d78.zrrzwcj5773.szv22.xnur6067.czzawbz3133.xdkrncn65","Manwa2",,,"1","0","ADX","16/4/2026 05:18:41"
"uni.unid196ba0","优盘载歌",,,"4","0","ADX","16/4/2026 05:18:46"
"uni.unid40a3cb","宅猫吉享",,,"1","0","ADX","16/4/2026 05:18:41"
"uni.unidbd4b6d","游赚盒子",,,"1","0","ADX","16/4/2026 05:18:48"
"uni.unif486146","音悦",,,"1","0","ADX","16/4/2026 05:18:48"
"vd9p7tsw8z.com.yyth.slideshort","韩剧TV",,,"13","0","ADX","16/4/2026 05:18:48"
"vip.gydj.app","",,,"1","0","ADX","16/4/2026 05:18:48"
"vip.gydj.app","vip.gydj.app",,,"2","0","ADX","16/4/2026 05:18:46"
"virtualgl.kidspaint","孩子画画",,,"19","0","ADX","16/4/2026 05:18:49"
"w2a.wap.app.mandao","漫岛",,,"28","0","ADX","16/4/2026 05:19:53"
"waves.appaz.qzbl","求职伴侣",,,"12","0","ADX","16/4/2026 05:19:14"
"xuhui.book","XuHuiBook",,,"3","0","ADX","16/4/2026 05:18:46"
"xxy.yk","小心愿",,,"1","0","ADX","16/4/2026 05:18:32"
"xyz.gxjyb.app","共享交易宝-安卓",,,"1","0","ADX","16/4/2026 05:18:44"
"xyz.syzcld.sinkar","Sinkar",,,"2","0","ADX","16/4/2026 05:18:42"
"xyz.syzcld.toktok","KiskaSin",,,"133","0","ADX","16/4/2026 05:18:46"
"yhb.ujnolp.yh","yhb.ujnolp.yh",,,"1","0","ADX","16/4/2026 05:18:44"
"yiqizheng.obe.app","秒赚",,,"1","0","ADX","16/4/2026 05:18:41"
"youdao.trans","youdao.trans",,,"14","0","ADX","16/4/2026 05:19:43"
"yuchuchuyu.xianshiyc","yuchuchuyu.xianshiyc",,,"3","0","ADX","16/4/2026 05:19:56"
"yyvoice","微光","社交/语音",,"30","0","ADX","16/4/2026 05:18:49"
"zch.jhi.app","中产集汇",,,"15","0","ADX","16/4/2026 05:19:53"
"zh.shop.ly","立联",,,"788","0","ADX","16/4/2026 05:18:46"
"-","-",,,"50","0","ADX","16/4/2026 05:19:58"
"-","OPPO快应用聚合",,,"51","0","ADX","16/4/2026 05:19:58"
"2com.baidu.map","2百度地图",,,"2","0","ADX","16/4/2026 05:19:58"
"ai.ling.luka.app","LUKA阅读",,,"46","0","ADX","16/4/2026 05:19:58"
"aiying.jixiang.cn","艾影集项",,,"1048","0","ADX","16/4/2026 05:19:58"
"app.cqooc.com","app.cqooc.com",,,"3","0","ADX","16/4/2026 05:19:58"
"app.cqooc.com","高教在线",,,"1467","0","ADX","16/4/2026 05:19:58"
"app.tianyi.medicine","小燕视频","医疗健康",,"166","0","ADX","16/4/2026 05:19:58"
"bc.jb2jc.go","bc.jb2jc.go",,,"26","0","ADX","16/4/2026 05:19:58"
"bc.jb2jc.go","捷成体育iOS",,,"3","0","ADX","16/4/2026 05:19:58"
"buybal.nxeg.cn","buybal.NXEG.cn",,,"180","0","ADX","16/4/2026 05:19:58"
"buybal.nxeg.cn","农信e购",,,"261","0","ADX","16/4/2026 05:19:58"
"cc.rideal.messageboard","cc.rideal.messageboard","政务资讯",,"4","0","ADX","16/4/2026 05:19:58"
"client.android.yixiaotong","乐校通",,,"12181","0","ADX","16/4/2026 05:19:58"
"cn.bertsir.floattime","浮动时间","其他",,"238","0","ADX","16/4/2026 05:19:58"
"cn.bevol.bevolapp","cn.bevol.bevolApp","社交",,"8068","0","ADX","16/4/2026 05:19:58"
"cn.bevol.bevolapp","美丽修行","社交",,"7290","0","ADX","16/4/2026 05:19:58"
"cn.ccspeed","cn.ccspeed",,,"217","0","ADX","16/4/2026 05:19:58"
"cn.com.higgs.tilemaster3d.two","cn.com.higgs.tilemaster3d.two","游戏-休闲益智",,"25","0","ADX","16/4/2026 05:19:58"
"cn.com.livelab","cn.com.livelab",,,"616","0","ADX","16/4/2026 05:19:58"
"cn.com.themewallpaper","DayFragment",,,"105","0","ADX","16/4/2026 05:19:58"
"cn.com.themewallpaper","Logic Hero",,,"133","0","ADX","16/4/2026 05:19:58"
"cn.com.themewallpaper","Parkeed",,,"74","0","ADX","16/4/2026 05:19:58"
"cn.com.themewallpaper","ZueverCar",,,"8","0","ADX","16/4/2026 05:19:58"
"cn.com.themewallpaper","cn.com.themewallpaper",,,"654","0","ADX","16/4/2026 05:19:58"
"cn.com.themewallpaper","壁纸大全",,,"1011","0","ADX","16/4/2026 05:19:58"
"cn.com.wiisoft.lockscreen","cn.com.wiisoft.lockscreen",,,"1134","0","ADX","16/4/2026 05:19:58"
"cn.com.yunma.school.app","Baidu-IDL-FaceSDK","学习教育",,"689","0","ADX","16/4/2026 05:19:58"
"cn.com.yunma.school.app","cn.com.yunma.school.app","学习教育",,"30032","0","ADX","16/4/2026 05:19:58"
"cn.com.yunma.school.app","易校园","学习教育",,"521800","0","ADX","16/4/2026 05:19:58"
"cn.eagri.measurement","cn.eagri.measurement","其他|测距",,"22230","0","ADX","16/4/2026 05:19:58"
"cn.eagri.measurement","测亩易","其他|测距",,"14034","0","ADX","16/4/2026 05:19:58"
"cn.eagri.measurement","测亩易新","其他|测距",,"3219","0","ADX","16/4/2026 05:19:58"
"cn.jagat.main","Jagat Juice","聊天社交",,"1225","0","ADX","16/4/2026 05:19:58"
"cn.jagat.main","Jagat Jus","聊天社交",,"9","0","ADX","16/4/2026 05:19:58"
"cn.jagat.main","Jagat Jus de fruit","聊天社交",,"11","0","ADX","16/4/2026 05:19:58"
"cn.jagat.main","Jagat Suco","聊天社交",,"3","0","ADX","16/4/2026 05:19:58"
"cn.jagat.main","Jagat ジュース","聊天社交",,"57","0","ADX","16/4/2026 05:19:58"
"cn.jagat.main","Jagat 쥬스","聊天社交",,"71","0","ADX","16/4/2026 05:19:58"
"cn.jagat.main","Jagat果汁","聊天社交",,"915861","0","ADX","16/4/2026 05:19:58"
"cn.jagat.main","Jagat果汁儿","聊天社交",,"200714","0","ADX","16/4/2026 05:19:58"
"cn.jagat.main","cn.jagat.main","聊天社交",,"60269","0","ADX","16/4/2026 05:19:58"
"cn.jianyun.timetable","cn.jianyun.timetable",,,"19","0","ADX","16/4/2026 05:19:58"
"cn.jianyun.timetable","极简课程表",,,"1918","0","ADX","16/4/2026 05:19:58"
"cn.jxhb123.jxsq123","cn.jxhb123.jxsq123","时尚购物",,"4","0","ADX","16/4/2026 05:19:58"
"cn.jxhb123.jxsq123","惊喜红包","时尚购物",,"763","0","ADX","16/4/2026 05:19:58"
"cn.lrapps.xuancall","cn.lrapps.xuancall",,,"233","0","ADX","16/4/2026 05:19:58"
"cn.lzm.koreatv","cn.lzm.koreatv",,,"3","0","ADX","16/4/2026 05:19:58"
"cn.monitor","cn.monitor","实用工具",,"9","0","ADX","16/4/2026 05:19:58"
"cn.monitor","手机查车","实用工具",,"1332","0","ADX","16/4/2026 05:19:58"
"cn.mtsdd","边粉",,,"76","0","ADX","16/4/2026 05:19:58"
"cn.mucang.ios.jiakaobaodianhuoc","cn.mucang.ios.jiakaobaodianhuoc",,,"13673","0","ADX","16/4/2026 05:19:58"
"cn.nblinks.pile","cn.nblinks.pile",,,"96","0","ADX","16/4/2026 05:19:58"
"cn.nblinks.pile","即刻满电",,,"3365","0","ADX","16/4/2026 05:19:58"
"cn.ninebot.segway","cn.ninebot.segway",,,"407","0","ADX","16/4/2026 05:19:58"
"cn.nova.phone","出行365",,,"6","0","ADX","16/4/2026 05:19:58"
"cn.passiontec.dxs","cn.passiontec.dxs",,,"8","0","ADX","16/4/2026 05:19:58"
"cn.passiontec.dxs","店小算",,,"1084","0","ADX","16/4/2026 05:19:58"
"cn.rosyprospect.bestwishes","cn.rosyprospect.bestwishes",,,"12096","0","ADX","16/4/2026 05:19:58"
"cn.rosyprospect.bestwishes","密语漂流瓶",,,"14532","0","ADX","16/4/2026 05:19:58"
"cn.snsports.banma","斑马邦",,,"57","0","ADX","16/4/2026 05:19:58"
"cn.sperson.aism","AISM",,,"10","0","ADX","16/4/2026 05:19:58"
"cn.tushuo.weather.sy","cn.tushuo.weather.sy",,,"65","0","ADX","16/4/2026 05:19:58"
"cn.tushuo.weather.sy","舒云天气",,,"2273","0","ADX","16/4/2026 05:19:58"
"cn.www.jiguang","蓝天视频",,,"105","0","ADX","16/4/2026 05:19:58"
"cn.xiaobu.pipiplay","cn.xiaobu.pipiPlay","儿童/游戏",,"4795","0","ADX","16/4/2026 05:19:58"
"cn.xiaobu.pipiplay","皮皮搞笑","儿童/游戏",,"535179","0","ADX","16/4/2026 05:19:58"
"cn.xiaobu.pipiplay","皮皮搞笑_ios","儿童/游戏",,"58900","0","ADX","16/4/2026 05:19:58"
"cn.xieyingeng.tiaozhan","谐音梗闯关大挑战",,,"104","0","ADX","16/4/2026 05:19:58"
"cn.youth.news","cn.youth.news",,,"8460","0","ADX","16/4/2026 05:19:58"
"cn.youth.news","中青看点",,,"49742","0","ADX","16/4/2026 05:19:58"
"cn.zaker.iphone","cn.zaker.iphone",,,"17448","0","ADX","16/4/2026 05:19:58"
"cn.zntz.ztnz","cn.zntz.ztnz",,,"402","0","ADX","16/4/2026 05:19:58"
"co.runner.app","Joyrun",,,"86","0","ADX","16/4/2026 05:19:58"
"co.runner.app","co.runner.app",,,"14","0","ADX","16/4/2026 05:19:58"
"co.runner.app","悅跑圈",,,"78","0","ADX","16/4/2026 05:19:58"
"co.runner.app","悦跑圈",,,"44192","0","ADX","16/4/2026 05:19:58"
"cofoolstock.com","CofoolStock.com",,,"137","0","ADX","16/4/2026 05:19:58"
"cofoolstock.com","叩富简投",,,"222","0","ADX","16/4/2026 05:19:58"
"com.19lou.nineteenlou","19楼",,,"180","0","ADX","16/4/2026 05:19:58"
"com.360eyes","360Eyes",,,"10984","0","ADX","16/4/2026 05:19:58"
"com.360eyes","360eyes",,,"361","0","ADX","16/4/2026 05:19:58"
"com.360eyes","com.360eyes",,,"4288","0","ADX","16/4/2026 05:19:58"
"com.4gpro.camera","4G云眼",,,"14","0","ADX","16/4/2026 05:19:58"
"com.4gpro.camera","com.4GPro.camera",,,"96","0","ADX","16/4/2026 05:19:58"
"com.51sar.chongdianzhuang","com.51sar.chongdianzhuang",,,"7853","0","ADX","16/4/2026 05:19:58"
"com.51sar.chongdianzhuang","云快充",,,"1244","0","ADX","16/4/2026 05:19:58"
"com.a91jf.app.jf","91家纺网",,,"5466","0","ADX","16/4/2026 05:19:58"
"com.a9second.weilaixi.wlx","蔚来校园",,,"1055","0","ADX","16/4/2026 05:19:58"
"com.aicai.yingqiu","com.aicai.yingqiu",,,"93","0","ADX","16/4/2026 05:19:58"
"com.aicai.yingqiu","天天盈球",,,"3998","0","ADX","16/4/2026 05:19:58"
"com.aixiezhen.xiangji","com.aixiezhen.xiangji",,,"315","0","ADX","16/4/2026 05:19:58"
"com.aiyouaiyou.achai","com.aiyouaiyou.achai",,,"6152","0","ADX","16/4/2026 05:19:58"
"com.ajie.xiaoxionghuahua","画板",,,"104","0","ADX","16/4/2026 05:19:58"
"com.akspeed.jiasuqi.gameboost","AK-加速器","实用工具",,"186","0","ADX","16/4/2026 05:19:58"
"com.alcidae.smarthome","Alcidae","实用工具",,"36","0","ADX","16/4/2026 05:19:58"
"com.alcidae.smarthome","com.alcidae.smarthome","实用工具",,"2858","0","ADX","16/4/2026 05:19:58"
"com.alcidae.smarthome","海雀","实用工具",,"185612","0","ADX","16/4/2026 05:19:58"
"com.allthings.lens","com.allthings.lens",,,"170","0","ADX","16/4/2026 05:19:58"
"com.ancda.parents","Palm Baby","实用工具",,"22","0","ADX","16/4/2026 05:19:58"
"com.ancda.parents","com.ancda.parents","实用工具",,"172","0","ADX","16/4/2026 05:19:58"
"com.ancda.parents","掌心宝贝","实用工具",,"73232","0","ADX","16/4/2026 05:19:58"
"com.android.huanyanxiuxiu","幻颜秀秀","摄影美化",,"176","0","ADX","16/4/2026 05:19:58"
"com.android.imx","微小聊",,,"423","0","ADX","16/4/2026 05:19:58"
"com.android.tiku.union","快题库",,,"249","0","ADX","16/4/2026 05:19:58"
"com.android.xiaoniuspeed","小牛加速器",,,"27737","0","ADX","16/4/2026 05:19:58"
"com.android.ysyf","越刷越富",,,"397","0","ADX","16/4/2026 05:19:58"
"com.anjvision.aicamera","AC18Plus","实用工具",,"47223","0","ADX","16/4/2026 05:19:58"
"com.anjvision.aicamera","com.anjvision.aicamera","实用工具",,"10799","0","ADX","16/4/2026 05:19:58"
"com.ansjer.zccloud_ab","com.ansjer.zccloud_ab",,,"5","0","ADX","16/4/2026 05:19:58"
"com.ants360.yicamera","YI Home China","居家生活",,"118","0","ADX","16/4/2026 05:19:58"
"com.ants360.yicamera","com.ants360.yicamera","居家生活",,"305","0","ADX","16/4/2026 05:19:58"
"com.ants360.yicamera","小蚁摄像机","居家生活",,"149913","0","ADX","16/4/2026 05:19:58"
"com.antutu.abenchmark","com.antutu.ABenchMark","实用工具",,"308","0","ADX","16/4/2026 05:19:58"
"com.antutu.abenchmark","安兔兔评测","实用工具",,"106284","0","ADX","16/4/2026 05:19:58"
"com.antutu.aibenchmark","安兔兔AI评测","实用工具",,"30","0","ADX","16/4/2026 05:19:58"
"com.antutu.benchmark","com.antutu.benchmark",,,"242","0","ADX","16/4/2026 05:19:58"
"com.antutu.benchmark","安兔兔评测",,,"1389","0","ADX","16/4/2026 05:19:58"
"com.app.cy.gsfit","Gs Fit",,,"1477","0","ADX","16/4/2026 05:19:58"
"com.app.hangban.cha","航班查询实时",,,"6","0","ADX","16/4/2026 05:19:58"
"com.app.hx-recipe","com.app.HX-Recipe",,,"762","0","ADX","16/4/2026 05:19:58"
"com.app.shanghai.metro","Metro大都会",,,"113","0","ADX","16/4/2026 05:19:58"
"com.app360eyes","360Eyes",,,"22508","0","ADX","16/4/2026 05:19:58"
"com.app360eyes","360eyes",,,"3888","0","ADX","16/4/2026 05:19:58"
"com.app360eyes","com.app360eyes",,,"87","0","ADX","16/4/2026 05:19:58"
"com.appwalli.movingphoto","Pixaloop",,,"291","0","ADX","16/4/2026 05:19:58"
"com.appwalli.movingphoto","com.appwalli.movingphoto",,,"3061","0","ADX","16/4/2026 05:19:58"
"com.article.normal","CF",,,"1984","0","ADX","16/4/2026 05:19:58"
"com.article.normal","com.article.normal",,,"10","0","ADX","16/4/2026 05:19:58"
"com.avgorange.mailiang","橙光阅读器",,,"1631","0","ADX","16/4/2026 05:19:58"
"com.aytdbajoi.kkiub","com.aytdbajoi.kkiub",,,"7","0","ADX","16/4/2026 05:19:58"
"com.azsq.rtdo","com.azsq.rtdo",,,"17","0","ADX","16/4/2026 05:19:58"
"com.azsq.rtdo","云游",,,"31","0","ADX","16/4/2026 05:19:58"
"com.babycloud.hanju","com.babycloud.hanju","影音视听",,"2647","0","ADX","16/4/2026 05:19:58"
"com.babycloud.hanju","韩小圈","影音视听",,"486594","0","ADX","16/4/2026 05:19:58"
"com.babycloud.hanju","韩小圈-安卓","影音视听",,"9228","0","ADX","16/4/2026 05:19:58"
"com.babytree.lama","宝宝树小时光",,,"2","0","ADX","16/4/2026 05:19:58"
"com.baibu.jian","百步健",,,"20749","0","ADX","16/4/2026 05:19:58"
"com.baidu.baidumap","com.baidu.BaiduMap",,,"4586","0","ADX","16/4/2026 05:19:58"
"com.baidu.baidumap","百度地图",,,"7023817","0","ADX","16/4/2026 05:19:58"
"com.baidu.baidumap","百度地图-And",,,"158","0","ADX","16/4/2026 05:19:58"
"com.baidu.duer.superapp","com.baidu.duer.superapp","实用工具",,"918","0","ADX","16/4/2026 05:19:58"
"com.baidu.duer.superapp","小度","实用工具",,"695144","0","ADX","16/4/2026 05:19:58"
"com.baidu.duer.superapp","小度Debug","实用工具",,"6","0","ADX","16/4/2026 05:19:58"
"com.baidu.input","com.baidu.input","实用工具",,"69","0","ADX","16/4/2026 05:19:58"
"com.baidu.input","百度输入法","实用工具",,"34799","0","ADX","16/4/2026 05:19:58"
"com.baidu.mapce","百度地图测试",,,"12","0","ADX","16/4/2026 05:19:58"
"com.baidu.netdisk","","效率办公",,"4396","0","ADX","16/4/2026 05:19:58"
"com.baidu.netdisk","com.baidu.netdisk","效率办公",,"532835","0","ADX","16/4/2026 05:19:58"
"com.baidu.netdisk","百度网盘","效率办公",,"31423358","0","ADX","16/4/2026 05:19:58"
"com.baidu.netdisk-ipad","",,,"57349","0","ADX","16/4/2026 05:19:58"
"com.baidu.netdisk-ipad","com.baidu.netdisk-iPad",,,"32593","0","ADX","16/4/2026 05:19:58"
"com.baidu.netdisk-ipad","百度网盘HD",,,"1928481","0","ADX","16/4/2026 05:19:58"
"com.baidu.netdisk.yike-debug","一刻相册-dev",,,"65","0","ADX","16/4/2026 05:19:58"
"com.baidu.youavideo","com.baidu.youavideo","摄影摄像",,"15859","0","ADX","16/4/2026 05:19:58"
"com.baidu.youavideo","一刻相册","摄影摄像",,"1357111","0","ADX","16/4/2026 05:19:58"
"com.baidu.youavideo","一刻相册-SDK-IOS","摄影摄像",,"7","0","ADX","16/4/2026 05:19:58"
"com.banbanjiadao.activity","斑斑驾道",,,"461","0","ADX","16/4/2026 05:19:58"
"com.banjixiaoguanjia.app","com.banjixiaoguanjia.app","教务管理",,"48297","0","ADX","16/4/2026 05:19:58"
"com.banjixiaoguanjia.app","班级小管家","教务管理",,"1270017","0","ADX","16/4/2026 05:19:58"
"com.banjixiaoguanjia.app","班级小管家-iOS","教务管理",,"32408","0","ADX","16/4/2026 05:19:58"
"com.banjixiaoguanjia.app","班级小管家IOS","教务管理",,"6","0","ADX","16/4/2026 05:19:58"
"com.banjixiaoguanjia.app","班级小管家_Android","教务管理",,"105","0","ADX","16/4/2026 05:19:58"
"com.banshenghuo.banshenghuo","com.banshenghuo.banshenghuo",,,"366","0","ADX","16/4/2026 05:19:58"
"com.banshenghuo.banshenghuo","伴生活",,,"71","0","ADX","16/4/2026 05:19:58"
"com.banshenghuo.banshenghuo","伴生活iOS",,,"28","0","ADX","16/4/2026 05:19:58"
"com.barmak.client.fast","BARMAK输入法",,,"374","0","ADX","16/4/2026 05:19:58"
"com.bating.tcsjnc","土豆奇遇记",,,"2902","0","ADX","16/4/2026 05:19:58"
"com.bating.tcsjnc","帽子先森奇遇记",,,"2768","0","ADX","16/4/2026 05:19:58"
"com.bating.tcsjnc","我在老城区跑酷",,,"2194","0","ADX","16/4/2026 05:19:58"
"com.bating.tcsjnc","熊猫探险计划",,,"3143","0","ADX","16/4/2026 05:19:58"
"com.bating.tcsjnc","狂飙大卡车",,,"2801","0","ADX","16/4/2026 05:19:58"
"com.bating.tcsjnc","看我奇思妙想",,,"3026","0","ADX","16/4/2026 05:19:58"
"com.bbucl.snailuu.kky","华贸",,,"17","0","ADX","16/4/2026 05:19:58"
"com.bbucl.snailuu.kky","蜗牛视频",,,"176","0","ADX","16/4/2026 05:19:58"
"com.bctec.lijing","com.bctec.lijing",,,"3286","0","ADX","16/4/2026 05:19:58"
"com.bctec.lijing","莉景天气",,,"1807","0","ADX","16/4/2026 05:19:58"
"com.beeblio.sentence","com.beeblio.sentence",,,"18976","0","ADX","16/4/2026 05:19:58"
"com.beeblio.sentence","扇贝单词英语版",,,"133887","0","ADX","16/4/2026 05:19:58"
"com.benabid.artgenerator","AI绘画,无界AI,画板绘图工具 - AI ART",,,"1051","0","ADX","16/4/2026 05:19:58"
"com.benabid.artgenerator","com.benabid.artgenerator",,,"20","0","ADX","16/4/2026 05:19:58"
"com.bestrie.iaa","com.bestrie.iaa",,,"436","0","ADX","16/4/2026 05:19:58"
"com.bestrie.iaa","百事AA记账",,,"1213","0","ADX","16/4/2026 05:19:58"
"com.biantian.htzx","熊猫探险计划",,,"50","0","ADX","16/4/2026 05:19:58"
"com.biantian.htzx","看我奇思妙想",,,"22","0","ADX","16/4/2026 05:19:58"
"com.biggerlens.automatic_connector","连点器免费","实用工具",,"250","0","ADX","16/4/2026 05:19:58"
"com.bigwinepot.nwdn","你我当年",,,"56","0","ADX","16/4/2026 05:19:58"
"com.bijian.reader_xxxxx","笔墨云烟-安卓","阅读工具",,"95","0","ADX","16/4/2026 05:19:58"
"com.bjcsxq.chat.carfriend","com.bjcsxq.chat.carfriend",,,"7","0","ADX","16/4/2026 05:19:58"
"com.bjcsxq.chat.carfriend","学车不",,,"962","0","ADX","16/4/2026 05:19:58"
"com.bjjycx.gjxiang","煜畅工具盒",,,"20339","0","ADX","16/4/2026 05:19:58"
"com.bjqyb.quanxbk","com.bjqyb.quanxbk",,,"1787","0","ADX","16/4/2026 05:19:58"
"com.bjqyb.quanxbk","全悉百科",,,"53620","0","ADX","16/4/2026 05:19:58"
"com.bjsws.weiyunjp","com.bjsws.weiyunjp",,,"110","0","ADX","16/4/2026 05:19:58"
"com.bjsws.weiyunjp","维韵精品阁",,,"1602","0","ADX","16/4/2026 05:19:58"
"com.bjzjf.jijutool","com.bjzjf.jijutool","系统工具",,"807","0","ADX","16/4/2026 05:19:58"
"com.bjzjf.jijutool","集巨工具典","系统工具",,"173796","0","ADX","16/4/2026 05:19:58"
"com.blackshark.market","com.blackshark.market",,,"106","0","ADX","16/4/2026 05:19:58"
"com.bluedancer.bluedancer","蓝舞者",,,"310","0","ADX","16/4/2026 05:19:58"
"com.bob.aishuiying","com.bob.AIShuiYing",,,"14889","0","ADX","16/4/2026 05:19:58"
"com.bob.aishuiying","微商水印大师",,,"807","0","ADX","16/4/2026 05:19:58"
"com.boyaosheng.fitness","com.boyaosheng.fitness",,,"9","0","ADX","16/4/2026 05:19:58"
"com.boyaosheng.fitness","博耀健身",,,"1692","0","ADX","16/4/2026 05:19:58"
"com.br.rj","RJ","医疗健康",,"14961","0","ADX","16/4/2026 05:19:58"
"com.br.rj","com.br.rj","医疗健康",,"105","0","ADX","16/4/2026 05:19:58"
"com.br.yp","YM","生活服务",,"1154","0","ADX","16/4/2026 05:19:58"
"com.br.yp","com.br.yp","生活服务",,"5","0","ADX","16/4/2026 05:19:58"
"com.brahma.lotus","MXSH",,,"2684","0","ADX","16/4/2026 05:19:58"
"com.brahma.lotus","com.brahma.lotus",,,"232","0","ADX","16/4/2026 05:19:58"
"com.brightcns.dxlc","道行龙城",,,"1936","0","ADX","16/4/2026 05:19:58"
"com.bsit.wftong","com.bsit.wftong",,,"452","0","ADX","16/4/2026 05:19:58"
"com.bsy.hanzhan","","影视追剧/社区",,"317350","0","ADX","16/4/2026 05:19:58"
"com.bsy.hanzhan","com.bsy.hanzhan","影视追剧/社区",,"75163","0","ADX","16/4/2026 05:19:58"
"com.bsy.hanzhan","韩小圈","影视追剧/社区",,"74351","0","ADX","16/4/2026 05:19:58"
"com.bsy.hz","com.bsy.hz","影音视听",,"28","0","ADX","16/4/2026 05:19:58"
"com.bsy.hz","韩站","影音视听",,"14984","0","ADX","16/4/2026 05:19:58"
"com.buojsd.adhb","com.buojsd.adhb",,,"87","0","ADX","16/4/2026 05:19:58"
"com.buojsd.adhb","菜包",,,"2712","0","ADX","16/4/2026 05:19:58"
"com.buoumengchong.treasurehunt","com.buoumengchong.TreasureHunt",,,"142","0","ADX","16/4/2026 05:19:58"
"com.buoumengchong.treasurehunt","锦鲤迎春版",,,"500","0","ADX","16/4/2026 05:19:58"
"com.buyanchuantong.buyanshufa","com.buyanchuantong.buyanshufa",,,"9","0","ADX","16/4/2026 05:19:58"
"com.buyanchuantong.buyanshufa","不厌书法",,,"2595","0","ADX","16/4/2026 05:19:58"
"com.buybal.buybalpay.nxy.nxyg","com.buybal.buybalpay.nxy.nxyg",,,"75629","0","ADX","16/4/2026 05:19:58"
"com.buybal.buybalpay.nxy.nxyg","农信e购",,,"2705","0","ADX","16/4/2026 05:19:58"
"com.bwton.msx.lyb","com.bwton.msx.lyb",,,"270","0","ADX","16/4/2026 05:19:58"
"com.bxiaojie.www","com.bxiaojie.www",,,"36","0","ADX","16/4/2026 05:19:58"
"com.bxiaojie.www","云深客隐",,,"3705","0","ADX","16/4/2026 05:19:58"
"com.bxiaojie.www","冰凝玉骨",,,"85","0","ADX","16/4/2026 05:19:58"
"com.bxiaojie.www","寒川孤棹",,,"191","0","ADX","16/4/2026 05:19:58"
"com.bxiaojie.www","星霜冷刃",,,"6614","0","ADX","16/4/2026 05:19:58"
"com.bxiaojie.www","风敲竹影",,,"991","0","ADX","16/4/2026 05:19:58"
"com.bxjzzz.www","com.bxjzzz.www",,,"21","0","ADX","16/4/2026 05:19:58"
"com.bxjzzz.www","不想记账",,,"71","0","ADX","16/4/2026 05:19:58"
"com.bzxx.call.dev","com.bzxx.call.dev",,,"12","0","ADX","16/4/2026 05:19:58"
"com.caih.gjtcompany.cn","com.caih.gjtcompany.cn",,,"12","0","ADX","16/4/2026 05:19:58"
"com.caih.gjtcompany.cn","桂建通",,,"83","0","ADX","16/4/2026 05:19:58"
"com.caihong.android","com.caihong.android",,,"18","0","ADX","16/4/2026 05:19:58"
"com.caihong.android","彩虹多多极速版",,,"1821","0","ADX","16/4/2026 05:19:58"
"com.campmobile.snowcamera","B612","摄影摄像",,"16408","0","ADX","16/4/2026 05:19:58"
"com.campmobile.snowcamera","B612咔叽","摄影摄像",,"13909","0","ADX","16/4/2026 05:19:58"
"com.campmobile.snowcamera","com.campmobile.snowcamera","摄影摄像",,"9399","0","ADX","16/4/2026 05:19:58"
"com.cangerspkyq.crsq","com.cangerspkyq.crsq",,,"45","0","ADX","16/4/2026 05:19:58"
"com.car300.activity","com.car300.activity",,,"7","0","ADX","16/4/2026 05:19:58"
"com.car300.activity","车300二手车",,,"6585","0","ADX","16/4/2026 05:19:58"
"com.cataf.alque","com.cataf.alque",,,"348","0","ADX","16/4/2026 05:19:58"
"com.cataf.alque","优米短剧",,,"189","0","ADX","16/4/2026 05:19:58"
"com.cc.cloudcomic","云漫读1",,,"1143","0","ADX","16/4/2026 05:19:58"
"com.cdp.yuedao","com.cdp.YueDao",,,"613","0","ADX","16/4/2026 05:19:58"
"com.cfkb.sjltdw","com.cfkb.sjltdw",,,"8","0","ADX","16/4/2026 05:19:58"
"com.cfkb.sjltdw","百赚联盟",,,"1077","0","ADX","16/4/2026 05:19:58"
"com.cfkerb.sj","淘热点极速版",,,"119","0","ADX","16/4/2026 05:19:58"
"com.cfpamf.zhjfapp","com.cfpamf.zhjfapp","时尚购物",,"203","0","ADX","16/4/2026 05:19:58"
"com.cfpamf.zhjfapp","乡助-iOS","时尚购物",,"737","0","ADX","16/4/2026 05:19:58"
"com.cfpamf.zhjfapp","乡助-安卓","时尚购物",,"2893","0","ADX","16/4/2026 05:19:58"
"com.changyou.gu","畅悠谷",,,"15425","0","ADX","16/4/2026 05:19:58"
"com.chaozh.ireader.dj","com.chaozh.iReader.dj","图书阅读",,"307","0","ADX","16/4/2026 05:19:58"
"com.chaozh.ireader.dj","得间免费小说","图书阅读",,"436058","0","ADX","16/4/2026 05:19:58"
"com.chaozh.ireader.dj","得间小说","图书阅读",,"214","0","ADX","16/4/2026 05:19:58"
"com.chaozh.ireader.dj.speed","com.chaozh.iReader.dj.speed","图书阅读",,"139","0","ADX","16/4/2026 05:19:58"
"com.chaozh.ireader.dj.speed","得间免费小说极速版","图书阅读",,"45191","0","ADX","16/4/2026 05:19:58"
"com.chaozh.ireader.dj.speed","得间小说极速版","图书阅读",,"70","0","ADX","16/4/2026 05:19:58"
"com.chaozh.ireaderfree","com.chaozh.iReaderFree","图书阅读",,"6","0","ADX","16/4/2026 05:19:58"
"com.chelaile.lite","com.chelaile.lite","交通出行",,"15796","0","ADX","16/4/2026 05:19:58"
"com.chelaile.lite","车来了","交通出行",,"164","0","ADX","16/4/2026 05:19:58"
"com.chenglie.xgdj","com.chenglie.xgdj",,,"43","0","ADX","16/4/2026 05:19:58"
"com.chenglie.xgdj","西瓜免费短剧",,,"4901","0","ADX","16/4/2026 05:19:58"
"com.chengyjiec.jiecicy","com.chengyjiec.jiecicy",,,"2","0","ADX","16/4/2026 05:19:58"
"com.chengyjiec.jiecicy","成语接词",,,"2393","0","ADX","16/4/2026 05:19:58"
"com.chengyue.xuan","程阅轩",,,"1811","0","ADX","16/4/2026 05:19:58"
"com.chengzi.bizhi","com.chengzi.bizhi",,,"27","0","ADX","16/4/2026 05:19:58"
"com.chengzi.bizhi","橙子计步",,,"24","0","ADX","16/4/2026 05:19:58"
"com.chenhunbu.home","晨昏簿-OPPO",,,"2924","0","ADX","16/4/2026 05:19:58"
"com.chenxiangyifengnianzhan.fyb","com.chenxiangyifengnianzhan.fyb",,,"12","0","ADX","16/4/2026 05:19:58"
"com.chess.online.ajedrez","Chess",,,"56","0","ADX","16/4/2026 05:19:58"
"com.chess.online.ajedrez","国际象棋",,,"20","0","ADX","16/4/2026 05:19:58"
"com.chinatower.tthd","com.chinatower.tthd","其他",,"7","0","ADX","16/4/2026 05:19:58"
"com.chinatower.tthd","铁塔换电","其他",,"807","0","ADX","16/4/2026 05:19:58"
"com.chipsea.btweigh","OKOK",,,"302137","0","ADX","16/4/2026 05:19:58"
"com.chipsea.btweigh","OKOK iOS",,,"1434","0","ADX","16/4/2026 05:19:58"
"com.chipsea.btweigh","com.chipsea.btWeigh",,,"18889","0","ADX","16/4/2026 05:19:58"
"com.chipsea.btweigh","okok",,,"294732","0","ADX","16/4/2026 05:19:58"
"com.chiteng.ctlabel","com.chiteng.ctlabel",,,"371","0","ADX","16/4/2026 05:19:58"
"com.chiteng.ctlabel","驰腾云标签",,,"1501","0","ADX","16/4/2026 05:19:58"
"com.chongqinghuixian.qschool","汇优",,,"6","0","ADX","16/4/2026 05:19:58"
"com.chongzai.baodianyc","宠崽宝典",,,"21608","0","ADX","16/4/2026 05:19:58"
"com.chqwl.xbzchef","小白做大厨",,,"5107","0","ADX","16/4/2026 05:19:58"
"com.chrom.osome","com.chrom.osome","教育",,"414","0","ADX","16/4/2026 05:19:58"
"com.chrom.osome","柠檬短剧-250813","教育",,"77","0","ADX","16/4/2026 05:19:58"
"com.chuange.youjia","今日油价",,,"107","0","ADX","16/4/2026 05:19:58"
"com.chuange.youjia","今日油价APP",,,"50","0","ADX","16/4/2026 05:19:58"
"com.chuangxiaoweilai.homework","作业打卡-学习计划&复习提醒&班级互助",,,"104","0","ADX","16/4/2026 05:19:58"
"com.chuangyingyiyunjingling.fyb","com.chuangyingyiyunjingling.fyb",,,"9","0","ADX","16/4/2026 05:19:58"
"com.chumi.ddb","CellEpi Lab",,,"2","0","ADX","16/4/2026 05:19:58"
"com.chumi.ddb","Logic Hero",,,"17","0","ADX","16/4/2026 05:19:58"
"com.chumi.ddb","com.chumi.ddb",,,"101","0","ADX","16/4/2026 05:19:58"
"com.chun.shuom","com.chun.shuom",,,"2094","0","ADX","16/4/2026 05:19:58"
"com.chun.shuom","绘画大作战5",,,"5059","0","ADX","16/4/2026 05:19:58"
"com.chunwei.ihealthbaby","com.chunwei.ihealthbaby",,,"47","0","ADX","16/4/2026 05:19:58"
"com.chuyouji.home","厨友记-小米",,,"1116","0","ADX","16/4/2026 05:19:58"
"com.cictec.busintelligentonline","易公交",,,"49432","0","ADX","16/4/2026 05:19:58"
"com.cidian.lexin","乐信词典",,,"29070","0","ADX","16/4/2026 05:19:58"
"com.cjtec.uncompress","com.cjtec.uncompress",,,"29","0","ADX","16/4/2026 05:19:58"
"com.cjtec.uncompress","解压缩全能王",,,"4943","0","ADX","16/4/2026 05:19:58"
"com.clogs.home","屐木-OPPO",,,"4449","0","ADX","16/4/2026 05:19:58"
"com.closheel.pic","云肆壁纸",,,"51668","0","ADX","16/4/2026 05:19:58"
"com.cloud.dema.jog","一起超慢跑",,,"18","0","ADX","16/4/2026 05:19:58"
"com.cloudora.android","com.cloudora.android","居家生活",,"717","0","ADX","16/4/2026 05:19:58"
"com.cloudora.android","慧生活798","居家生活",,"471294","0","ADX","16/4/2026 05:19:58"
"com.clsoft.ipeanut","8花生家长端",,,"126","0","ADX","16/4/2026 05:19:58"
"com.clsoft.ipeanut","com.clsoft.ipeanut",,,"545","0","ADX","16/4/2026 05:19:58"
"com.cmcc.android.ysx","云视讯",,,"2411","0","ADX","16/4/2026 05:19:58"
"com.cn.runzhong.weight","体重记录本","运动社区",,"13","0","ADX","16/4/2026 05:19:58"
"com.cn.xdh.app.aaa","喜乐空间","其他",,"362","0","ADX","16/4/2026 05:19:58"
"com.cn.xdh.app.aaa","惠多星","其他",,"39","0","ADX","16/4/2026 05:19:58"
"com.codoon.gps","","体育运动",,"13927","0","ADX","16/4/2026 05:19:58"
"com.codoon.gps","com.codoon.gps","体育运动",,"151292","0","ADX","16/4/2026 05:19:58"
"com.codoon.gps","咕咚","体育运动",,"1714393","0","ADX","16/4/2026 05:19:58"
"com.codoon.gps","咕咚-跑步直播运动AI健身训练","体育运动",,"3052","0","ADX","16/4/2026 05:19:58"
"com.constellation.goddess","com.constellation.goddess","运势测算",,"108","0","ADX","16/4/2026 05:19:58"
"com.cooking.world.chef.craze.restaurant.fever.cn","com.cooking.world.chef.craze.restaurant.fever.cn",,,"42","0","ADX","16/4/2026 05:19:58"
"com.cookingcity.chefgame.feverkitchen.free","Cooking City: Restaurant Games",,,"213","0","ADX","16/4/2026 05:19:58"
"com.cookingcity.chefgame.feverkitchen.free","com.cookingcity.chefgame.feverkitchen.free",,,"6199","0","ADX","16/4/2026 05:19:58"
"com.cookpu.home","库克谱-OPPO","西安倍网信息技术有限公司",,"21071","0","ADX","16/4/2026 05:19:58"
"com.coolapk.market","com.coolapk.market","聊天社交",,"631","0","ADX","16/4/2026 05:19:58"
"com.coolapk.market","酷安","聊天社交",,"106661","0","ADX","16/4/2026 05:19:58"
"com.core.iosshudu","Sudoku",,,"187","0","ADX","16/4/2026 05:19:58"
"com.core.iosshudu","数独",,,"56","0","ADX","16/4/2026 05:19:58"
"com.cqgynet.collegecircle","com.cqgynet.collegecircle",,,"1157","0","ADX","16/4/2026 05:19:58"
"com.cqgynet.collegecircle","橙子校园",,,"9493","0","ADX","16/4/2026 05:19:58"
"com.credamo.credamoapp3","见数3",,,"3","0","ADX","16/4/2026 05:19:58"
"com.crimsonmw.alarmlife","com.crimsonmw.alarmlife",,,"968","0","ADX","16/4/2026 05:19:58"
"com.crimsonmw.alarmlife","普通闹钟 - 上班族都在用的App",,,"7","0","ADX","16/4/2026 05:19:58"
"com.csb.activity","车三百极速版",,,"88","0","ADX","16/4/2026 05:19:58"
"com.csrmkj.rjxs","若境小说",,,"15443","0","ADX","16/4/2026 05:19:58"
"com.cstsvideoedit.gee","极剪视频",,,"433","0","ADX","16/4/2026 05:19:58"
"com.ctbq.rtdw","com.ctbq.rtdw",,,"815","0","ADX","16/4/2026 05:19:58"
"com.ctbq.rtdw","绘画大作战5",,,"4896","0","ADX","16/4/2026 05:19:58"
"com.cutewater.mpuzzle","com.cutewater.mpuzzle",,,"180","0","ADX","16/4/2026 05:19:58"
"com.cutewater.mpuzzle","极青视频",,,"2380","0","ADX","16/4/2026 05:19:58"
"com.cutewater.mpuzzle","镜像拼图",,,"468","0","ADX","16/4/2026 05:19:58"
"com.cx.xcxly","恒兴",,,"30","0","ADX","16/4/2026 05:19:58"
"com.cxhd.edit.pro","LoopArt",,,"369","0","ADX","16/4/2026 05:19:58"
"com.cxywl.blshopping","巴林云购",,,"55947","0","ADX","16/4/2026 05:19:58"
"com.cxywl.hsyxh","惠飧优选惠",,,"7550","0","ADX","16/4/2026 05:19:58"
"com.dacty.liogl","com.dacty.liogl",,,"5","0","ADX","16/4/2026 05:19:58"
"com.damiaozj.app","大喵追剧",,,"26","0","ADX","16/4/2026 05:19:58"
"com.danale.video","com.danale.video","摄影摄像",,"180","0","ADX","16/4/2026 05:19:58"
"com.danale.video","大拿物联","摄影摄像",,"26262","0","ADX","16/4/2026 05:19:58"
"com.darock.darockfile","com.darock.DarockFile",,,"5","0","ADX","16/4/2026 05:19:58"
"com.data4sports.app","com.data4sports.app","体育/资讯",,"223987","0","ADX","16/4/2026 05:19:58"
"com.data4sports.app","懂球帝","体育/资讯",,"4074339","0","ADX","16/4/2026 05:19:58"
"com.data4sports.app","懂球帝Pro版","体育/资讯",,"103","0","ADX","16/4/2026 05:19:58"
"com.data4sports.app","懂球帝pro","体育/资讯",,"701748","0","ADX","16/4/2026 05:19:58"
"com.datalink.miyi","com.datalink.miyi","聊天社交",,"24","0","ADX","16/4/2026 05:19:58"
"com.datalink.miyi","觅伊","聊天社交",,"6163","0","ADX","16/4/2026 05:19:58"
"com.datalink.wucai","com.datalink.wucai",,,"54327","0","ADX","16/4/2026 05:19:58"
"com.datalink.wucai","觅伊",,,"3838","0","ADX","16/4/2026 05:19:58"
"com.dawnstreamsoft.webcamplus","com.dawnstreamsoft.webcamplus",,,"1168","0","ADX","16/4/2026 05:19:58"
"com.dawnstreamsoft.webcamplus","webcam+ 手机监控摄像头",,,"8725","0","ADX","16/4/2026 05:19:58"
"com.dazg.home","答知阁-VIVO",,,"272","0","ADX","16/4/2026 05:19:58"
"com.dd.collectbook","汇书窝",,,"488118","0","ADX","16/4/2026 05:19:58"
"com.dd.glstown","琉光乡",,,"6108","0","ADX","16/4/2026 05:19:58"
"com.dd.literature","臻选书",,,"16","0","ADX","16/4/2026 05:19:58"
"com.dd.llattic","琉黎阁",,,"2220","0","ADX","16/4/2026 05:19:58"
"com.dd.loft","com.dd.loft",,,"2778","0","ADX","16/4/2026 05:19:58"
"com.dd.mjh","墨间行",,,"967","0","ADX","16/4/2026 05:19:58"
"com.dd.mqj","墨憩居",,,"51438","0","ADX","16/4/2026 05:19:58"
"com.dd.qwg","栖文阁",,,"44172","0","ADX","16/4/2026 05:19:58"
"com.dd.qxattic","com.dd.qxattic",,,"3584","0","ADX","16/4/2026 05:19:58"
"com.dd.qxattic","晴心阁",,,"1296","0","ADX","16/4/2026 05:19:58"
"com.dd.sxm","书小蜜",,,"6947","0","ADX","16/4/2026 05:19:58"
"com.dd.wyg","云淵墨阁",,,"39615","0","ADX","16/4/2026 05:19:58"
"com.dd.zsnote","com.dd.zsnote",,,"1752","0","ADX","16/4/2026 05:19:58"
"com.dd.zsnote","竹生记",,,"428620","0","ADX","16/4/2026 05:19:58"
"com.dengziwl.bk","com.dengziwl.bk","摄影摄像",,"93","0","ADX","16/4/2026 05:19:58"
"com.dengziwl.bk","光影边框","摄影摄像",,"1130","0","ADX","16/4/2026 05:19:58"
"com.dg.myhome.myhome","com.dg.myHome.MyHome","智能家居/工具",,"21910","0","ADX","16/4/2026 05:19:58"
"com.dg.myhome.myhome","大谷云","智能家居/工具",,"221085","0","ADX","16/4/2026 05:19:58"
"com.dgiot.speedmonitoring","com.dgiot.speedmonitoring","实用工具",,"3473","0","ADX","16/4/2026 05:19:58"
"com.dgiot.speedmonitoring","大谷云","实用工具",,"132751","0","ADX","16/4/2026 05:19:58"
"com.dgiot.speedmonitoring","大谷云.本地","实用工具",,"2","0","ADX","16/4/2026 05:19:58"
"com.dianzhong.hmjc","河马剧场",,,"2509","0","ADX","16/4/2026 05:19:58"
"com.didapinche.booking","com.didapinche.booking","旅行交通",,"66","0","ADX","16/4/2026 05:19:58"
"com.didapinche.booking","嘀嗒出行","旅行交通",,"35690","0","ADX","16/4/2026 05:19:58"
"com.didapinche.taxi","com.didapinche.taxi","交通出行",,"257590","0","ADX","16/4/2026 05:19:58"
"com.didapinche.taxi","嘀嗒出行","交通出行",,"58541","0","ADX","16/4/2026 05:19:58"
"com.didapinche.taxi","嘀嗒出行（IOS）","交通出行",,"19288","0","ADX","16/4/2026 05:19:58"
"com.didapinche.taxi","嘀嗒拼车iOS移动应用软件","交通出行",,"495","0","ADX","16/4/2026 05:19:58"
"com.dingda.app","com.dingda.app","打车拼车",,"3909","0","ADX","16/4/2026 05:19:58"
"com.dingwei.jingchengedu","精诚教育",,,"1146","0","ADX","16/4/2026 05:19:58"
"com.divot.guard","DivotGuard",,,"51","0","ADX","16/4/2026 05:19:58"
"com.divot.guard","com.divot.guard",,,"1215","0","ADX","16/4/2026 05:19:58"
"com.divot.guard","微卫士",,,"13156","0","ADX","16/4/2026 05:19:58"
"com.dj.sevenread","com.dj.sevenRead","图书阅读",,"497","0","ADX","16/4/2026 05:19:58"
"com.dj.sevenread","七读","图书阅读",,"31","0","ADX","16/4/2026 05:19:58"
"com.dj.sevenread","七读免费小说","图书阅读",,"90713","0","ADX","16/4/2026 05:19:58"
"com.dj.speed","com.dj.speed","图书阅读",,"25","0","ADX","16/4/2026 05:19:58"
"com.dlmetro.app","com.dlmetro.app",,,"109","0","ADX","16/4/2026 05:19:58"
"com.dlmetro.app","大连交通e出行",,,"956","0","ADX","16/4/2026 05:19:58"
"com.dlwjzx.fkdxb.vivo","com.dlwjzx.fkdxb.vivo",,,"269","0","ADX","16/4/2026 05:19:58"
"com.domainname.jjcp","",,,"5","0","ADX","16/4/2026 05:19:58"
"com.domainname.jjcp","集集鸡蛋",,,"78","0","ADX","16/4/2026 05:19:58"
"com.dongqingjcsp.jcdqxr","com.dongqingjcsp.jcdqxr",,,"58","0","ADX","16/4/2026 05:19:58"
"com.doron.xueche.stu","com.doron.xueche.stu",,,"342","0","ADX","16/4/2026 05:19:58"
"com.doron.xueche.stu","多多驾到",,,"7030","0","ADX","16/4/2026 05:19:58"
"com.doyiot.app","小喵潮人",,,"143","0","ADX","16/4/2026 05:19:58"
"com.dt.ttzs","天天追书免费小说",,,"26685","0","ADX","16/4/2026 05:19:58"
"com.duifene.dfapp","com.duifene.dfapp","学习教育",,"40","0","ADX","16/4/2026 05:19:58"
"com.duifene.dfapp","对分易教学平台","学习教育",,"3149","0","ADX","16/4/2026 05:19:58"
"com.dukabang.app","嘟卡邦",,,"8","0","ADX","16/4/2026 05:19:58"
"com.dunkhome.dunkshoestorelite","get鉴别",,,"37","0","ADX","16/4/2026 05:19:58"
"com.duoduo.sport","步多多-健身运动","运动健康",,"8","0","ADX","16/4/2026 05:19:58"
"com.duotaoshenghuo.app","多淘生活",,,"1096","0","ADX","16/4/2026 05:19:58"
"com.dw.btime","com.dw.btime",,,"4","0","ADX","16/4/2026 05:19:58"
"com.dz.hmjc","com.dz.hmjc","影音视听",,"69401","0","ADX","16/4/2026 05:19:58"
"com.dz.hmjc","河马剧场","影音视听",,"5237527","0","ADX","16/4/2026 05:19:58"
"com.e2esoft.vcam","com.e2esoft.VCam",,,"2821","0","ADX","16/4/2026 05:19:58"
"com.e2esoft.vcam","iVCam 摄像头",,,"4514","0","ADX","16/4/2026 05:19:58"
"com.eerie.distrac","com.eerie.distrac",,,"156","0","ADX","16/4/2026 05:19:58"
"com.egoool.net","易购在线",,,"31","0","ADX","16/4/2026 05:19:58"
"com.elevenapril.staghornpal","com.elevenapril.staghornpal",,,"7915","0","ADX","16/4/2026 05:19:58"
"com.ench.hkm.ordn.sag","com.ench.hkm.ordn.sag",,,"46","0","ADX","16/4/2026 05:19:58"
"com.enjiai.sign","com.enjiai.sign",,,"10852","0","ADX","16/4/2026 05:19:58"
"com.enjiai.sign","恩基爱社区",,,"348576","0","ADX","16/4/2026 05:19:58"
"com.erksd.qdmk.yxml.sousou","com.erksd.qdmk.yxml.sousou",,,"32","0","ADX","16/4/2026 05:19:58"
"com.erksd.qdmk.yxml.sousou","新大师兄影视",,,"1035","0","ADX","16/4/2026 05:19:58"
"com.esbook.reader","com.esbook.reader",,,"18","0","ADX","16/4/2026 05:19:58"
"com.esbook.reader","宜搜小说",,,"502","0","ADX","16/4/2026 05:19:58"
"com.eshize.tiku.zaojia","com.eshize.tiku.zaojia",,,"174","0","ADX","16/4/2026 05:19:58"
"com.etalien.booster","com.etalien.booster","实用工具",,"165","0","ADX","16/4/2026 05:19:58"
"com.etalien.booster","外星人加速器","实用工具",,"11867","0","ADX","16/4/2026 05:19:58"
"com.etalien.booster","外星仔加速器","实用工具",,"4484","0","ADX","16/4/2026 05:19:58"
"com.etcapp.product","com.etcApp.product",,,"64","0","ADX","16/4/2026 05:19:58"
"com.etcapp.product","车e兴",,,"455","0","ADX","16/4/2026 05:19:58"
"com.etye.eyrf","com.etye.eyrf","生活服务/快递物流管理",,"71","0","ADX","16/4/2026 05:19:58"
"com.etye.eyrf","小金牛短剧-25.11.5","生活服务/快递物流管理",,"347","0","ADX","16/4/2026 05:19:58"
"com.example.administrator.zahbzayxy.yysp","云野视频",,,"89","0","ADX","16/4/2026 05:19:58"
"com.example.countdown","com.example.countdown",,,"1297","0","ADX","16/4/2026 05:19:58"
"com.example.englishlearning","com.example.englishlearning","学习教育",,"8","0","ADX","16/4/2026 05:19:58"
"com.example.englishlearning","要背单词","学习教育",,"2651","0","ADX","16/4/2026 05:19:58"
"com.example.jingpinji","com.example.jingpinji",,,"85","0","ADX","16/4/2026 05:19:58"
"com.example.jingpinji","鲸品集",,,"4701","0","ADX","16/4/2026 05:19:58"
"com.example.wuyueassessment","com.example.wuyueassessment","教务管理|作业题库",,"10","0","ADX","16/4/2026 05:19:58"
"com.example.wuyueassessment","五岳阅卷","教务管理|作业题库",,"3306","0","ADX","16/4/2026 05:19:58"
"com.excean.gspace","OurPlay原谷歌空间",,,"18","0","ADX","16/4/2026 05:19:58"
"com.excean.gspace","com.excean.gspace",,,"427","0","ADX","16/4/2026 05:19:58"
"com.excelliance.dualaid","com.excelliance.dualaid","实用工具",,"1117","0","ADX","16/4/2026 05:19:58"
"com.ezviz.ezvizeasyrtc","com.ezviz.ezvizeasyrtc",,,"472","0","ADX","16/4/2026 05:19:58"
"com.ezviz.mt","觅讯",,,"2930","0","ADX","16/4/2026 05:19:58"
"com.fangtugy.driving","com.fangtugy.driving",,,"20","0","ADX","16/4/2026 05:19:58"
"com.fangtugy.driving","轻松学车",,,"253","0","ADX","16/4/2026 05:19:58"
"com.fanpu.wxdk","com.fanpu.wxdk",,,"132","0","ADX","16/4/2026 05:19:58"
"com.fanpu.wxdk","微分身双开版",,,"6937","0","ADX","16/4/2026 05:19:58"
"com.fanpu.wxdk","微分身王",,,"222","0","ADX","16/4/2026 05:19:58"
"com.fanx.quickapp","繁星坊",,,"82","0","ADX","16/4/2026 05:19:58"
"com.farplace.qingzhuo","清浊",,,"4443","0","ADX","16/4/2026 05:19:58"
"com.fcbox.hiveconsumer","com.fcbox.hiveconsumer","时尚购物",,"187354","0","ADX","16/4/2026 05:19:58"
"com.fcbox.hiveconsumer","丰巢","时尚购物",,"576742","0","ADX","16/4/2026 05:19:58"
"com.fcbox.hiveconsumer","丰巢 1","时尚购物",,"4","0","ADX","16/4/2026 05:19:58"
"com.fcbox.hiveconsumer","丰巢_ios","时尚购物",,"16622","0","ADX","16/4/2026 05:19:58"
"com.fdck.rtdk","云游",,,"3","0","ADX","16/4/2026 05:19:58"
"com.fddwl.fengongbao","粉工宝",,,"11460","0","ADX","16/4/2026 05:19:58"
"com.fdfe.hhd","com.fdfe.hhd",,,"1822","0","ADX","16/4/2026 05:19:58"
"com.fdfe.hhd","小金牛故事-26.3.3",,,"9175","0","ADX","16/4/2026 05:19:58"
"com.feamber.waterpuzzle","倒水模拟器",,,"200","0","ADX","16/4/2026 05:19:58"
"com.feimi.browser","com.feimi.browser",,,"45","0","ADX","16/4/2026 05:19:58"
"com.fengleshop.quickapp","丰乐购",,,"9813","0","ADX","16/4/2026 05:19:58"
"com.fengyongkj.android","峰佣空间移动记账软件",,,"26","0","ADX","16/4/2026 05:19:58"
"com.fengyuncx.driver","风韵城际司机",,,"29","0","ADX","16/4/2026 05:19:58"
"com.fenzotech.jimu","com.fenzotech.jimu","聊天社交",,"66","0","ADX","16/4/2026 05:19:58"
"com.fenzotech.jimu","积目","聊天社交",,"3468","0","ADX","16/4/2026 05:19:58"
"com.fgame.eye.adm.xyz","com.fgame.eye.adm.xyz",,,"4","0","ADX","16/4/2026 05:19:58"
"com.fgame.eye.adm.xyz","小柚子",,,"139","0","ADX","16/4/2026 05:19:58"
"com.fghf.psxl","com.fghf.psxl",,,"1056","0","ADX","16/4/2026 05:19:58"
"com.fghf.psxl","小金牛短剧-25.7.2",,,"1120","0","ADX","16/4/2026 05:19:58"
"com.fiistudio.fiinote","随手写",,,"9985","0","ADX","16/4/2026 05:19:58"
"com.fjxm.cgme","猜个谜儿",,,"1104","0","ADX","16/4/2026 05:19:58"
"com.flibbe.rtig","com.flibbe.rtig",,,"308","0","ADX","16/4/2026 05:19:58"
"com.flibbe.rtig","优米短剧",,,"120","0","ADX","16/4/2026 05:19:58"
"com.fliggy.fast","com.fliggy.fast",,,"4","0","ADX","16/4/2026 05:19:58"
"com.fliggy.fast","飞猪旅行极速版",,,"22","0","ADX","16/4/2026 05:19:58"
"com.flu.flutter_wifi_camera","com.flu.flutter_wifi_camera",,,"51","0","ADX","16/4/2026 05:19:58"
"com.founder.dongguantongapp1","com.founder.DongGuanTongApp1",,,"26","0","ADX","16/4/2026 05:19:58"
"com.freenotes.freenotes","自由笔记",,,"1110","0","ADX","16/4/2026 05:19:58"
"com.fruitmatch.gty","com.fruitmatch.gty","游戏-休闲益智",,"20","0","ADX","16/4/2026 05:19:58"
"com.fruitmatch.gty","乐消水果","游戏-休闲益智",,"2713","0","ADX","16/4/2026 05:19:58"
"com.fruitmatch.gty","九霄视频","游戏-休闲益智",,"4815","0","ADX","16/4/2026 05:19:58"
"com.fulmz.wx","聊天恢复助手",,,"1868","0","ADX","16/4/2026 05:19:58"
"com.fulu.phonemanager.ios","com.fulu.phonemanager.ios",,,"330","0","ADX","16/4/2026 05:19:58"
"com.fulu.phonemanager.ios","福禄手机管家",,,"55","0","ADX","16/4/2026 05:19:58"
"com.funtext.collection","文趣集",,,"43564","0","ADX","16/4/2026 05:19:58"
"com.future.compass","堪舆山水卫星地图","旅行交通",,"95","0","ADX","16/4/2026 05:19:58"
"com.futurefleet.jiangjin","",,,"109","0","ADX","16/4/2026 05:19:58"
"com.futurefleet.yinchuan","",,,"37","0","ADX","16/4/2026 05:19:58"
"com.futurefleet.yinchuan","com.futurefleet.yinchuan",,,"71","0","ADX","16/4/2026 05:19:58"
"com.futurefleet.yinchuan","银川行",,,"2609","0","ADX","16/4/2026 05:19:58"
"com.fwsx.hfer","com.fwsx.hfer",,,"1995","0","ADX","16/4/2026 05:19:58"
"com.fwsx.hfer","小金牛故事",,,"28939","0","ADX","16/4/2026 05:19:58"
"com.fx678.finace","com.fx678.finace","金融理财",,"98","0","ADX","16/4/2026 05:19:58"
"com.fx678.finace","汇通财经","金融理财",,"7549","0","ADX","16/4/2026 05:19:58"
"com.fyzt.tq","风语知天",,,"1638","0","ADX","16/4/2026 05:19:58"
"com.fzcx.supercoach.assistant","com.fzcx.supercoach.assistant","学习教育",,"38","0","ADX","16/4/2026 05:19:58"
"com.fzcx.supercoach.assistant","超级教练","学习教育",,"5088","0","ADX","16/4/2026 05:19:58"
"com.galum.phing","com.galum.phing",,,"268","0","ADX","16/4/2026 05:19:58"
"com.galum.phing","柠檬短剧福利版",,,"466","0","ADX","16/4/2026 05:19:58"
"com.game.cjtzr2.huawei","com.game.cjtzr2.huawei",,,"6","0","ADX","16/4/2026 05:19:58"
"com.game.tmjy.cn.huawei","com.game.tmjy.cn.huawei",,,"205","0","ADX","16/4/2026 05:19:58"
"com.gameley.catrotary","com.gameley.CatRotary",,,"58","0","ADX","16/4/2026 05:19:58"
"com.gameley.catrotary","喵喵转盘",,,"926","0","ADX","16/4/2026 05:19:58"
"com.gameley.desktopcat","com.gameley.desktopcat","桌面宠物/个性化",,"149131","0","ADX","16/4/2026 05:19:58"
"com.gameley.desktopcat","桌面猫","桌面宠物/个性化",,"9702","0","ADX","16/4/2026 05:19:58"
"com.gameley.msxz","com.gameley.msxz","实用工具",,"5","0","ADX","16/4/2026 05:19:58"
"com.gameley.msxz","美食小转","实用工具",,"2192","0","ADX","16/4/2026 05:19:58"
"com.gameley.sdsg","com.gameley.sdsg","实用工具",,"2","0","ADX","16/4/2026 05:19:58"
"com.gameley.sdsg","水滴时光","实用工具",,"389","0","ADX","16/4/2026 05:19:58"
"com.gamersky","com.gamersky","聊天社交",,"16","0","ADX","16/4/2026 05:19:58"
"com.gamersky","游民星空","聊天社交",,"6720","0","ADX","16/4/2026 05:19:58"
"com.gamersky.gamersky","com.gamersky.gamersky",,,"260","0","ADX","16/4/2026 05:19:58"
"com.gamersky.gamersky","游民星空",,,"6187","0","ADX","16/4/2026 05:19:58"
"com.gaoshan.ddcar","叮叮约车",,,"49","0","ADX","16/4/2026 05:19:58"
"com.gemd.iting","喜马拉雅FM",,,"149","0","ADX","16/4/2026 05:19:58"
"com.gemdale.client","想家社区",,,"114","0","ADX","16/4/2026 05:19:58"
"com.generalcomp.xinsan","com.generalcomp.xinsan",,,"80","0","ADX","16/4/2026 05:19:58"
"com.generalcomp.yunshiyun","com.generalcomp.yunshiyun",,,"100","0","ADX","16/4/2026 05:19:58"
"com.gfd.ecprint","com.gfd.ecprint","实用工具",,"620","0","ADX","16/4/2026 05:19:58"
"com.gfd.ecprint","小白智慧打印","实用工具",,"35769","0","ADX","16/4/2026 05:19:58"
"com.gfd.xiaobai","","教育/学习打印",,"3731","0","ADX","16/4/2026 05:19:58"
"com.gfd.xiaobai","com.gfd.xiaobai","教育/学习打印",,"44585","0","ADX","16/4/2026 05:19:58"
"com.gfd.xiaobai","小白智慧打印","教育/学习打印",,"593210","0","ADX","16/4/2026 05:19:58"
"com.ggcy.ymcx","com.ggcy.ymcx","学习教育",,"937","0","ADX","16/4/2026 05:19:58"
"com.ggcy.ymcx","郭郭成语-安卓","学习教育",,"171","0","ADX","16/4/2026 05:19:58"
"com.gizwits.xb","智家",,,"176","0","ADX","16/4/2026 05:19:58"
"com.glodon.cadreader","CAD快速看图",,,"84324","0","ADX","16/4/2026 05:19:58"
"com.glodon.cadreader","com.glodon.CADReader",,,"26516","0","ADX","16/4/2026 05:19:58"
"com.glodon.constructioncalculators","com.glodon.constructioncalculators",,,"34","0","ADX","16/4/2026 05:19:58"
"com.glodon.constructioncalculators","建工计算器",,,"1398","0","ADX","16/4/2026 05:19:58"
"com.glodon.drawingexplorer","CAD快速看图",,,"122141","0","ADX","16/4/2026 05:19:58"
"com.glodon.drawingexplorer","com.glodon.drawingexplorer",,,"220","0","ADX","16/4/2026 05:19:58"
"com.gna.weif","com.gna.weif",,,"155","0","ADX","16/4/2026 05:19:58"
"com.gna.weif","微分身版",,,"33259","0","ADX","16/4/2026 05:19:58"
"com.gohome.gshotmaster1a","com.gohome.gshotmaster1a",,,"4924","0","ADX","16/4/2026 05:19:58"
"com.gooclient.anycam.neye3ctwo","Neye3C",,,"73452","0","ADX","16/4/2026 05:19:58"
"com.gooclient.anycam.neye3ctwo","com.gooclient.anycam.neye3ctwo",,,"78","0","ADX","16/4/2026 05:19:58"
"com.gravitygame.carmaster.ios","com.gravitygame.CarMaster.ios",,,"8","0","ADX","16/4/2026 05:19:58"
"com.gstonegames.gstone","com.gstonegames.gstone",,,"1930","0","ADX","16/4/2026 05:19:58"
"com.gtsoft.kidsbrainfree","全脑教育-幼儿园宝宝左右脑智力潜能开发儿童启蒙巴士游戏大全",,,"1630","0","ADX","16/4/2026 05:19:58"
"com.guardian.ipcamera","com.guardian.ipcamera",,,"275","0","ADX","16/4/2026 05:19:58"
"com.guazi.maasdj2123","com.guazi.maasdj2123","交通出行",,"4","0","ADX","16/4/2026 05:19:58"
"com.guazi.maasdj2123","瓜子","交通出行",,"178","0","ADX","16/4/2026 05:19:58"
"com.guiderank.guiderank-release","com.guiderank.guiderank-release",,,"12","0","ADX","16/4/2026 05:19:58"
"com.guiderank.guiderank-release","盖得排行",,,"934","0","ADX","16/4/2026 05:19:58"
"com.gujuan.xmsq","故 卷",,,"39812","0","ADX","16/4/2026 05:19:58"
"com.gwlt.3839","com.gwlt.3839",,,"132","0","ADX","16/4/2026 05:19:58"
"com.gxyzcwl.microkernel","com.gxyzcwl.microkernel","聊天社交",,"4","0","ADX","16/4/2026 05:19:58"
"com.gxyzcwl.microkernel","微核","聊天社交",,"379","0","ADX","16/4/2026 05:19:58"
"com.haichargeup.quickapp","嗨记账",,,"6167","0","ADX","16/4/2026 05:19:58"
"com.haijiaomfjc.home","com.haijiaomfjc.home",,,"12","0","ADX","16/4/2026 05:19:58"
"com.haijiaomfjc.home","海角免费剧场-小米",,,"17035","0","ADX","16/4/2026 05:19:58"
"com.hajimi.shequ","哈基猫社区",,,"2","0","ADX","16/4/2026 05:19:58"
"com.handsgo.jiakao.android","com.handsgo.jiakao.android","学习教育",,"83","0","ADX","16/4/2026 05:19:58"
"com.handsgo.jiakao.android","驾考宝典","学习教育",,"3","0","ADX","16/4/2026 05:19:58"
"com.hanhai.zrsd","com.hanhai.zrsd",,,"1876","0","ADX","16/4/2026 05:19:58"
"com.hanhai.zrsd","纵瑞数独",,,"256","0","ADX","16/4/2026 05:19:58"
"com.haokanya.mika","com.haokanya.mika",,,"2432","0","ADX","16/4/2026 05:19:58"
"com.haorunapp.app","ksj",,,"1700","0","ADX","16/4/2026 05:19:58"
"com.happy.jgfk","SudoCube",,,"2106","0","ADX","16/4/2026 05:19:58"
"com.happy.jgfk","com.happy.jgfk",,,"627","0","ADX","16/4/2026 05:19:58"
"com.happy.jgfk","方块九宫格",,,"1787","0","ADX","16/4/2026 05:19:58"
"com.happyadvert.carplay","MyCar Widgets",,,"854","0","ADX","16/4/2026 05:19:58"
"com.happyadvert.carplay","com.happyadvert.carplay",,,"89","0","ADX","16/4/2026 05:19:58"
"com.hbsclj.uth","com.hbsclj.uth",,,"247","0","ADX","16/4/2026 05:19:58"
"com.hbwhbj.baoji","com.hbwhbj.baoji","视频监控",,"164","0","ADX","16/4/2026 05:19:58"
"com.hbwhbj.baoji","宝技云视","视频监控",,"5716","0","ADX","16/4/2026 05:19:58"
"com.hbwhbj.baoji","宝技云视-安卓","视频监控",,"3597","0","ADX","16/4/2026 05:19:58"
"com.hcwl.aishow","AView","影音娱乐/直播",,"245618","0","ADX","16/4/2026 05:19:58"
"com.hcwl.aishow","AViewiOS","影音娱乐/直播",,"919","0","ADX","16/4/2026 05:19:58"
"com.hcwl.aishow","com.hcwl.aishow","影音娱乐/直播",,"27111","0","ADX","16/4/2026 05:19:58"
"com.hdl1688","惠德利",,,"505","0","ADX","16/4/2026 05:19:58"
"com.hefkshyedk.yunjnb","com.hefkshyedk.yunjnb",,,"5","0","ADX","16/4/2026 05:19:58"
"com.hejia.squirrelaccountbook","com.hejia.squirrelaccountbook",,,"4","0","ADX","16/4/2026 05:19:58"
"com.hejia.squirrelaccountbook","松鼠记账",,,"451","0","ADX","16/4/2026 05:19:58"
"com.heluo.ulucucameras","com.heluo.UlucuCameraS",,,"94","0","ADX","16/4/2026 05:19:58"
"com.heluo.ulucucameras","悠络客",,,"4299","0","ADX","16/4/2026 05:19:58"
"com.henghua.myqingdao","com.henghua.myqingdao",,,"9","0","ADX","16/4/2026 05:19:58"
"com.henghua.myqingdao","琴岛通",,,"240","0","ADX","16/4/2026 05:19:58"
"com.hexiang.zmdj","芝麻短剧",,,"32","0","ADX","16/4/2026 05:19:58"
"com.heytap.music","Music",,,"8344","0","ADX","16/4/2026 05:19:58"
"com.heytap.music","Musik",,,"26","0","ADX","16/4/2026 05:19:58"
"com.heytap.music","Música",,,"143","0","ADX","16/4/2026 05:19:58"
"com.heytap.music","com.heytap.music",,,"352","0","ADX","16/4/2026 05:19:58"
"com.heytap.music","مۇزىكا",,,"177","0","ADX","16/4/2026 05:19:58"
"com.heytap.music","音乐",,,"1196376","0","ADX","16/4/2026 05:19:58"
"com.heytap.music","音樂",,,"1944","0","ADX","16/4/2026 05:19:58"
"com.hf","China Weather",,,"29","0","ADX","16/4/2026 05:19:58"
"com.hf","中国天气",,,"13576","0","ADX","16/4/2026 05:19:58"
"com.hffh.gfre","com.hffh.gfre",,,"1153","0","ADX","16/4/2026 05:19:58"
"com.hffh.gfre","小金牛短剧-25.10.15",,,"539","0","ADX","16/4/2026 05:19:58"
"com.hfhlrd.aibeautifuleffectcamera","AI美效相机",,,"382","0","ADX","16/4/2026 05:19:58"
"com.hfjzl.zjxfj","com.hfjzl.zjxfj",,,"104","0","ADX","16/4/2026 05:19:58"
"com.hgj.truckposition","com.hgj.truckposition",,,"8","0","ADX","16/4/2026 05:19:58"
"com.hgxxx.racksort","com.hgxxx.racksort",,,"7","0","ADX","16/4/2026 05:19:58"
"com.hgxxx.racksort","货柜消消消",,,"517","0","ADX","16/4/2026 05:19:58"
"com.hihonor.magazine","com.hihonor.magazine",,,"211","0","ADX","16/4/2026 05:19:58"
"com.hikvision.videogo","VideoGo","监控/智能硬件",,"764059","0","ADX","16/4/2026 05:19:58"
"com.hikvision.videogo","com.hikvision.videogo","监控/智能硬件",,"221772","0","ADX","16/4/2026 05:19:58"
"com.hikvision.videogo","萤石云视频","监控/智能硬件",,"3472111","0","ADX","16/4/2026 05:19:58"
"com.hikvision.videogo","萤石云视频_IOS","监控/智能硬件",,"2267","0","ADX","16/4/2026 05:19:58"
"com.hjmore.changflag","青木影视",,,"27","0","ADX","16/4/2026 05:19:58"
"com.hjmore.oeqvv","com.hjmore.oeqvv",,,"118","0","ADX","16/4/2026 05:19:58"
"com.hjmore.oeqvv","小狗历险记",,,"1070","0","ADX","16/4/2026 05:19:58"
"com.hjmore.oeqvv","蓝图影视",,,"167243","0","ADX","16/4/2026 05:19:58"
"com.hjmore.taihe","丑鱼视频","影音播放/影视追剧",,"12746","0","ADX","16/4/2026 05:19:58"
"com.hjmore.wpnidle","com.hjmore.wpnidle","休闲游戏",,"52","0","ADX","16/4/2026 05:19:58"
"com.hjmore.wpnidle","洞穴守护者","休闲游戏",,"1018","0","ADX","16/4/2026 05:19:58"
"com.hjmore.wpnidle","爱看剧场","休闲游戏",,"105757","0","ADX","16/4/2026 05:19:58"
"com.hjmore.yunjieyou","橘子视频","旅游/游戏",,"435","0","ADX","16/4/2026 05:19:58"
"com.hkey.simplealchemy","com.hkey.simplealchemy",,,"641","0","ADX","16/4/2026 05:19:58"
"com.hlxmf.superrecoder","com.hlxmf.superrecoder",,,"3894","0","ADX","16/4/2026 05:19:58"
"com.hm.ztiancloud","中天云商",,,"985","0","ADX","16/4/2026 05:19:58"
"com.hnkzy.smartlife","com.hnkzy.smartLife",,,"31503","0","ADX","16/4/2026 05:19:58"
"com.hnkzy.smartlife","慧生活798",,,"1824894","0","ADX","16/4/2026 05:19:58"
"com.hnkzy.smartlife","慧生活798-iOS",,,"52","0","ADX","16/4/2026 05:19:58"
"com.hnkzy.smartlife","慧生活798iOS",,,"41339","0","ADX","16/4/2026 05:19:58"
"com.hnwnkej.android","冠军体育",,,"271","0","ADX","16/4/2026 05:19:58"
"com.homoc.hromy","com.homoc.hromy",,,"22","0","ADX","16/4/2026 05:19:58"
"com.honor.browser","com.honor.browser",,,"3","0","ADX","16/4/2026 05:19:58"
"com.hopeway.cam.smaint","Smaint",,,"19","0","ADX","16/4/2026 05:19:58"
"com.hotata.keyoolot","com.hotata.keyoolot",,,"195","0","ADX","16/4/2026 05:19:58"
"com.hotata.keyoolot","好太太智联",,,"1139","0","ADX","16/4/2026 05:19:58"
"com.hqf.app.yuanqi","com.hqf.app.yuanqi",,,"855","0","ADX","16/4/2026 05:19:58"
"com.htgame.kswds.bc","com.htgame.kswds.bc",,,"11","0","ADX","16/4/2026 05:19:58"
"com.htgame.qqly.bc","com.htgame.qqly.bc","游戏-休闲益智",,"4","0","ADX","16/4/2026 05:19:58"
"com.htwl.huixinshang","汇欣赏",,,"992960","0","ADX","16/4/2026 05:19:58"
"com.htwoplayers.srjjc","双人竞技场",,,"34","0","ADX","16/4/2026 05:19:58"
"com.htzzj.mmzls.tg","猫咪整理师",,,"579","0","ADX","16/4/2026 05:19:58"
"com.huachenjie.shandong","",,,"5","0","ADX","16/4/2026 05:19:58"
"com.huachenjie.shandong","com.huachenjie.shandong",,,"37458","0","ADX","16/4/2026 05:19:58"
"com.huachenjie.shandong","新闪动校园",,,"15931","0","ADX","16/4/2026 05:19:58"
"com.huachenjie.shandong","闪动-IOS",,,"3","0","ADX","16/4/2026 05:19:58"
"com.huachenjie.shandong","闪动校园",,,"305133","0","ADX","16/4/2026 05:19:58"
"com.huachenjie.shandong","闪动校园iiOS",,,"5","0","ADX","16/4/2026 05:19:58"
"com.huachenjie.shandong_school","com.huachenjie.shandong_school",,,"35853","0","ADX","16/4/2026 05:19:58"
"com.huachenjie.shandong_school","新闪动校园",,,"16076","0","ADX","16/4/2026 05:19:58"
"com.huachenjie.shandong_school","闪动校园",,,"163456","0","ADX","16/4/2026 05:19:58"
"com.huachenjie.shandong_school","闪动校园-jz",,,"416","0","ADX","16/4/2026 05:19:58"
"com.huachi.earpick","AI耳勺",,,"696","0","ADX","16/4/2026 05:19:58"
"com.huajianlu.home","花笺录-OPPO",,,"4433","0","ADX","16/4/2026 05:19:58"
"com.huajianlu.home","花笺录-VIVO",,,"21701","0","ADX","16/4/2026 05:19:58"
"com.huajianlu.home","花笺录-小米",,,"2099","0","ADX","16/4/2026 05:19:58"
"com.huanleixiaoxiaoapk.huawei","欢乐消消",,,"570","0","ADX","16/4/2026 05:19:58"
"com.huaya.huaya","com.huaya.huaya",,,"25","0","ADX","16/4/2026 05:19:58"
"com.huaya.huaya","画涯",,,"639","0","ADX","16/4/2026 05:19:58"
"com.huaya.jisu","com.huaya.jisu","工具/清理",,"121","0","ADX","16/4/2026 05:19:58"
"com.huaya.jisu","画涯极速版","工具/清理",,"10428","0","ADX","16/4/2026 05:19:58"
"com.huayue.zhuitian","com.huayue.zhuitian","实用工具",,"44","0","ADX","16/4/2026 05:19:58"
"com.huayue.zhuitian","必访","实用工具",,"435","0","ADX","16/4/2026 05:19:58"
"com.huayue.zhuitian","追甜","实用工具",,"2207","0","ADX","16/4/2026 05:19:58"
"com.hudong.pintu","拼个图",,,"7","0","ADX","16/4/2026 05:19:58"
"com.hudong.pplni","com.hudong.pplni",,,"565","0","ADX","16/4/2026 05:19:58"
"com.hudong.pplni","泡泡射手",,,"2652","0","ADX","16/4/2026 05:19:58"
"com.huiquan.chao","超惠券",,,"1285","0","ADX","16/4/2026 05:19:58"
"com.huiyun.caresee","CareViewerProInternational",,,"54149","0","ADX","16/4/2026 05:19:58"
"com.huiyun.caresee","com.huiyun.CareSee",,,"8130","0","ADX","16/4/2026 05:19:58"
"com.huiyun.huiyunzhixiao","com.huiyun.huiyunzhixiao",,,"126","0","ADX","16/4/2026 05:19:58"
"com.huiyun.huiyunzhixiao","慧云智校",,,"427","0","ADX","16/4/2026 05:19:58"
"com.huizu.darenzhijia","达人之家",,,"1219","0","ADX","16/4/2026 05:19:58"
"com.hujiang.cctalk","CCtalk","聊天社交",,"3211","0","ADX","16/4/2026 05:19:58"
"com.hujiang.cctalk","com.hujiang.CCTalk","聊天社交",,"473","0","ADX","16/4/2026 05:19:58"
"com.hujiang.cctalk","com.hujiang.cctalk","聊天社交",,"9","0","ADX","16/4/2026 05:19:58"
"com.huowenyuedu.huowen","com.huowenyuedu.huowen",,,"155","0","ADX","16/4/2026 05:19:58"
"com.hupu.games.pro","com.hupu.games.pro","游戏/体育",,"67274","0","ADX","16/4/2026 05:19:58"
"com.hyhg.fsqw","com.hyhg.fsqw",,,"188","0","ADX","16/4/2026 05:19:58"
"com.hyhg.fsqw","小金牛故事-26.3.27",,,"61","0","ADX","16/4/2026 05:19:58"
"com.hyj.miwitracker","MiwiTracker",,,"5138","0","ADX","16/4/2026 05:19:58"
"com.hyj.miwitracker","com.hyj.miwiTracker",,,"382","0","ADX","16/4/2026 05:19:58"
"com.hykgl.record","com.hykgl.Record",,,"14","0","ADX","16/4/2026 05:19:58"
"com.hykgl.record","东南小说",,,"1311","0","ADX","16/4/2026 05:19:58"
"com.hys.home","花研社-OPPO",,,"461","0","ADX","16/4/2026 05:19:58"
"com.hzbx.fastmail.ydtwlkd","com.hzbx.fastmail.ydtwlkd",,,"32","0","ADX","16/4/2026 05:19:58"
"com.hzxindong.xinyue","com.hzxindong.xinyue",,,"2610","0","ADX","16/4/2026 05:19:58"
"com.hzxindong.xinyue","鑫娱",,,"3071","0","ADX","16/4/2026 05:19:58"
"com.ibplus.client","幼师口袋",,,"20","0","ADX","16/4/2026 05:19:58"
"com.ichano.athome.avs","掌上看家采集端",,,"2320","0","ADX","16/4/2026 05:19:58"
"com.icoolme.zmweather","com.icoolme.zmweather",,,"3206","0","ADX","16/4/2026 05:19:58"
"com.icoolme.zmweather","最美天气",,,"13888","0","ADX","16/4/2026 05:19:58"
"com.ideaflow.zmcy","com.ideaflow.zmcy","实用工具",,"94","0","ADX","16/4/2026 05:19:58"
"com.ideaflow.zmcy","造梦次元","实用工具",,"40220","0","ADX","16/4/2026 05:19:58"
"com.idejian.ddread","com.idejian.ddRead",,,"131","0","ADX","16/4/2026 05:19:58"
"com.idejian.sm","com.idejian.sm",,,"5","0","ADX","16/4/2026 05:19:58"
"com.idejian.sm","浩看免费小说",,,"524","0","ADX","16/4/2026 05:19:58"
"com.idejian.xianread","com.idejian.xianRead","图书阅读",,"79","0","ADX","16/4/2026 05:19:58"
"com.idejian.xianread","贤读","图书阅读",,"19352","0","ADX","16/4/2026 05:19:58"
"com.ifmoc.zhuishushenqi","com.ifmoc.ZhuiShuShenQi","阅读工具",,"13902","0","ADX","16/4/2026 05:19:58"
"com.ifmoc.zhuishushenqi","追书神器","阅读工具",,"124623","0","ADX","16/4/2026 05:19:58"
"com.ifmoc.zhuishushenqi","追书神器iOS","阅读工具",,"98483","0","ADX","16/4/2026 05:19:58"
"com.ihaozhuo.youjiankang","优健康",,,"936","0","ADX","16/4/2026 05:19:58"
"com.ihuaben.huabenapp","com.ihuaben.HuabenApp",,,"4546","0","ADX","16/4/2026 05:19:58"
"com.ihuaben.huabenapp","话本小说",,,"39411","0","ADX","16/4/2026 05:19:58"
"com.ikecin.ikecin","智能小石",,,"33","0","ADX","16/4/2026 05:19:58"
"com.ikongjian.decoration","爱空间装修",,,"2192","0","ADX","16/4/2026 05:19:58"
"com.inapp.cross.stitch.jrtt","com.inapp.cross.stitch.jrtt",,,"20","0","ADX","16/4/2026 05:19:58"
"com.iningke.drivingwizard","com.iningke.DrivingWizard",,,"6318","0","ADX","16/4/2026 05:19:58"
"com.iningke.drivingwizard","驾考精灵",,,"44944","0","ADX","16/4/2026 05:19:58"
"com.intelead.blsmartlock","com.intelead.BLSmartLock",,,"263","0","ADX","16/4/2026 05:19:58"
"com.intelead.blsmartlock","锁道",,,"999","0","ADX","16/4/2026 05:19:58"
"com.iorest.calculator","com.iorest.calculator",,,"786","0","ADX","16/4/2026 05:19:58"
"com.iorest.calculator","zjm",,,"19424","0","ADX","16/4/2026 05:19:58"
"com.ios.hysh","com.ios.hysh",,,"78","0","ADX","16/4/2026 05:19:58"
"com.ios.hysh","海鱼生活",,,"492","0","ADX","16/4/2026 05:19:58"
"com.iplaymtg.mtg","com.iplaymtg.MTG",,,"54","0","ADX","16/4/2026 05:19:58"
"com.iplaymtg.mtg","旅法师营地",,,"9132","0","ADX","16/4/2026 05:19:58"
"com.itheme.thinkingcloud","com.Itheme.thinkingcloud",,,"205281","0","ADX","16/4/2026 05:19:58"
"com.ixiaoma.wuhanbus","com.ixiaoma.wuhanbus",,,"6","0","ADX","16/4/2026 05:19:58"
"com.ixiaoma.wuhanbus","武汉公交",,,"910","0","ADX","16/4/2026 05:19:58"
"com.jco.seehouse","com.jco.seehouse",,,"14","0","ADX","16/4/2026 05:19:58"
"com.jco.seehouse","慧眼看家",,,"183","0","ADX","16/4/2026 05:19:58"
"com.jdd.motorfans","com.jdd.motorfans","聊天社交",,"21405","0","ADX","16/4/2026 05:19:58"
"com.jdd.motorfans","摩托范","聊天社交",,"611339","0","ADX","16/4/2026 05:19:58"
"com.jediapp.pengrenjiaoxue","com.jediapp.pengrenjiaoxue",,,"6","0","ADX","16/4/2026 05:19:58"
"com.jhj.cloudman","com.jhj.cloudman","实用工具",,"14337","0","ADX","16/4/2026 05:19:58"
"com.jhj.cloudman","云达人","实用工具",,"25474","0","ADX","16/4/2026 05:19:58"
"com.jhj.cloudman","云达人_iOS","实用工具",,"167","0","ADX","16/4/2026 05:19:58"
"com.jhle.dzzclt.vivo","星星连线爽爽消-一起连连看",,,"2211","0","ADX","16/4/2026 05:19:58"
"com.jhws.mybz","漫宇壁纸",,,"313","0","ADX","16/4/2026 05:19:58"
"com.jiakaoapp.www","一帆驾考",,,"167","0","ADX","16/4/2026 05:19:58"
"com.jiameng.hxdmx","帽子先森奇遇记",,,"227","0","ADX","16/4/2026 05:19:58"
"com.jiameng.hxdmx","我在老城区跑酷",,,"160","0","ADX","16/4/2026 05:19:58"
"com.jiameng.hxdmx","看我奇思妙想",,,"301","0","ADX","16/4/2026 05:19:58"
"com.jiandanjizhang.ios","com.jiandanjizhang.ios",,,"60789","0","ADX","16/4/2026 05:19:58"
"com.jianyou.swatch","com.jianyou.swatch",,,"1290","0","ADX","16/4/2026 05:19:58"
"com.jianyou.swatch","智能守护5",,,"16861","0","ADX","16/4/2026 05:19:58"
"com.jiaokao.quannengtong","com.jiaokao.quannengtong",,,"201","0","ADX","16/4/2026 05:19:58"
"com.jiaxiao.driveapp","com.jiaxiao.driveAPP","教育/交通",,"281017","0","ADX","16/4/2026 05:19:58"
"com.jiaxiao.driveapp","驾校一点通","教育/交通",,"48827","0","ADX","16/4/2026 05:19:58"
"com.jiaxiao.driveapp","驾校一点通ios","教育/交通",,"241","0","ADX","16/4/2026 05:19:58"
"com.jideos.jnotes","Jnotes",,,"211","0","ADX","16/4/2026 05:19:58"
"com.jideos.jnotes","com.jideos.jnotes",,,"118","0","ADX","16/4/2026 05:19:58"
"com.jideos.jnotes","云记",,,"25870","0","ADX","16/4/2026 05:19:58"
"com.jiewang.ztbz.be38fc1e8a4ad43eaa4fcc419ed64a07c","com.jiewang.ztbz.be38fc1e8a4ad43eaa4fcc419ed64a07c",,,"2","0","ADX","16/4/2026 05:19:58"
"com.jiewang.ztbz.if691a9ee34434e0a86e12f09dc70caa4","com.jiewang.ztbz.if691a9ee34434e0a86e12f09dc70caa4",,,"3","0","ADX","16/4/2026 05:19:58"
"com.jiewang.ztbz.k307ff06aefbc4e119e34ca127355c298","com.jiewang.ztbz.k307ff06aefbc4e119e34ca127355c298",,,"2","0","ADX","16/4/2026 05:19:58"
"com.jiewang.ztbz.w82b91bdf2e1f4261b48dd2e41e059549","com.jiewang.ztbz.w82b91bdf2e1f4261b48dd2e41e059549",,,"6","0","ADX","16/4/2026 05:19:58"
"com.jifen.qukan","com.jifen.qukan","新闻资讯",,"1303","0","ADX","16/4/2026 05:19:58"
"com.jifen.qukan","趣头条","新闻资讯",,"273685","0","ADX","16/4/2026 05:19:58"
"com.jifen.qukan","趣头条-and","新闻资讯",,"7","0","ADX","16/4/2026 05:19:58"
"com.jiguang.txjgks","极光快扫",,,"1678","0","ADX","16/4/2026 05:19:58"
"com.jimi.tuqiang","com.jimi.tuqiang",,,"534","0","ADX","16/4/2026 05:19:58"
"com.jimi.tuqiang","途强在线",,,"14249","0","ADX","16/4/2026 05:19:58"
"com.jinglan.yaowang","com.jinglan.yaowang",,,"505","0","ADX","16/4/2026 05:19:58"
"com.jinglan.yaowang","遥望",,,"637","0","ADX","16/4/2026 05:19:58"
"com.jingyou.app","京优广告",,,"13","0","ADX","16/4/2026 05:19:58"
"com.jingzhixing.pq","屏趣壁纸库",,,"13","0","ADX","16/4/2026 05:19:58"
"com.jiniangu.autoclick","com.jiniangu.autoclick","实用工具",,"48","0","ADX","16/4/2026 05:19:58"
"com.jishuads.app","com.jishuads.app",,,"3","0","ADX","16/4/2026 05:19:58"
"com.jishuads.app","有为传媒",,,"1892","0","ADX","16/4/2026 05:19:58"
"com.jiyidian.home","迹忆点-VIVO",,,"18555","0","ADX","16/4/2026 05:19:58"
"com.jizhi.jlongg.jgkq","com.jizhi.jlongg.jgkq",,,"38","0","ADX","16/4/2026 05:19:58"
"com.jizhi.jlongg.jjgdzp","com.jizhi.jlongg.jjgdzp",,,"17","0","ADX","16/4/2026 05:19:58"
"com.jizhi.jlongg.jjgdzp","建筑工地招聘",,,"54","0","ADX","16/4/2026 05:19:58"
"com.jizhi.jlongg.jjjz","com.jizhi.jlongg.jjjz",,,"84","0","ADX","16/4/2026 05:19:58"
"com.jizhi.jlongg.jjjz","记工记账",,,"14136","0","ADX","16/4/2026 05:19:58"
"com.jizhi.jlongg.jzb","com.jizhi.jlongg.jzb",,,"15","0","ADX","16/4/2026 05:19:58"
"com.jizhi.jlongg.jzb","记账簿",,,"71","0","ADX","16/4/2026 05:19:58"
"com.jizhi.jlongg.zgz","com.jizhi.jlongg.zgz",,,"20","0","ADX","16/4/2026 05:19:58"
"com.jizhi.jlongg.zgz","找工作",,,"77","0","ADX","16/4/2026 05:19:58"
"com.jj.bprimel","大风华",,,"16916","0","ADX","16/4/2026 05:19:58"
"com.jj.hcpoetry","海辰集",,,"1777","0","ADX","16/4/2026 05:19:58"
"com.jj.mggallery","com.jj.mggallery",,,"935","0","ADX","16/4/2026 05:19:58"
"com.jj.mggallery","墨光廊",,,"262","0","ADX","16/4/2026 05:19:58"
"com.jj.yjarea","com.jj.yjarea",,,"817","0","ADX","16/4/2026 05:19:58"
"com.jj.yynote","月影记",,,"646","0","ADX","16/4/2026 05:19:58"
"com.jjwxc.reader","晋江小说阅读",,,"2236","0","ADX","16/4/2026 05:19:58"
"com.jkc","集客仓",,,"1067","0","ADX","16/4/2026 05:19:58"
"com.jnansfenghewlkj.ylm","com.jnansfenghewlkj.ylm",,,"12","0","ADX","16/4/2026 05:19:58"
"com.jooan.dodomonitor","com.jooan.dodoMonitor",,,"2425","0","ADX","16/4/2026 05:19:58"
"com.jooan.dodomonitor","多多监控",,,"40424","0","ADX","16/4/2026 05:19:58"
"com.jooan.dodomonitor","多多监控-ios",,,"172","0","ADX","16/4/2026 05:19:58"
"com.jooan.dodomonitor","多多监控_iOS",,,"1222","0","ADX","16/4/2026 05:19:58"
"com.jooan.dodomonitor","多多监控iOS",,,"189","0","ADX","16/4/2026 05:19:58"
"com.jooan.qalink","com.jooan.qalink","视频监控",,"1250","0","ADX","16/4/2026 05:19:58"
"com.jooan.qalink","喵眼精灵","视频监控",,"1494478","0","ADX","16/4/2026 05:19:58"
"com.jooan.qalink","喵眼精灵-android","视频监控",,"4","0","ADX","16/4/2026 05:19:58"
"com.jooan.qalink","喵眼精灵安卓","视频监控",,"43","0","ADX","16/4/2026 05:19:58"
"com.journeyui.globalsearch","酷派",,,"259","0","ADX","16/4/2026 05:19:58"
"com.jovision.xiaowei","com.jovision.xiaowei","监控",,"56","0","ADX","16/4/2026 05:19:58"
"com.jovision.xiaowei","小维智慧家庭","监控",,"4811","0","ADX","16/4/2026 05:19:58"
"com.jsjp.student","com.jsjp.student",,,"4177","0","ADX","16/4/2026 05:19:58"
"com.jsjp.student","极速驾培",,,"303","0","ADX","16/4/2026 05:19:58"
"com.juanvision.eseenetproj","EseeCloud","实用工具",,"278","0","ADX","16/4/2026 05:19:58"
"com.juanvision.eseenetproj","com.juanvision.EseeNetProj","实用工具",,"1214","0","ADX","16/4/2026 05:19:58"
"com.juanvision.eseenetproj","易視雲","实用工具",,"1478","0","ADX","16/4/2026 05:19:58"
"com.juanvision.eseenetproj","易视云","实用工具",,"1773007","0","ADX","16/4/2026 05:19:58"
"com.juchangyuedu.quickapp","剧场阅读",,,"45343","0","ADX","16/4/2026 05:19:58"
"com.julanling.workschedule","com.julanling.workschedule","效率办公",,"74","0","ADX","16/4/2026 05:19:58"
"com.julanling.workschedule","排班日历","效率办公",,"67314","0","ADX","16/4/2026 05:19:58"
"com.jumpingball.tth","com.jumpingball.tth","影音播放/影视追剧",,"43","0","ADX","16/4/2026 05:19:58"
"com.jumpingball.tth","天鹅视频","影音播放/影视追剧",,"32925","0","ADX","16/4/2026 05:19:58"
"com.jumpingball.tth","跳跃小球","影音播放/影视追剧",,"4529","0","ADX","16/4/2026 05:19:58"
"com.juqing.speed","网速管家",,,"8","0","ADX","16/4/2026 05:19:58"
"com.jxm.washer","com.jxm.Washer",,,"112","0","ADX","16/4/2026 05:19:58"
"com.jxm.washer","小依",,,"9089","0","ADX","16/4/2026 05:19:58"
"com.jygwc.xhtkv","com.jygwc.xhtkv",,,"19","0","ADX","16/4/2026 05:19:58"
"com.jygwc.xhtkv","火爆爱消除",,,"555","0","ADX","16/4/2026 05:19:58"
"com.jyl.magicbox","秘豆魔盒居",,,"8589","0","ADX","16/4/2026 05:19:58"
"com.jywl.yshm","悦书翰墨",,,"941","0","ADX","16/4/2026 05:19:58"
"com.jzc.khcg","倥偬闯关",,,"37435","0","ADX","16/4/2026 05:19:58"
"com.jzc.xxfighting","小新加油",,,"68674","0","ADX","16/4/2026 05:19:58"
"com.jzxy.heisu","黑速",,,"502","0","ADX","16/4/2026 05:19:58"
"com.kafka.huochai","火柴短剧",,,"2","0","ADX","16/4/2026 05:19:58"
"com.kaled.iccy","com.kaled.iccy","系统工具",,"751","0","ADX","16/4/2026 05:19:58"
"com.kaled.iccy","小金牛短剧-26.1.13","系统工具",,"132","0","ADX","16/4/2026 05:19:58"
"com.kaolaread.home","考拉免费小说-OPPO",,,"2880","0","ADX","16/4/2026 05:19:58"
"com.kedang.xingfenstore","可当",,,"1108","0","ADX","16/4/2026 05:19:58"
"com.kieronquinn.app.taptap","com.kieronquinn.app.taptap",,,"2","0","ADX","16/4/2026 05:19:58"
"com.kiloo.subwaysurf","com.kiloo.subwaysurf","跑酷闯关",,"34","0","ADX","16/4/2026 05:19:58"
"com.kiloo.subwaysurf","地铁跑酷","跑酷闯关",,"4104","0","ADX","16/4/2026 05:19:58"
"com.kiloo.subwaysurf.gw","com.kiloo.subwaysurf.gw",,,"31","0","ADX","16/4/2026 05:19:58"
"com.kiloo.subwaysurf.gw","地铁跑酷",,,"3722","0","ADX","16/4/2026 05:19:58"
"com.king.partjob","王者兼职",,,"46","0","ADX","16/4/2026 05:19:58"
"com.kingbi.oil","com.kingbi.oil",,,"99909","0","ADX","16/4/2026 05:19:58"
"com.kingbi.oil","口袋原油",,,"229866","0","ADX","16/4/2026 05:19:58"
"com.kingdee.express","Express100","实用工具",,"20","0","ADX","16/4/2026 05:19:58"
"com.kingdee.express","com.Kingdee.Express","实用工具",,"10786","0","ADX","16/4/2026 05:19:58"
"com.kingdee.express","快递100","实用工具",,"148212","0","ADX","16/4/2026 05:19:58"
"com.klcxkj.qschool","com.klcxkj.qschool","教育校园",,"2772048","0","ADX","16/4/2026 05:19:58"
"com.klcxkj.qschool","sdk iOS","教育校园",,"31","0","ADX","16/4/2026 05:19:58"
"com.klcxkj.qschool","趣智校园","教育校园",,"2178598","0","ADX","16/4/2026 05:19:58"
"com.klcxkj.qschool","趣智校园IOS","教育校园",,"2","0","ADX","16/4/2026 05:19:58"
"com.klcxkj.qschooltest","趣智校园",,,"20","0","ADX","16/4/2026 05:19:58"
"com.klcxkj.zqxy_kaihe","com.klcxkj.zqxy_kaihe",,,"33","0","ADX","16/4/2026 05:19:58"
"com.klcxkj.zqxy_kaihe","悦享校园",,,"1050","0","ADX","16/4/2026 05:19:58"
"com.knowbox.rc.student","com.knowbox.rc.student",,,"4","0","ADX","16/4/2026 05:19:58"
"com.knowbox.rc.student","小盒学生",,,"616","0","ADX","16/4/2026 05:19:58"
"com.koala.xiaoyexb","慧跑定向",,,"750","0","ADX","16/4/2026 05:19:58"
"com.komodrriok.shopewteenl","购物优惠券多多",,,"2031","0","ADX","16/4/2026 05:19:58"
"com.koudai.weidian.buyer","com.koudai.weidian.buyer",,,"120025","0","ADX","16/4/2026 05:19:58"
"com.koudai.weidian.buyer","微店",,,"1740483","0","ADX","16/4/2026 05:19:58"
"com.kproduce.weight","体重日记","减脂瘦身",,"59","0","ADX","16/4/2026 05:19:58"
"com.kqes.daqing.tk","com.kqes.daqing.tk",,,"23","0","ADX","16/4/2026 05:19:58"
"com.kqes.daqing.tk","天空影视",,,"1653","0","ADX","16/4/2026 05:19:58"
"com.kt.hzvoluntee260406","志愿汇1",,,"2","0","ADX","16/4/2026 05:19:58"
"com.kuaidi100.courier","com.kuaidi100.courier","实用工具",,"14","0","ADX","16/4/2026 05:19:58"
"com.kuaidi100.courier","快递100收件端","实用工具",,"10394","0","ADX","16/4/2026 05:19:58"
"com.kuaidi100.courier","快递100收件端-快递员专用","实用工具",,"9170","0","ADX","16/4/2026 05:19:58"
"com.kuangxiang.novel","欢乐书客",,,"809","0","ADX","16/4/2026 05:19:58"
"com.kunshan.main","智慧昆山","其他|综合社区/论坛",,"392","0","ADX","16/4/2026 05:19:58"
"com.kuyigc88.kuyi","com.kuyigc88.kuyi",,,"92","0","ADX","16/4/2026 05:19:58"
"com.kuyigc88.kuyi","库易钢材",,,"30067","0","ADX","16/4/2026 05:19:58"
"com.kwai.videoeditor","KwaiCut","摄影摄像",,"1866","0","ADX","16/4/2026 05:19:58"
"com.kwai.videoeditor","com.kwai.videoeditor","摄影摄像",,"288025","0","ADX","16/4/2026 05:19:58"
"com.kwai.videoeditor","快影","摄影摄像",,"15447813","0","ADX","16/4/2026 05:19:58"
"com.kwai.videoeditor.beta1","快影",,,"3970","0","ADX","16/4/2026 05:19:58"
"com.kwai.videoeditor.debug","快影",,,"148","0","ADX","16/4/2026 05:19:58"
"com.kxyb.app","开心有宝",,,"8","0","ADX","16/4/2026 05:19:58"
"com.kxyb.app","熊猫天天",,,"205","0","ADX","16/4/2026 05:19:58"
"com.ky.tz100c.huawei","挑战100层",,,"469","0","ADX","16/4/2026 05:19:58"
"com.lakala.shqb","com.lakala.shqb",,,"355","0","ADX","16/4/2026 05:19:58"
"com.lakala.shqb","拉卡拉",,,"11105","0","ADX","16/4/2026 05:19:58"
"com.languangg.quickapp","澜光",,,"48","0","ADX","16/4/2026 05:19:58"
"com.lantaiyuan.takebusbaoji01","com.lantaiyuan.TakeBusBaoJi01",,,"58","0","ADX","16/4/2026 05:19:58"
"com.lantaiyuan.takebusbaoji01","坐公交",,,"11624","0","ADX","16/4/2026 05:19:58"
"com.lc.deaikeyboard","com.lc.DeAiKeyboard",,,"109654","0","ADX","16/4/2026 05:19:58"
"com.lehuoapp.mm","乐活",,,"8002","0","ADX","16/4/2026 05:19:58"
"com.lehyk.wugjv.koda","com.lehyk.wugjv.koda",,,"22","0","ADX","16/4/2026 05:19:58"
"com.lehyk.wugjv.koda","微光追寻",,,"1611","0","ADX","16/4/2026 05:19:58"
"com.lehyk.wugjv.maya","com.lehyk.wugjv.maya",,,"18","0","ADX","16/4/2026 05:19:58"
"com.lehyk.wugjv.maya","微光追寻",,,"1965","0","ADX","16/4/2026 05:19:58"
"com.leiman.baoliangmao","爆量猫",,,"241","0","ADX","16/4/2026 05:19:58"
"com.leisu.sports","com.leisu.sports","体育运动",,"1809895","0","ADX","16/4/2026 05:19:58"
"com.leisu.sports","雷速体育","体育运动",,"16972079","0","ADX","16/4/2026 05:19:58"
"com.leisu.sports","雷速体育-IOS","体育运动",,"1045307","0","ADX","16/4/2026 05:19:58"
"com.leisu.sports","雷速体育-jg","体育运动",,"16180","0","ADX","16/4/2026 05:19:58"
"com.leisu.sports","雷速体育iOS","体育运动",,"45984","0","ADX","16/4/2026 05:19:58"
"com.leku.ppnotebook","com.leku.PPNotebook",,,"136","0","ADX","16/4/2026 05:19:58"
"com.lemonpiggy.drinkwat","com.lemonpiggy.drinkwat",,,"613","0","ADX","16/4/2026 05:19:58"
"com.lenchi.mstxjh","熊猫探险计划",,,"40","0","ADX","16/4/2026 05:19:58"
"com.lenchi.mstxjh","狂飙大卡车",,,"11","0","ADX","16/4/2026 05:19:58"
"com.lenchi.tdqyj","土豆奇遇记",,,"3378","0","ADX","16/4/2026 05:19:58"
"com.lenchi.tdqyj","帽子先森奇遇记",,,"3522","0","ADX","16/4/2026 05:19:58"
"com.lenchi.tdqyj","我在老城区跑酷",,,"3339","0","ADX","16/4/2026 05:19:58"
"com.lenchi.tdqyj","熊猫探险计划",,,"3404","0","ADX","16/4/2026 05:19:58"
"com.lenchi.tdqyj","狂飙大卡车",,,"3407","0","ADX","16/4/2026 05:19:58"
"com.lenchi.tdqyj","看我奇思妙想",,,"3451","0","ADX","16/4/2026 05:19:58"
"com.lenchi.xydsqmt","土豆奇遇记",,,"459","0","ADX","16/4/2026 05:19:58"
"com.lenchi.xydsqmt","熊猫探险计划",,,"472","0","ADX","16/4/2026 05:19:58"
"com.lenchi.xydsqmt","狂飙大卡车",,,"395","0","ADX","16/4/2026 05:19:58"
"com.lepao.lptiyu.27","步道乐跑",,,"2","0","ADX","16/4/2026 05:19:58"
"com.leqi.idpicture","智能证件照",,,"173262","0","ADX","16/4/2026 05:19:58"
"com.leshangbang.app","乐赏帮",,,"6","0","ADX","16/4/2026 05:19:58"
"com.letarrow.qtimes","VideoProcessor","体育运动",,"399","0","ADX","16/4/2026 05:19:58"
"com.letarrow.qtimes","com.letarrow.qtimes","体育运动",,"2253","0","ADX","16/4/2026 05:19:58"
"com.letarrow.qtimes","新球体育","体育运动",,"121424","0","ADX","16/4/2026 05:19:58"
"com.lgwl.qxanswer","晴心答案库",,,"36206","0","ADX","16/4/2026 05:19:58"
"com.lgwl.starfishbox","海星盒子",,,"28614","0","ADX","16/4/2026 05:19:58"
"com.li.chengyu","黎诚语",,,"142106","0","ADX","16/4/2026 05:19:58"
"com.lianaibiji.dev","com.lianaibiji.dev",,,"43","0","ADX","16/4/2026 05:19:58"
"com.lianaibiji.dev","恋爱记",,,"2821","0","ADX","16/4/2026 05:19:58"
"com.liang.dzang","com.liang.dzang",,,"52","0","ADX","16/4/2026 05:19:58"
"com.liang.dzang","微X分身版",,,"1503","0","ADX","16/4/2026 05:19:58"
"com.liang.dzang","微分身术",,,"108","0","ADX","16/4/2026 05:19:58"
"com.liangzemu.quicklauncher","com.liangzemu.QuickLauncher",,,"44560","0","ADX","16/4/2026 05:19:58"
"com.lianhezhuli.hryfine","HryFine",,,"8067","0","ADX","16/4/2026 05:19:58"
"com.lianhezhuli.hryfine","com.lianhezhuli.hryfine",,,"5387","0","ADX","16/4/2026 05:19:58"
"com.lianwu.hnsx","com.lianwu.hnsx",,,"37220","0","ADX","16/4/2026 05:19:58"
"com.lieju.lws.escanu","易视看",,,"142","0","ADX","16/4/2026 05:19:58"
"com.light.shadow","com.light.shadow",,,"72","0","ADX","16/4/2026 05:19:58"
"com.lightmedia.answer","蜉蝣气象",,,"11260","0","ADX","16/4/2026 05:19:58"
"com.limkl.btds","com.limkl.btds",,,"214","0","ADX","16/4/2026 05:19:58"
"com.limkl.btds","有米剧场-25.4.27",,,"105","0","ADX","16/4/2026 05:19:58"
"com.linkedtech.joyrunner","com.linkedtech.joyRunner","运动/游戏",,"14348","0","ADX","16/4/2026 05:19:58"
"com.linkedtech.joyrunner","悦跑圈","运动/游戏",,"279065","0","ADX","16/4/2026 05:19:58"
"com.linkwifi.wifimaster","com.linkwifi.wifimaster","工具/网络",,"1505","0","ADX","16/4/2026 05:19:58"
"com.lintuo.yqcmz","土豆奇遇记",,,"31","0","ADX","16/4/2026 05:19:58"
"com.lintuo.yqcmz","熊猫探险计划",,,"64","0","ADX","16/4/2026 05:19:58"
"com.lintuo.yqcmz","看我奇思妙想",,,"49","0","ADX","16/4/2026 05:19:58"
"com.lion.market","ccplay","购物",,"36","0","ADX","16/4/2026 05:19:58"
"com.lion.market","com.lion.market","购物",,"105","0","ADX","16/4/2026 05:19:58"
"com.lion.market","虫虫助手","购物",,"83283","0","ADX","16/4/2026 05:19:58"
"com.lion.market","蟲蟲助手","购物",,"136","0","ADX","16/4/2026 05:19:58"
"com.liubowang.drawingboard","画画板",,,"77","0","ADX","16/4/2026 05:19:58"
"com.liubowang.fengshuicompass","罗盘指南针",,,"740","0","ADX","16/4/2026 05:19:58"
"com.liubowang.metronome","节拍器",,,"1166","0","ADX","16/4/2026 05:19:58"
"com.liubowang.metronome","节拍器Cat",,,"316","0","ADX","16/4/2026 05:19:58"
"com.liudao.vip","com.liudao.vip",,,"65088","0","ADX","16/4/2026 05:19:58"
"com.liudao.vip","归物",,,"8877","0","ADX","16/4/2026 05:19:58"
"com.lixiangdong.audioextrator","音频提取器","音乐制作|其他",,"87","0","ADX","16/4/2026 05:19:58"
"com.lixiangdong.audioextrator","音频音乐提取器","音乐制作|其他",,"27","0","ADX","16/4/2026 05:19:58"
"com.lixiangdong.mediaplayer","万能播放器",,,"74","0","ADX","16/4/2026 05:19:58"
"com.llmm.huiyuanuxiang","com.llmm.huiyuanuxiang",,,"3","0","ADX","16/4/2026 05:19:58"
"com.lofter.android","LOFTER","聊天社交",,"1908043","0","ADX","16/4/2026 05:19:58"
"com.lofter.android","LOFTER-安卓","聊天社交",,"46083","0","ADX","16/4/2026 05:19:58"
"com.lofter.android","com.lofter.android","聊天社交",,"349","0","ADX","16/4/2026 05:19:58"
"com.lofter.android","网易LOFTER","聊天社交",,"2446244","0","ADX","16/4/2026 05:19:58"
"com.logic.puzzle.connect","com.logic.puzzle.connect",,,"199","0","ADX","16/4/2026 05:19:58"
"com.lolaage.tbulu.tools","com.lolaage.tbulu.tools",,,"826","0","ADX","16/4/2026 05:19:58"
"com.lolaage.tbulu.tools","两步路户外助手",,,"17035","0","ADX","16/4/2026 05:19:58"
"com.longyuhy.mostk","MosTalk 聊天",,,"367","0","ADX","16/4/2026 05:19:58"
"com.lonlife.gameaccelerater","玲珑加速器",,,"264","0","ADX","16/4/2026 05:19:58"
"com.loutuan.loutuan","搂团商城",,,"1873","0","ADX","16/4/2026 05:19:58"
"com.lovely.ears.world","com.lovely.ears.world",,,"25","0","ADX","16/4/2026 05:19:58"
"com.loveytao.custom.app18","com.loveytao.custom.app18",,,"36857","0","ADX","16/4/2026 05:19:58"
"com.loveytao.custom.app18","好省",,,"15255","0","ADX","16/4/2026 05:19:58"
"com.lptiyu.tanke","步道乐跑",,,"19590","0","ADX","16/4/2026 05:19:58"
"com.luiz.lovenote","com.luiz.lovenote",,,"17234","0","ADX","16/4/2026 05:19:58"
"com.luiz.lovenote","恋爱记",,,"240410","0","ADX","16/4/2026 05:19:58"
"com.luna.music","com.luna.music",,,"7769","0","ADX","16/4/2026 05:19:58"
"com.luna.music","汽水音乐-Android",,,"750188","0","ADX","16/4/2026 05:19:58"
"com.luna.music","汽水音乐-and",,,"4","0","ADX","16/4/2026 05:19:58"
"com.luoyizhang.qrunning","com.luoYiZhang.QRunning",,,"35","0","ADX","16/4/2026 05:19:58"
"com.luoyizhang.qxfit","QXFit",,,"8","0","ADX","16/4/2026 05:19:58"
"com.luoyizhang.qxfit","com.luoYiZhang.QXFit",,,"55","0","ADX","16/4/2026 05:19:58"
"com.luoyizhang.xrunning","com.luoYiZhang.XRunning",,,"38","0","ADX","16/4/2026 05:19:58"
"com.lvcc.charge","com.lvcc.charge",,,"116","0","ADX","16/4/2026 05:19:58"
"com.lvcc.charge","驴充充",,,"9010","0","ADX","16/4/2026 05:19:58"
"com.lwby.breader.ad","com.lwby.breader.ad",,,"18","0","ADX","16/4/2026 05:19:58"
"com.lwby.breader.ad","必看免费小说",,,"5509","0","ADX","16/4/2026 05:19:58"
"com.lxkj.jiujian","com.lxkj.jiujian",,,"1382","0","ADX","16/4/2026 05:19:58"
"com.lxkj.jiujian","九剪",,,"20","0","ADX","16/4/2026 05:19:58"
"com.lxtechco.zhishu","com.lxtechco.zhishu",,,"8","0","ADX","16/4/2026 05:19:58"
"com.lying.flat","躺平兼职",,,"111","0","ADX","16/4/2026 05:19:58"
"com.lzcalendar.apple","com.LZCalendar.apple",,,"636","0","ADX","16/4/2026 05:19:58"
"com.lzcalendar.apple","灵占黄历",,,"163","0","ADX","16/4/2026 05:19:58"
"com.macrovideo.bjaf","com.macrovideo.bjaf","其他|视频监控",,"340","0","ADX","16/4/2026 05:19:58"
"com.macrovideo.bjaf","宝技安防","其他|视频监控",,"18352","0","ADX","16/4/2026 05:19:58"
"com.magnifier.touliang","com.magnifier.touliang",,,"6","0","ADX","16/4/2026 05:19:58"
"com.maidu.gkld","com.maidu.gkld",,,"1073","0","ADX","16/4/2026 05:19:58"
"com.maidu.gkld","公考雷达",,,"581434","0","ADX","16/4/2026 05:19:58"
"com.maidu.gkld","公考雷达-安卓",,,"56860","0","ADX","16/4/2026 05:19:58"
"com.makeadecision.ios","",,,"11","0","ADX","16/4/2026 05:19:58"
"com.makeup.master.ace","明星化妆师",,,"166","0","ADX","16/4/2026 05:19:58"
"com.maliquankai.savemoney","com.maliquankai.savemoney",,,"2806","0","ADX","16/4/2026 05:19:58"
"com.manwei.djz","com.manwei.djz",,,"73","0","ADX","16/4/2026 05:19:58"
"com.maobei.walk","com.maobei.walk",,,"140814","0","ADX","16/4/2026 05:19:58"
"com.maoying.clockdesktop","悬浮时钟",,,"151","0","ADX","16/4/2026 05:19:58"
"com.mating.sygj","速用工具管家",,,"811","0","ADX","16/4/2026 05:19:58"
"com.mating.sygj.u049bfeff8b3e4a28a765afb285332a56","com.mating.sygj.u049bfeff8b3e4a28a765afb285332a56",,,"3","0","ADX","16/4/2026 05:19:58"
"com.mating.sygj.vf12aa26f1c7841b288a6889e29e74448","com.mating.sygj.vf12aa26f1c7841b288a6889e29e74448",,,"8","0","ADX","16/4/2026 05:19:58"
"com.mblbb.zl","com.mblbb.zl",,,"2533","0","ADX","16/4/2026 05:19:58"
"com.mblbb.zl","迈步来宝",,,"5666","0","ADX","16/4/2026 05:19:58"
"com.mc.tjcy.video","com.mc.tjcy.video",,,"12","0","ADX","16/4/2026 05:19:58"
"com.mcore.gameforum","com.mcore.gameforum","聊天社交",,"13","0","ADX","16/4/2026 05:19:58"
"com.mcore.gameforum","魔核","聊天社交",,"5953","0","ADX","16/4/2026 05:19:58"
"com.meitu.mtxx","com.meitu.mtxx",,,"85527","0","ADX","16/4/2026 05:19:58"
"com.meitu.myxj","com.meitu.myxj",,,"11755","0","ADX","16/4/2026 05:19:58"
"com.meizhuanios.zhuan","com.meizhuanios.zhuan",,,"540","0","ADX","16/4/2026 05:19:58"
"com.meizhuanios.zhuan","马赚省钱购",,,"95","0","ADX","16/4/2026 05:19:58"
"com.menggua.yupaowang","com.menggua.yupaowang",,,"3311","0","ADX","16/4/2026 05:19:58"
"com.menggua.yupaowang","鱼泡网",,,"27256","0","ADX","16/4/2026 05:19:58"
"com.mengxigeyd.novel","com.mengxigeyd.novel",,,"20","0","ADX","16/4/2026 05:19:58"
"com.mengxigeyd.novel","梦溪阁",,,"84","0","ADX","16/4/2026 05:19:58"
"com.meta.leyuan","233乐园 - 游戏社区",,,"72","0","ADX","16/4/2026 05:19:58"
"com.meta.leyuan","233乐园-游戏社区",,,"15182","0","ADX","16/4/2026 05:19:58"
"com.meta.leyuan","com.meta.leyuan",,,"6151","0","ADX","16/4/2026 05:19:58"
"com.meti.rtstabs.simulator","com.meti.rtstabs.simulator",,,"4","0","ADX","16/4/2026 05:19:58"
"com.metj.eshfsfktj","com.metj.eshfsfktj",,,"40","0","ADX","16/4/2026 05:19:58"
"com.mg.tool","MG工具箱","系统工具",,"16117","0","ADX","16/4/2026 05:19:58"
"com.mg.tool","com.mg.tool","系统工具",,"74","0","ADX","16/4/2026 05:19:58"
"com.mianfeizs.book","免费追书",,,"1067","0","ADX","16/4/2026 05:19:58"
"com.mindera.xindao","com.mindera.xindao",,,"3","0","ADX","16/4/2026 05:19:58"
"com.mindera.xindao","心岛日记",,,"43","0","ADX","16/4/2026 05:19:58"
"com.minitech.miniworld.kuaishou","迷你世界",,,"1376","0","ADX","16/4/2026 05:19:58"
"com.minitech.miniworld.samsung","迷你世界",,,"355","0","ADX","16/4/2026 05:19:58"
"com.mlywe.bsqtj.koda","com.mlywe.bsqtj.koda",,,"10","0","ADX","16/4/2026 05:19:58"
"com.mlywe.bsqtj.koda","萌萌乐园",,,"431","0","ADX","16/4/2026 05:19:58"
"com.mmjz.mmjizhang","檬檬记账",,,"840","0","ADX","16/4/2026 05:19:58"
"com.mnwl.mouselife","乐鼠生活",,,"131936","0","ADX","16/4/2026 05:19:58"
"com.mnwl.szys","饔馔饮食",,,"7635","0","ADX","16/4/2026 05:19:58"
"com.mobile.cloudgames","870游戏","游戏平台",,"5946","0","ADX","16/4/2026 05:19:58"
"com.mobile.cloudgames","com.mobile.cloudgames","游戏平台",,"19","0","ADX","16/4/2026 05:19:58"
"com.mobivans.accountbookprofessional","com.mobivans.AccountBookProfessional",,,"71326","0","ADX","16/4/2026 05:19:58"
"com.mobvoi.moyin","com.mobvoi.moyin",,,"651","0","ADX","16/4/2026 05:19:58"
"com.mobvoi.moyin","魔音工坊",,,"9169","0","ADX","16/4/2026 05:19:58"
"com.moji.mjweather","com.moji.mjweather",,,"132","0","ADX","16/4/2026 05:19:58"
"com.moji.mojiweather","com.moji.MojiWeather","天气查询",,"478720","0","ADX","16/4/2026 05:19:58"
"com.molin.migaoweather","com.molin.MiGaoWeather",,,"234","0","ADX","16/4/2026 05:19:58"
"com.morph.ogen","com.morph.ogen",,,"5847","0","ADX","16/4/2026 05:19:58"
"com.morph.ogen","易淘生活-250716",,,"151","0","ADX","16/4/2026 05:19:58"
"com.mosoink.teach","com.mosoink.teach","学习教育",,"304","0","ADX","16/4/2026 05:19:58"
"com.mosoink.teach","云班课","学习教育",,"13936","0","ADX","16/4/2026 05:19:58"
"com.motoband","MotoBand","聊天社交",,"330","0","ADX","16/4/2026 05:19:58"
"com.motoband","com.motoband","聊天社交",,"1213","0","ADX","16/4/2026 05:19:58"
"com.motoband","摩托邦","聊天社交",,"208607","0","ADX","16/4/2026 05:19:58"
"com.mozhe.pome","POME","聊天社交",,"19674","0","ADX","16/4/2026 05:19:58"
"com.mozhe.pome","POME-IOS","聊天社交",,"2","0","ADX","16/4/2026 05:19:58"
"com.mozhe.pome","POME-iOS-ADN","聊天社交",,"132","0","ADX","16/4/2026 05:19:58"
"com.mozhe.pome","POME-安卓-ADN","聊天社交",,"5","0","ADX","16/4/2026 05:19:58"
"com.mozhe.pome","Pome","聊天社交",,"2310","0","ADX","16/4/2026 05:19:58"
"com.mozhe.pome","com.mozhe.pome","聊天社交",,"9434","0","ADX","16/4/2026 05:19:58"
"com.mpp.jk","手机监控看家","视频监控",,"1672","0","ADX","16/4/2026 05:19:58"
"com.mqcp.rtdf","com.mqcp.rtdf",,,"2","0","ADX","16/4/2026 05:19:58"
"com.mrhb.app","每日红包",,,"1440","0","ADX","16/4/2026 05:19:58"
"com.mrhb.app","淘金夺宝",,,"1533","0","ADX","16/4/2026 05:19:58"
"com.mskl.app","阅阅赚",,,"72","0","ADX","16/4/2026 05:19:58"
"com.music.tool","com.music.tool",,,"67","0","ADX","16/4/2026 05:19:58"
"com.mw.weather.pro","com.mw.weather.pro",,,"371","0","ADX","16/4/2026 05:19:58"
"com.my.cooking.chef.kitchen.craze.fever.cn","com.my.cooking.chef.kitchen.craze.fever.cn",,,"13","0","ADX","16/4/2026 05:19:58"
"com.my.miyuan","com.my.MiYuan",,,"25796","0","ADX","16/4/2026 05:19:58"
"com.my.miyuan","蜜源",,,"152","0","ADX","16/4/2026 05:19:58"
"com.my.miyuan","蜜源iOS",,,"326","0","ADX","16/4/2026 05:19:58"
"com.mygolbs.mybus","com.mygolbs.mybus",,,"8786","0","ADX","16/4/2026 05:19:58"
"com.mygolbs.mybus","掌上公交",,,"479473","0","ADX","16/4/2026 05:19:58"
"com.mygolbs.mybus","掌上公交-android",,,"29","0","ADX","16/4/2026 05:19:58"
"com.mygolbs.mybus","掌上公交iOS",,,"103","0","ADX","16/4/2026 05:19:58"
"com.myicon.themeiconchanger","com.myicon.themeiconchanger",,,"102262","0","ADX","16/4/2026 05:19:58"
"com.mymoney","com.mymoney","金融理财",,"281","0","ADX","16/4/2026 05:19:58"
"com.mymoney","随手记","金融理财",,"276540","0","ADX","16/4/2026 05:19:58"
"com.mymoney","随手记安卓","金融理财",,"84","0","ADX","16/4/2026 05:19:58"
"com.myproject.xianpro","台瞄",,,"11","0","ADX","16/4/2026 05:19:58"
"com.myst.forge.ailnrca","com.myst.forge.ailnrca",,,"2","0","ADX","16/4/2026 05:19:58"
"com.nbmaster.app","NB Pro",,,"616","0","ADX","16/4/2026 05:19:58"
"com.nbmaster.app","NB全能助手",,,"9298","0","ADX","16/4/2026 05:19:58"
"com.nbmaster.app","com.nbmaster.app",,,"113","0","ADX","16/4/2026 05:19:58"
"com.net.mengmaowallet","可萌记账Plus",,,"136","0","ADX","16/4/2026 05:19:58"
"com.netease.android.cloudgame","com.netease.android.cloudgame","实用工具",,"6","0","ADX","16/4/2026 05:19:58"
"com.netease.android.cloudgame","网易云游戏","实用工具",,"3438","0","ADX","16/4/2026 05:19:58"
"com.netease.avg","com.netease.avg","游戏/安全",,"92","0","ADX","16/4/2026 05:19:58"
"com.netease.avg","易次元","游戏/安全",,"53807","0","ADX","16/4/2026 05:19:58"
"com.netease.avg.huawei","com.netease.avg.huawei",,,"66","0","ADX","16/4/2026 05:19:58"
"com.netease.avg.huawei","易次元",,,"84661","0","ADX","16/4/2026 05:19:58"
"com.netease.edu.study","com.netease.edu.study",,,"6","0","ADX","16/4/2026 05:19:58"
"com.netease.lottomation","com.netease.Lottomation",,,"16412","0","ADX","16/4/2026 05:19:58"
"com.netease.lottomation","精准比分",,,"16191","0","ADX","16/4/2026 05:19:58"
"com.netease.news","com.netease.news",,,"18053","0","ADX","16/4/2026 05:19:58"
"com.newcapec.mobile.ncp","com.newcapec.mobile.ncp","学习教育",,"110067","0","ADX","16/4/2026 05:19:58"
"com.newcapec.mobile.ncp","完美校园","学习教育",,"553237","0","ADX","16/4/2026 05:19:58"
"com.nineton.todolist","我要做计划",,,"4","0","ADX","16/4/2026 05:19:58"
"com.niuniu.ztdh.app","牛牛免费短剧",,,"7801","0","ADX","16/4/2026 05:19:58"
"com.njh.biubiu","biubiu加速器","实用工具",,"359586","0","ADX","16/4/2026 05:19:58"
"com.njh.biubiu","com.njh.biubiu","实用工具",,"5625","0","ADX","16/4/2026 05:19:58"
"com.nnyn.kaneigh","com.nnyn.kaneigh",,,"3964","0","ADX","16/4/2026 05:19:58"
"com.nnyn.kaneigh","连连看",,,"27985","0","ADX","16/4/2026 05:19:58"
"com.noahedu.pmcclient","com.noahedu.PMCclient",,,"21454","0","ADX","16/4/2026 05:19:58"
"com.noahedu.pmcclient","优学派家长管理",,,"22561","0","ADX","16/4/2026 05:19:58"
"com.notesic.ity","com.notesic.ity",,,"12","0","ADX","16/4/2026 05:19:58"
"com.number.color.puzzle","com.number.color.puzzle",,,"3908","0","ADX","16/4/2026 05:19:58"
"com.nursinghome.monitor","Care Home",,,"16","0","ADX","16/4/2026 05:19:58"
"com.nursinghome.monitor","com.nursinghome.monitor",,,"668","0","ADX","16/4/2026 05:19:58"
"com.nursinghome.monitor","看护家",,,"65388","0","ADX","16/4/2026 05:19:58"
"com.nursinghome.monitor","看護家",,,"64","0","ADX","16/4/2026 05:19:58"
"com.nw.cleansite.novel","com.nw.cleansite.novel","阅读",,"9","0","ADX","16/4/2026 05:19:58"
"com.nw.cleansite.novel","免费漫画阅站","阅读",,"183","0","ADX","16/4/2026 05:19:58"
"com.nw.cleansite.novel","阅站漫画","阅读",,"151","0","ADX","16/4/2026 05:19:58"
"com.octopus.yjr","易家人",,,"187","0","ADX","16/4/2026 05:19:58"
"com.ofgj.dgh","com.ofgj.dgh",,,"175","0","ADX","16/4/2026 05:19:58"
"com.ofgj.dgh","小金牛短剧-25.6.10",,,"190","0","ADX","16/4/2026 05:19:58"
"com.okooo.st.ticai","澳客2014",,,"219","0","ADX","16/4/2026 05:19:58"
"com.oplay.textextractor","com.oplay.textExtractor",,,"13327","0","ADX","16/4/2026 05:19:58"
"com.oppo.music","Music",,,"899","0","ADX","16/4/2026 05:19:58"
"com.oppo.music","com.oppo.music",,,"9","0","ADX","16/4/2026 05:19:58"
"com.oppo.music","音乐",,,"41560","0","ADX","16/4/2026 05:19:58"
"com.oppo.music","音樂",,,"81","0","ADX","16/4/2026 05:19:58"
"com.paint.play.color","com.paint.play.color",,,"54","0","ADX","16/4/2026 05:19:58"
"com.patateam.burgermaster","com.patateam.burgermaster",,,"2667","0","ADX","16/4/2026 05:19:58"
"com.pcqpro.ym","原命万年历",,,"9","0","ADX","16/4/2026 05:19:58"
"com.pengpengci","com.pengpengci",,,"8","0","ADX","16/4/2026 05:19:58"
"com.pengpengci","碰碰词",,,"803","0","ADX","16/4/2026 05:19:58"
"com.pengtuzm.sgg","com.pengtuzm.sgg",,,"961","0","ADX","16/4/2026 05:19:58"
"com.peugeot.qingqibiaozhi","com.peugeot.qingqibiaozhi",,,"278","0","ADX","16/4/2026 05:19:58"
"com.peugeot.qingqibiaozhi","标致摩托CRM",,,"582","0","ADX","16/4/2026 05:19:58"
"com.pgl1368.m","攀聚商城",,,"166","0","ADX","16/4/2026 05:19:58"
"com.picsart.editor","com.picsart.editor",,,"64","0","ADX","16/4/2026 05:19:58"
"com.pipisafe.note","com.pipisafe.note",,,"13","0","ADX","16/4/2026 05:19:58"
"com.pixel.ibeads","com.pixel.ibeads",,,"7090","0","ADX","16/4/2026 05:19:58"
"com.pl.getaway.getaway","com.pl.getaway.getaway",,,"63","0","ADX","16/4/2026 05:19:58"
"com.pl.getaway.getaway","不做手机控",,,"423","0","ADX","16/4/2026 05:19:58"
"com.planet.android","com.planet.android",,,"5","0","ADX","16/4/2026 05:19:58"
"com.player.online.games.battle","com.player.online.games.battle",,,"418","0","ADX","16/4/2026 05:19:58"
"com.player.online.games.battle","双人竞技场",,,"6357","0","ADX","16/4/2026 05:19:58"
"com.poui.vctyp.newpack","数字共创",,,"39","0","ADX","16/4/2026 05:19:58"
"com.pplive.androidphone.sport","PP体育",,,"1466","0","ADX","16/4/2026 05:19:58"
"com.pplive.androidphone.sport","com.pplive.androidphone.sport",,,"10","0","ADX","16/4/2026 05:19:58"
"com.ppmm.suki","Suki","社交",,"23816","0","ADX","16/4/2026 05:19:58"
"com.ppmm.suki","com.ppmm.suki","社交",,"143","0","ADX","16/4/2026 05:19:58"
"com.ppmm.suki","suki","社交",,"18753","0","ADX","16/4/2026 05:19:58"
"com.ppou.jytd","com.ppou.jytd",,,"92","0","ADX","16/4/2026 05:19:58"
"com.ppou.jytd","小金牛故事-26.3.23",,,"1454","0","ADX","16/4/2026 05:19:58"
"com.pqss.gtda","com.pqss.gtda",,,"110","0","ADX","16/4/2026 05:19:58"
"com.pqss.gtda","小金牛故事-26.3.28",,,"49","0","ADX","16/4/2026 05:19:58"
"com.psbc.citizencard","com.psbc.citizencard",,,"22","0","ADX","16/4/2026 05:19:58"
"com.psyone.brainmusic","com.psyone.brainmusic","医疗健康",,"414","0","ADX","16/4/2026 05:19:58"
"com.psyone.brainmusic","小睡眠","医疗健康",,"9424","0","ADX","16/4/2026 05:19:58"
"com.puwell.ipc360pro","IPC360 Pro",,,"24","0","ADX","16/4/2026 05:19:58"
"com.pxkjformal.parallelcampus","com.pxkjformal.parallelcampus",,,"206","0","ADX","16/4/2026 05:19:58"
"com.pxkjformal.parallelcampus","多彩校园",,,"53482","0","ADX","16/4/2026 05:19:58"
"com.pytd.uytu","com.pytd.uytu",,,"300","0","ADX","16/4/2026 05:19:58"
"com.pytd.uytu","小金牛故事",,,"3806","0","ADX","16/4/2026 05:19:58"
"com.pytd.uytu","小金牛故事-26.3.16",,,"1412","0","ADX","16/4/2026 05:19:58"
"com.pythagoras.math.book","com.pythagoras.math.book",,,"12","0","ADX","16/4/2026 05:19:58"
"com.qdom.wkpv","com.qdom.wkpv",,,"301","0","ADX","16/4/2026 05:19:58"
"com.qdom.wkpv","有米剧场-25.7.8",,,"94","0","ADX","16/4/2026 05:19:58"
"com.qdx.qiuzidao","com.qdx.qiuzidao","新闻资讯",,"123","0","ADX","16/4/2026 05:19:58"
"com.qdx.qiuzidao","球客岛","新闻资讯",,"2278","0","ADX","16/4/2026 05:19:58"
"com.qeeniao.mobile.kdjz","com.qeeniao.mobile.kdjz",,,"12","0","ADX","16/4/2026 05:19:58"
"com.qeeniao.mobile.kdjz","口袋记账",,,"1139","0","ADX","16/4/2026 05:19:58"
"com.qeeyou.mobilegameaccelerator","com.qeeyou.MobileGameAccelerator",,,"10839","0","ADX","16/4/2026 05:19:58"
"com.qeeyou.mobilegameaccelerator","奇游加速器",,,"14","0","ADX","16/4/2026 05:19:58"
"com.qeeyou.mobilegameaccelerator","奇游加速器 - 全球游戏畅玩",,,"39265","0","ADX","16/4/2026 05:19:58"
"com.qianbao.xr.premiumbao","52-优米短剧premiumbao",,,"20","0","ADX","16/4/2026 05:19:58"
"com.qianbao.xr.premiumbao","com.qianbao.xr.premiumbao",,,"861","0","ADX","16/4/2026 05:19:58"
"com.qianguo.qgenjoy","仟果","教育/考试测评",,"62","0","ADX","16/4/2026 05:19:58"
"com.qianshun.hldy","com.qianshun.hldy",,,"27","0","ADX","16/4/2026 05:19:58"
"com.qianshun.hldy","欢乐钓鱼",,,"17123","0","ADX","16/4/2026 05:19:58"
"com.qianshun.ksc","com.qianshun.ksc",,,"616","0","ADX","16/4/2026 05:19:58"
"com.qianshun.ksc","快上车",,,"9106","0","ADX","16/4/2026 05:19:58"
"com.qianshun.tcdxc","com.qianshun.tcdxc",,,"24","0","ADX","16/4/2026 05:19:58"
"com.qianshun.tcdxc","逃出地下城",,,"6882","0","ADX","16/4/2026 05:19:58"
"com.qianshun.xzfxxl","com.qianshun.xzfxxl",,,"105","0","ADX","16/4/2026 05:19:58"
"com.qianshun.xzfxxl","想致富先修路",,,"2091","0","ADX","16/4/2026 05:19:58"
"com.qiaoan.qiaoanzhilian","Joolink","未知",,"30490","0","ADX","16/4/2026 05:19:58"
"com.qiaoan.qiaoanzhilian","com.qiaoan.qiaoanzhilian","未知",,"34446","0","ADX","16/4/2026 05:19:58"
"com.qiaoan.qiaoanzhilian","乔安智联","未知",,"4264149","0","ADX","16/4/2026 05:19:58"
"com.qiaoan.qiaoanzhilian","乔安智联-ios","未知",,"368","0","ADX","16/4/2026 05:19:58"
"com.qiaoan.qiaoanzhilian","乔安智联_iOS","未知",,"51673","0","ADX","16/4/2026 05:19:58"
"com.qiaoan.qiaoanzhilian","喬安智聯","未知",,"30507","0","ADX","16/4/2026 05:19:58"
"com.qicheng.bushuji","com.qicheng.bushuji",,,"476","0","ADX","16/4/2026 05:19:58"
"com.qicheng.bushuji","启趣步数记",,,"2154","0","ADX","16/4/2026 05:19:58"
"com.qiekan.xinpian","且看新篇",,,"28106","0","ADX","16/4/2026 05:19:58"
"com.qiekj.qeuser","",,,"509398","0","ADX","16/4/2026 05:19:58"
"com.qiekj.qeuser","Penguin Life",,,"2188","0","ADX","16/4/2026 05:19:58"
"com.qiekj.qeuser","QEUser",,,"52871","0","ADX","16/4/2026 05:19:58"
"com.qiekj.qeuser","com.qiekj.QEUser",,,"26011","0","ADX","16/4/2026 05:19:58"
"com.qiekj.qeuser","胖乖生活",,,"293310","0","ADX","16/4/2026 05:19:58"
"com.qiekj.qeuser","胖乖生活-IOS",,,"624","0","ADX","16/4/2026 05:19:58"
"com.qihoo.cleandroid_cn","com.qihoo.cleandroid_cn","实用工具",,"50","0","ADX","16/4/2026 05:19:58"
"com.qihoo.dr","com.qihoo.dr",,,"8","0","ADX","16/4/2026 05:19:58"
"com.qiku.android.filebrowser","com.qiku.android.filebrowser",,,"18","0","ADX","16/4/2026 05:19:58"
"com.qiku.android.filebrowser","文件管理",,,"556","0","ADX","16/4/2026 05:19:58"
"com.qingnang.zjqnyj","青囊游记",,,"24000","0","ADX","16/4/2026 05:19:58"
"com.qingsi.tqtm","晴飔天气",,,"338","0","ADX","16/4/2026 05:19:58"
"com.qingxin.cp","倾心测评",,,"285","0","ADX","16/4/2026 05:19:58"
"com.qingyue.xsqy","晴阅小说",,,"3381","0","ADX","16/4/2026 05:19:58"
"com.qinlin.edoor","com.qinlin.edoor","其他",,"32","0","ADX","16/4/2026 05:19:58"
"com.qinlin.edoor","亲邻开门","其他",,"56117","0","ADX","16/4/2026 05:19:58"
"com.qiudashi.qiudashitiyu","球大师",,,"5063","0","ADX","16/4/2026 05:19:58"
"com.qixing.dongzhihuibk","com.qixing.dongzhihuibk",,,"2880","0","ADX","16/4/2026 05:19:58"
"com.qixing.dongzhihuibk","懂知会百科",,,"5025","0","ADX","16/4/2026 05:19:58"
"com.qixing.lantaicdcd","com.qixing.lantaicdcd",,,"655","0","ADX","16/4/2026 05:19:58"
"com.qixing.lantaicdcd","兰台晦充电",,,"8965","0","ADX","16/4/2026 05:19:58"
"com.qleduo.www","com.qleduo.www",,,"9","0","ADX","16/4/2026 05:19:58"
"com.qleduo.www","奇趣星域",,,"5339","0","ADX","16/4/2026 05:19:58"
"com.qmnjapp.home","全民拿奖-小米",,,"33928","0","ADX","16/4/2026 05:19:58"
"com.quantum.edge","com.quantum.edge",,,"46","0","ADX","16/4/2026 05:19:58"
"com.qwer.util","聚宝客Mini版",,,"2042","0","ADX","16/4/2026 05:19:58"
"com.qwtq.bhjn","皕龛纪念1",,,"65642","0","ADX","16/4/2026 05:19:58"
"com.qwtq.zljz","踟楙记账",,,"44276","0","ADX","16/4/2026 05:19:58"
"com.qx.coach","维尔驾服",,,"127","0","ADX","16/4/2026 05:19:58"
"com.qyxy.ydzz","com.qyxy.ydzz",,,"915","0","ADX","16/4/2026 05:19:58"
"com.rd.tengfei.bdnotification","RDFit",,,"5044","0","ADX","16/4/2026 05:19:58"
"com.rd.tengfei.bdnotification.ios","RDFit",,,"13616","0","ADX","16/4/2026 05:19:58"
"com.rd.tengfei.bdnotification.ios","com.rd.tengfei.bdnotification.ios",,,"3164","0","ADX","16/4/2026 05:19:58"
"com.read.smoothly0427","com.read.smoothly0427",,,"8","0","ADX","16/4/2026 05:19:58"
"com.read.smoothly0427","新5G",,,"1383","0","ADX","16/4/2026 05:19:58"
"com.reader.miaozhua","喵爪小说",,,"804","0","ADX","16/4/2026 05:19:58"
"com.reader.xiyue","com.reader.xiyue","阅读",,"368","0","ADX","16/4/2026 05:19:58"
"com.reader.xiyue","阅友小说","阅读",,"13118","0","ADX","16/4/2026 05:19:58"
"com.rerise.xlcx","小雷出行",,,"122","0","ADX","16/4/2026 05:19:58"
"com.rgb.rgb2","com.rgb.rgb2",,,"5177","0","ADX","16/4/2026 05:19:58"
"com.rgb.rgb2","利帅影视",,,"30408","0","ADX","16/4/2026 05:19:58"
"com.rh.clear.dusting","com.rh.clear.dusting",,,"32","0","ADX","16/4/2026 05:19:58"
"com.rise.ioskillersd","Killer Sudoku",,,"270","0","ADX","16/4/2026 05:19:58"
"com.rise.ioskillersd","com.rise.ioskillersd",,,"851","0","ADX","16/4/2026 05:19:58"
"com.rise.ioskillersd","杀手数独",,,"67","0","ADX","16/4/2026 05:19:58"
"com.rockets.chang","com.rockets.chang","影音视听",,"129","0","ADX","16/4/2026 05:19:58"
"com.rockets.chang","唱鸭","影音视听",,"14202","0","ADX","16/4/2026 05:19:58"
"com.rongqide.shaonao","烧脑短剧",,,"1333","0","ADX","16/4/2026 05:19:58"
"com.royalgroups.bbvoice","BB语音",,,"931","0","ADX","16/4/2026 05:19:58"
"com.royalgroups.bbvoice","com.royalgroups.bbvoice",,,"1850","0","ADX","16/4/2026 05:19:58"
"com.sabac.hy","欢游",,,"961402","0","ADX","16/4/2026 05:19:58"
"com.safeluck.net.classroom","安运网上教育",,,"464","0","ADX","16/4/2026 05:19:58"
"com.sajd.ijsa","com.sajd.ijsa",,,"1445","0","ADX","16/4/2026 05:19:58"
"com.sajd.ijsa","绘画大作战5-安卓",,,"3071","0","ADX","16/4/2026 05:19:58"
"com.sdqy.hui","券悦惠",,,"16637","0","ADX","16/4/2026 05:19:58"
"com.seaspeed.puzzle","com.seaspeed.puzzle",,,"17","0","ADX","16/4/2026 05:19:58"
"com.seca.live","com.seca.live",,,"4","0","ADX","16/4/2026 05:19:58"
"com.sfacg","com.sfacg","图书阅读",,"203","0","ADX","16/4/2026 05:19:58"
"com.sfacg","菠萝包轻小说","图书阅读",,"126087","0","ADX","16/4/2026 05:19:58"
"com.sfacg","菠蘿包輕小說","图书阅读",,"203","0","ADX","16/4/2026 05:19:58"
"com.sfacg.sfreader","com.sfacg.SFReader",,,"85","0","ADX","16/4/2026 05:19:58"
"com.sfacg.sfreader","菠萝包轻小说",,,"1718","0","ADX","16/4/2026 05:19:58"
"com.sfexpress.knight","com.sfexpress.knight","寄收快递",,"82","0","ADX","16/4/2026 05:19:58"
"com.sfexpress.knight","顺丰同城骑士","寄收快递",,"43418","0","ADX","16/4/2026 05:19:58"
"com.sgai.shiftassitanttoappstore","com.SGAI.ShiftAssitantToAppStore",,,"14964","0","ADX","16/4/2026 05:19:58"
"com.sgai.shiftassitanttoappstore","倒班助手",,,"5065","0","ADX","16/4/2026 05:19:58"
"com.shanbay.sentence","com.shanbay.sentence","词典",,"270","0","ADX","16/4/2026 05:19:58"
"com.shanbay.sentence","扇贝单词英语版","词典",,"62337","0","ADX","16/4/2026 05:19:58"
"com.shanchong.stars","闪充星",,,"16411","0","ADX","16/4/2026 05:19:58"
"com.shangtu.chetuoche","车拖车",,,"462","0","ADX","16/4/2026 05:19:58"
"com.shanshi.ji","山食记",,,"20803","0","ADX","16/4/2026 05:19:58"
"com.shanyouhui.app","com.shanyouhui.app",,,"3","0","ADX","16/4/2026 05:19:58"
"com.shanyouhui.app","熊猫米米",,,"103","0","ADX","16/4/2026 05:19:58"
"com.shen","com.shen",,,"1760","0","ADX","16/4/2026 05:19:58"
"com.shen","e充电",,,"31","0","ADX","16/4/2026 05:19:58"
"com.shequbanjing.sc","半径智社区",,,"152","0","ADX","16/4/2026 05:19:58"
"com.shihuiji.home","拾惠记-OPPO",,,"304","0","ADX","16/4/2026 05:19:58"
"com.shihuiji.home","拾惠记-小米",,,"16927","0","ADX","16/4/2026 05:19:58"
"com.shijie.smff","识界扫描",,,"844","0","ADX","16/4/2026 05:19:58"
"com.shikui.ju","十葵短剧",,,"8508","0","ADX","16/4/2026 05:19:58"
"com.shineyie.aijianji","爱剪辑",,,"96","0","ADX","16/4/2026 05:19:58"
"com.shineyie.dazz.camera","com.shineyie.dazz.camera",,,"3","0","ADX","16/4/2026 05:19:58"
"com.shineyue.shoujigjj","com.shineyue.shoujigjj",,,"4783","0","ADX","16/4/2026 05:19:58"
"com.shineyue.shoujigjj","手机公积金",,,"2920","0","ADX","16/4/2026 05:19:58"
"com.shing.iospintu","com.shing.iospintu",,,"149","0","ADX","16/4/2026 05:19:58"
"com.shing.iospintu","拼图大闯关",,,"582","0","ADX","16/4/2026 05:19:58"
"com.shing.iostiaoqi","com.shing.iostiaoqi",,,"474","0","ADX","16/4/2026 05:19:58"
"com.shing.iostiaoqi","跳棋",,,"456","0","ADX","16/4/2026 05:19:58"
"com.shing.ioswzq","五子棋",,,"444","0","ADX","16/4/2026 05:19:58"
"com.shixigongyue.voice","com.shixigongyue.voice",,,"102","0","ADX","16/4/2026 05:19:58"
"com.shixigongyue.voice","进圈",,,"22938","0","ADX","16/4/2026 05:19:58"
"com.shixiseng.activity","com.shixiseng.activity",,,"9","0","ADX","16/4/2026 05:19:58"
"com.shixiseng.activity","实习僧",,,"1481","0","ADX","16/4/2026 05:19:58"
"com.shnbv.cliyu","com.shnbv.cliyu",,,"15","0","ADX","16/4/2026 05:19:58"
"com.shootz.app.shootz","com.shootZ.app.shootz",,,"1275","0","ADX","16/4/2026 05:19:58"
"com.shootz.app.shootz","球秀",,,"2398","0","ADX","16/4/2026 05:19:58"
"com.shougang.shiftassistant","com.shougang.shiftassistant",,,"73","0","ADX","16/4/2026 05:19:58"
"com.shougang.shiftassistant","倒班助手",,,"5531","0","ADX","16/4/2026 05:19:58"
"com.shtj.xiuqu.two","com.shtj.xiuqu.two","游戏",,"5","0","ADX","16/4/2026 05:19:58"
"com.shufan.edu","树帆教育",,,"204","0","ADX","16/4/2026 05:19:58"
"com.shuhangshangdao.app","com.shuhangshangdao.app","生活服务/上门按摩",,"13","0","ADX","16/4/2026 05:19:58"
"com.shuhangshangdao.app","数航商道","生活服务/上门按摩",,"174456","0","ADX","16/4/2026 05:19:58"
"com.shuhangshangdao.app","祥爱馨程","生活服务/上门按摩",,"19321","0","ADX","16/4/2026 05:19:58"
"com.shuhangshangdao.app","详爱馨程","生活服务/上门按摩",,"144","0","ADX","16/4/2026 05:19:58"
"com.shuimian.gg","咕咕睡眠",,,"8088","0","ADX","16/4/2026 05:19:58"
"com.shuiyinbao.android","com.shuiyinbao.android",,,"77","0","ADX","16/4/2026 05:19:58"
"com.shuke.shanxin.shanxin","闪信生活",,,"2537","0","ADX","16/4/2026 05:19:58"
"com.shulu.ntgf.fad7e2e1e02f64b5ab23c759cade29411","com.shulu.ntgf.fad7e2e1e02f64b5ab23c759cade29411",,,"5","0","ADX","16/4/2026 05:19:58"
"com.shulu.ntgf.n90ffd774087442289a25b9e30c4c56c8","com.shulu.ntgf.n90ffd774087442289a25b9e30c4c56c8",,,"6","0","ADX","16/4/2026 05:19:58"
"com.shunwan.yuanmeng.journey","com.shunwan.yuanmeng.journey",,,"73","0","ADX","16/4/2026 05:19:58"
"com.shunwan.yuanmeng.journey","圆梦新征程",,,"2578","0","ADX","16/4/2026 05:19:58"
"com.shunyu.novel","舜语小说",,,"164120","0","ADX","16/4/2026 05:19:58"
"com.shuwen.magic.app","com.shuwen.magic.app",,,"3324","0","ADX","16/4/2026 05:19:58"
"com.shuwen.magic.app","剪贝",,,"6327","0","ADX","16/4/2026 05:19:58"
"com.shuyuan.mmsz","美妙数字",,,"38","0","ADX","16/4/2026 05:19:58"
"com.sihuatech.cloudvideo","WiODO","居家生活",,"284","0","ADX","16/4/2026 05:19:58"
"com.sihuatech.cloudvideo","com.sihuatech.cloudvideo","居家生活",,"1416","0","ADX","16/4/2026 05:19:58"
"com.sihuatech.cloudvideo","唯哆","居家生活",,"163815","0","ADX","16/4/2026 05:19:58"
"com.simmytech.iospixel.cn","com.simmytech.iOSPixel.cn",,,"1923","0","ADX","16/4/2026 05:19:58"
"com.sina.lottery.gai","com.sina.lottery.gai","金融理财",,"77316","0","ADX","16/4/2026 05:19:58"
"com.sina.lottery.gai","小炮","金融理财",,"8977","0","ADX","16/4/2026 05:19:58"
"com.sina.lottery.gai","新浪小炮","金融理财",,"1367","0","ADX","16/4/2026 05:19:58"
"com.sina.lottery.iai","小炮",,,"1388","0","ADX","16/4/2026 05:19:58"
"com.sina.mail.free","新浪邮箱","邮箱",,"876","0","ADX","16/4/2026 05:19:58"
"com.sina.tianqitong","com.sina.tianqitong",,,"3833","0","ADX","16/4/2026 05:19:58"
"com.sinlihe.gps.spirit","com.sinlihe.gps.spirit",,,"34","0","ADX","16/4/2026 05:19:58"
"com.sinmore.sousounong","com.sinmore.sousounong",,,"18","0","ADX","16/4/2026 05:19:58"
"com.sjy.kdrama","com.sjy.kdrama",,,"2282","0","ADX","16/4/2026 05:19:58"
"com.sjy.kdrama","韩小剧",,,"12725","0","ADX","16/4/2026 05:19:58"
"com.sjz.ss","com.sjz.ss",,,"11","0","ADX","16/4/2026 05:19:58"
"com.sjz.ss","速搜计算器",,,"2077","0","ADX","16/4/2026 05:19:58"
"com.skidmorestud.tivoliy","com.skidmorestud.tivoliy",,,"2","0","ADX","16/4/2026 05:19:58"
"com.skyland.flysdtpchat.sd","com.skyland.flysdtpchat.sd",,,"16","0","ADX","16/4/2026 05:19:58"
"com.skyland.flysdtpchat.sd","舍得之家",,,"260","0","ADX","16/4/2026 05:19:58"
"com.sleep.star","星眠记",,,"21611","0","ADX","16/4/2026 05:19:58"
"com.sm.alina","com.sm.Alina",,,"8767","0","ADX","16/4/2026 05:19:58"
"com.smallcircle.superfit","com.smallcircle.superfit",,,"79","0","ADX","16/4/2026 05:19:58"
"com.smart.bill.app","com.smart.bill.app",,,"425","0","ADX","16/4/2026 05:19:58"
"com.smart.bill.app","甜心记账",,,"6447","0","ADX","16/4/2026 05:19:58"
"com.smartisan.notes","com.smartisan.notes",,,"4510","0","ADX","16/4/2026 05:19:58"
"com.smartpos.app","com.smartpos.app","金融支付",,"13","0","ADX","16/4/2026 05:19:58"
"com.smartpos.app","惠管家门店通","金融支付",,"1564","0","ADX","16/4/2026 05:19:58"
"com.sneakergif.whisper","com.sneakergif.whisper",,,"135","0","ADX","16/4/2026 05:19:58"
"com.snowball.sky.yx","GT智能家居",,,"3823","0","ADX","16/4/2026 05:19:58"
"com.snowball.sky.yx","com.snowball.sky.yx",,,"3017","0","ADX","16/4/2026 05:19:58"
"com.soccer.hero.star","com.soccer.hero.star",,,"2","0","ADX","16/4/2026 05:19:58"
"com.soda.music","com.soda.music","音乐播放",,"340006","0","ADX","16/4/2026 05:19:58"
"com.soda.music","汽水音乐","音乐播放",,"13615348","0","ADX","16/4/2026 05:19:58"
"com.soda.music","汽水音乐-iOS","音乐播放",,"127","0","ADX","16/4/2026 05:19:58"
"com.soft.blued","com.soft.blued",,,"32733","0","ADX","16/4/2026 05:19:58"
"com.solot.globaltide","Global Tide","工具/天气",,"201","0","ADX","16/4/2026 05:19:58"
"com.solot.globaltide","com.solot.GlobalTide","工具/天气",,"14032","0","ADX","16/4/2026 05:19:58"
"com.solot.globaltide","全球潮汐","工具/天气",,"85941","0","ADX","16/4/2026 05:19:58"
"com.solot.globaltide","全球潮汐iOS","工具/天气",,"4","0","ADX","16/4/2026 05:19:58"
"com.solot.seafishing2","CATCHES","游戏-休闲",,"46","0","ADX","16/4/2026 05:19:58"
"com.solot.seafishing2","com.solot.seafishing2","游戏-休闲",,"2429","0","ADX","16/4/2026 05:19:58"
"com.solot.seafishing2","渔获","游戏-休闲",,"84416","0","ADX","16/4/2026 05:19:58"
"com.solot.seafishing2","漁獲","游戏-休闲",,"590","0","ADX","16/4/2026 05:19:58"
"com.soohoot.ptest","普通话发音测试",,,"7","0","ADX","16/4/2026 05:19:58"
"com.sort.chuan.color","com.sort.chuan.color",,,"52","0","ADX","16/4/2026 05:19:58"
"com.soulapp.cn","com.soulapp.cn","社交",,"266308","0","ADX","16/4/2026 05:19:58"
"com.sousou.android.sign","com.sousou.android.sign",,,"17","0","ADX","16/4/2026 05:19:58"
"com.sousou.android.sign","筑梦签到",,,"217","0","ADX","16/4/2026 05:19:58"
"com.sousou.night.reader","com.sousou.night.reader","图书阅读",,"53","0","ADX","16/4/2026 05:19:58"
"com.sousou.night.reader","圆梦夜听","图书阅读",,"16081","0","ADX","16/4/2026 05:19:58"
"com.spark.sparkonline","星火英语",,,"1923","0","ADX","16/4/2026 05:19:58"
"com.spears.civilopedia","com.spears.Civilopedia",,,"455384","0","ADX","16/4/2026 05:19:58"
"com.spect.rogram","com.spect.rogram","工具/音频",,"779","0","ADX","16/4/2026 05:19:58"
"com.spect.rogram","易淘生活-250818","工具/音频",,"124","0","ADX","16/4/2026 05:19:58"
"com.sport.yuedong","com.sport.yuedong","运动健康",,"105936","0","ADX","16/4/2026 05:19:58"
"com.sport.yuedong","悦动圈","运动健康",,"21904","0","ADX","16/4/2026 05:19:58"
"com.sqzh.hantai","com.sqzh.hantai",,,"21589","0","ADX","16/4/2026 05:19:58"
"com.sqzh.hantai","韩小剧",,,"62864","0","ADX","16/4/2026 05:19:58"
"com.sqzh.hantai","韩小剧-iOS-M7",,,"14","0","ADX","16/4/2026 05:19:58"
"com.ss.byjl","步氧记录",,,"38846","0","ADX","16/4/2026 05:19:58"
"com.ss.clscan","com.ss.clscan",,,"805","0","ADX","16/4/2026 05:19:58"
"com.ss.clscan","云扫描",,,"69619","0","ADX","16/4/2026 05:19:58"
"com.ss.exyb","二咸月巴",,,"3223","0","ADX","16/4/2026 05:19:58"
"com.ss.funny","趣果园",,,"420","0","ADX","16/4/2026 05:19:58"
"com.ss.hdanm","com.ss.hdanm",,,"1729","0","ADX","16/4/2026 05:19:58"
"com.ss.hdanm","屏乐幕",,,"59750","0","ADX","16/4/2026 05:19:58"
"com.ss.hlchk","康小秘",,,"4832","0","ADX","16/4/2026 05:19:58"
"com.ss.kmj","康脉记",,,"18212","0","ADX","16/4/2026 05:19:58"
"com.ss.mntsp","莫奈调色盘",,,"32236","0","ADX","16/4/2026 05:19:58"
"com.ss.sbyi","节能宝",,,"6154","0","ADX","16/4/2026 05:19:58"
"com.ss.sjaq","飧捄安全",,,"46182","0","ADX","16/4/2026 05:19:58"
"com.ss.yzss","一账三生",,,"43354","0","ADX","16/4/2026 05:19:58"
"com.ssydance.dragon","com.ssydance.dragon",,,"38","0","ADX","16/4/2026 05:19:58"
"com.star.iosdasdor","com.star.iosdasdor",,,"297","0","ADX","16/4/2026 05:19:58"
"com.star.iosdasdor","成语接龙",,,"676","0","ADX","16/4/2026 05:19:58"
"com.starrysky.stariot","CareViewerProInternational",,,"515","0","ADX","16/4/2026 05:19:58"
"com.starrysky.stariot","com.starrysky.stariot",,,"10","0","ADX","16/4/2026 05:19:58"
"com.starrysky.stariot","星空星",,,"94","0","ADX","16/4/2026 05:19:58"
"com.starthing.cliveapp","com.starthing.cliveapp","硬件配套控制工具",,"1254","0","ADX","16/4/2026 05:19:58"
"com.starthing.cliveapp","乐仔生活","硬件配套控制工具",,"1065225","0","ADX","16/4/2026 05:19:58"
"com.stjt.vopen","com.stjt.vopen",,,"714","0","ADX","16/4/2026 05:19:58"
"com.stjt.vopen","思特云联",,,"103","0","ADX","16/4/2026 05:19:58"
"com.suizhi.bmdxm","土豆奇遇记",,,"56","0","ADX","16/4/2026 05:19:58"
"com.suizhi.bmdxm","我在老城区跑酷",,,"13","0","ADX","16/4/2026 05:19:58"
"com.suizhi.mgrcgj","土豆奇遇记",,,"360","0","ADX","16/4/2026 05:19:58"
"com.suizhi.mgrcgj","帽子先森奇遇记",,,"341","0","ADX","16/4/2026 05:19:58"
"com.suizhi.mgrcgj","我在老城区跑酷",,,"351","0","ADX","16/4/2026 05:19:58"
"com.suizhi.mgrcgj","熊猫探险计划",,,"339","0","ADX","16/4/2026 05:19:58"
"com.suizhi.mgrcgj","狂飙大卡车",,,"394","0","ADX","16/4/2026 05:19:58"
"com.suizhi.mgrcgj","看我奇思妙想",,,"359","0","ADX","16/4/2026 05:19:58"
"com.suizhi.nygdmx","土豆奇遇记",,,"457","0","ADX","16/4/2026 05:19:58"
"com.suizhi.nygdmx","帽子先森奇遇记",,,"564","0","ADX","16/4/2026 05:19:58"
"com.suizhi.nygdmx","我在老城区跑酷",,,"109","0","ADX","16/4/2026 05:19:58"
"com.suizhi.nygdmx","熊猫探险计划",,,"548","0","ADX","16/4/2026 05:19:58"
"com.suizhi.nygdmx","狂飙大卡车",,,"551","0","ADX","16/4/2026 05:19:58"
"com.suizhi.nygdmx","看我奇思妙想",,,"571","0","ADX","16/4/2026 05:19:58"
"com.suizhi.wsgxyg","土豆奇遇记",,,"136","0","ADX","16/4/2026 05:19:58"
"com.suizhi.wsgxyg","帽子先森奇遇记",,,"169","0","ADX","16/4/2026 05:19:58"
"com.suizhi.wsgxyg","我在老城区跑酷",,,"156","0","ADX","16/4/2026 05:19:58"
"com.suizhi.wsgxyg","熊猫探险计划",,,"153","0","ADX","16/4/2026 05:19:58"
"com.suizhi.wsgxyg","狂飙大卡车",,,"151","0","ADX","16/4/2026 05:19:58"
"com.suizhi.wsgxyg","看我奇思妙想",,,"144","0","ADX","16/4/2026 05:19:58"
"com.suma.gztong","com.suma.gztong",,,"128","0","ADX","16/4/2026 05:19:58"
"com.suma.gztong","贵州通",,,"20264","0","ADX","16/4/2026 05:19:58"
"com.sunland.yccloudpark","甬城泊车","旅行交通",,"202","0","ADX","16/4/2026 05:19:58"
"com.svm.hbyy","com.svm.hbyy","变声器",,"14573","0","ADX","16/4/2026 05:19:58"
"com.svm.hbyy","嗨变语音","变声器",,"17731","0","ADX","16/4/2026 05:19:58"
"com.svm.hbyy","比翼多开","变声器",,"8593","0","ADX","16/4/2026 05:19:58"
"com.sx.xiaoai","com.sx.xiaoai",,,"242","0","ADX","16/4/2026 05:19:58"
"com.sxdachun.entrepreneurial_world","com.sxdachun.entrepreneurial_world",,,"39","0","ADX","16/4/2026 05:19:58"
"com.sxdachun.entrepreneurial_world","创业天下",,,"5217","0","ADX","16/4/2026 05:19:58"
"com.sxwl.sgax","森林视频","实用工具",,"47","0","ADX","16/4/2026 05:19:58"
"com.sxwl.xiazi.chsp","天空视频","影音娱乐/视频",,"66","0","ADX","16/4/2026 05:19:58"
"com.szgx.zgt","com.szgx.zgt",,,"35","0","ADX","16/4/2026 05:19:58"
"com.szgx.zgt","智桂通",,,"608","0","ADX","16/4/2026 05:19:58"
"com.szjscam.jscam1688","com.szjscam.jscam1688","居家生活",,"9","0","ADX","16/4/2026 05:19:58"
"com.szjscam.jscam1688","小鲸看看","居家生活",,"4329","0","ADX","16/4/2026 05:19:58"
"com.szjscam.jscam1688","小鲸看看-安卓","居家生活",,"1347","0","ADX","16/4/2026 05:19:58"
"com.tange365.kanjia","","居家生活",,"3160","0","ADX","16/4/2026 05:19:58"
"com.tange365.kanjia","5G看家","居家生活",,"798612","0","ADX","16/4/2026 05:19:58"
"com.tange365.kanjia","5G看家-苹果","居家生活",,"159","0","ADX","16/4/2026 05:19:58"
"com.tange365.kanjia","5gCam","居家生活",,"6475","0","ADX","16/4/2026 05:19:58"
"com.tange365.kanjia","5gcam","居家生活",,"34","0","ADX","16/4/2026 05:19:58"
"com.tange365.kanjia","com.tange365.kanjia","居家生活",,"11520","0","ADX","16/4/2026 05:19:58"
"com.taobao.fleamarket","闲鱼",,,"2769421","0","ADX","16/4/2026 05:19:58"
"com.taobao.travel","com.taobao.travel",,,"1342","0","ADX","16/4/2026 05:19:58"
"com.taobao.travel","飞猪旅行",,,"411","0","ADX","16/4/2026 05:19:58"
"com.taojinglianmeng","淘客联盟",,,"8","0","ADX","16/4/2026 05:19:58"
"com.tbit.znddc","com.tbit.znddc",,,"20","0","ADX","16/4/2026 05:19:58"
"com.teacheredu.nenu","com.teacheredu.nenu",,,"32","0","ADX","16/4/2026 05:19:58"
"com.teacheredu.nenu","师学宝",,,"55","0","ADX","16/4/2026 05:19:58"
"com.teltlk.app","TELTLK",,,"7763","0","ADX","16/4/2026 05:19:58"
"com.teltlk.app","com.teltlk.app",,,"18","0","ADX","16/4/2026 05:19:58"
"com.tencent.daojucheng","com.tencent.daojucheng",,,"5964","0","ADX","16/4/2026 05:19:58"
"com.tencent.daojucheng","掌上道聚城",,,"44830","0","ADX","16/4/2026 05:19:58"
"com.tencent.djcity","com.tencent.djcity",,,"256","0","ADX","16/4/2026 05:19:58"
"com.tencent.djcity","掌上道聚城",,,"19742","0","ADX","16/4/2026 05:19:58"
"com.tencent.tmgp.studio27.melonplayground","甜瓜沙盒",,,"3455","0","ADX","16/4/2026 05:19:58"
"com.th.tax.speedpass","com.th.tax.speedpass",,,"72","0","ADX","16/4/2026 05:19:58"
"com.theleftbit.weatherman","com.theleftbit.WeatherMan",,,"112229","0","ADX","16/4/2026 05:19:58"
"com.tiandy.easylive","Tiandy",,,"264","0","ADX","16/4/2026 05:19:58"
"com.tiandy.easylive","com.tiandy.easylive",,,"666024","0","ADX","16/4/2026 05:19:58"
"com.tiandy.easylive","sdk iOS",,,"3","0","ADX","16/4/2026 05:19:58"
"com.tiandy.easylive","sdk安卓",,,"8","0","ADX","16/4/2026 05:19:58"
"com.tiandy.easylive","天地伟业",,,"201933","0","ADX","16/4/2026 05:19:58"
"com.tianqi2345","2345天气王","居家生活",,"300625","0","ADX","16/4/2026 05:19:58"
"com.tianqi2345","2345天气王-安卓主版","居家生活",,"26615","0","ADX","16/4/2026 05:19:58"
"com.tianqi2345","2345天气预报","居家生活",,"85409","0","ADX","16/4/2026 05:19:58"
"com.tianqi2345","com.tianqi2345","居家生活",,"1103","0","ADX","16/4/2026 05:19:58"
"com.tiantian.aizoulu","com.tiantian.aizoulu",,,"30","0","ADX","16/4/2026 05:19:58"
"com.tiantian.aizoulu","天天爱走路",,,"70","0","ADX","16/4/2026 05:19:58"
"com.time.dailysignature.ios","AI时光日签",,,"44","0","ADX","16/4/2026 05:19:58"
"com.time.dailysignature.ios","com.time.dailysignature.ios",,,"312","0","ADX","16/4/2026 05:19:58"
"com.tingni.qx","霆霓气象",,,"11","0","ADX","16/4/2026 05:19:58"
"com.tjawy.miaoda","com.tjawy.miaoda",,,"4455","0","ADX","16/4/2026 05:19:58"
"com.tjdz66.iot.gps.app.xjzl","com.tjdz66.iot.gps.app.xjzl",,,"35","0","ADX","16/4/2026 05:19:58"
"com.tjdz66.iot.gps.app.xjzl","小吉智联",,,"26578","0","ADX","16/4/2026 05:19:58"
"com.tjhwc.haolan","com.tjhwc.haolan",,,"13","0","ADX","16/4/2026 05:19:58"
"com.tjhwc.haolan","浩澜壁图",,,"494","0","ADX","16/4/2026 05:19:58"
"com.tjhwc.haoshandj","com.tjhwc.haoshandj",,,"10568","0","ADX","16/4/2026 05:19:58"
"com.tjsbl.baichuangxs","com.tjsbl.baichuangxs",,,"277","0","ADX","16/4/2026 05:19:58"
"com.tjsbl.baichuangxs","柏创小说社",,,"269","0","ADX","16/4/2026 05:19:58"
"com.tjsbl.lixingtq","利行天气助手",,,"49","0","ADX","16/4/2026 05:19:58"
"com.tlys.home","天籁音识-OPPO",,,"21769","0","ADX","16/4/2026 05:19:58"
"com.tmall.campus.and","com.tmall.campus.and",,,"2174","0","ADX","16/4/2026 05:19:58"
"com.tmall.campus.and","天猫校园",,,"328439","0","ADX","16/4/2026 05:19:58"
"com.tmps.rtdl","com.tmps.rtdl",,,"62","0","ADX","16/4/2026 05:19:58"
"com.tmps.rtdl","哇区",,,"19930","0","ADX","16/4/2026 05:19:58"
"com.tocoding.ctlite","com.tocoding.ctlite",,,"425","0","ADX","16/4/2026 05:19:58"
"com.tocoding.ctlite","极视云",,,"1012","0","ADX","16/4/2026 05:19:58"
"com.tongtongsuo.app","TTLock","居家生活",,"2892","0","ADX","16/4/2026 05:19:58"
"com.tongtongsuo.app","com.tongtongsuo.app","居家生活",,"14125","0","ADX","16/4/2026 05:19:58"
"com.tongtongsuo.app","通通鎖","居家生活",,"1738","0","ADX","16/4/2026 05:19:58"
"com.tongtongsuo.app","通通锁","居家生活",,"287951","0","ADX","16/4/2026 05:19:58"
"com.tongxun.atongmu.parent","com.tongxun.atongmu.parent",,,"35","0","ADX","16/4/2026 05:19:58"
"com.tongxun.atongmu.parent","阿童目",,,"1451","0","ADX","16/4/2026 05:19:58"
"com.tony.usbcamera.molink","USB_CAMERA",,,"986","0","ADX","16/4/2026 05:19:58"
"com.topspeedcloud.sfty","上分体育","球类运动",,"1763","0","ADX","16/4/2026 05:19:58"
"com.trui.tert","com.trui.tert",,,"184","0","ADX","16/4/2026 05:19:58"
"com.trui.tert","小金牛故事-26.3.22",,,"1830","0","ADX","16/4/2026 05:19:58"
"com.tt.qkoptimi","com.tt.qkoptimi",,,"870","0","ADX","16/4/2026 05:19:58"
"com.tt.qkoptimi","速优化",,,"285","0","ADX","16/4/2026 05:19:58"
"com.ttbh.home","天天变焕-OPPO",,,"23170","0","ADX","16/4/2026 05:19:58"
"com.ttbh.home","天天变焕-VIVO",,,"31","0","ADX","16/4/2026 05:19:58"
"com.ttjb.qxkj","com.ttjb.qxkj",,,"5","0","ADX","16/4/2026 05:19:58"
"com.tuqiang.smart","com.tuqiang.smart",,,"4522","0","ADX","16/4/2026 05:19:58"
"com.tuqiang.smart","途强智能",,,"87676","0","ADX","16/4/2026 05:19:58"
"com.tuya.smartiot","涂鸦",,,"7913","0","ADX","16/4/2026 05:19:58"
"com.tuyangkeji.changevoice","变声器vox",,,"40158","0","ADX","16/4/2026 05:19:58"
"com.tv.xjskpios.hnsc","com.tv.xjskpios.hnsc",,,"1749","0","ADX","16/4/2026 05:19:58"
"com.tv.xjskpios.hnsc","向僵尸开炮",,,"26681","0","ADX","16/4/2026 05:19:58"
"com.u3x.barcode_master","快快条形码生成器",,,"58","0","ADX","16/4/2026 05:19:58"
"com.ucmobile","UC浏览器_安卓",,,"233","0","ADX","16/4/2026 05:19:58"
"com.ucmobile","com.UCMobile",,,"253024","0","ADX","16/4/2026 05:19:58"
"com.ucmobile.lite","UC极速版浏览器_安卓",,,"48","0","ADX","16/4/2026 05:19:58"
"com.ucmobile.lite","com.ucmobile.lite",,,"13740","0","ADX","16/4/2026 05:19:58"
"com.ucweb.iphone.lowversion","UC浏览器_iOS",,,"5821","0","ADX","16/4/2026 05:19:58"
"com.ucweb.iphone.lowversion","com.ucweb.iphone.lowversion",,,"754519","0","ADX","16/4/2026 05:19:58"
"com.ucweb.iphone.pro","UC极速版浏览器_iOS",,,"874","0","ADX","16/4/2026 05:19:58"
"com.ucweb.iphone.pro","com.ucweb.iphone.pro",,,"36007","0","ADX","16/4/2026 05:19:58"
"com.ucweb.iphone.pro","uc浏览器极速版ios",,,"16174","0","ADX","16/4/2026 05:19:58"
"com.ultralisk.gameapp.game152.huawei","茶叶蛋大冒险",,,"12","0","ADX","16/4/2026 05:19:58"
"com.ulucu.huidian","com.ulucu.huidian","商务办公/店铺监控管理",,"6","0","ADX","16/4/2026 05:19:58"
"com.ulucu.huidian","悠络客","商务办公/店铺监控管理",,"737","0","ADX","16/4/2026 05:19:58"
"com.ume.browser","Browser",,,"260","0","ADX","16/4/2026 05:19:58"
"com.ume.browser","com.ume.browser",,,"156","0","ADX","16/4/2026 05:19:58"
"com.ume.browser","微米浏览器",,,"21875","0","ADX","16/4/2026 05:19:58"
"com.ume.browser","微米瀏覽器",,,"15","0","ADX","16/4/2026 05:19:58"
"com.ume.browser","浏览器",,,"43535","0","ADX","16/4/2026 05:19:58"
"com.un.real.fscompass","com.un.real.fscompass",,,"235","0","ADX","16/4/2026 05:19:58"
"com.uni.uni8d2bc00","com.uni.UNI8D2BC00",,,"138","0","ADX","16/4/2026 05:19:58"
"com.uni.uni8d2bc00","艾兴优选",,,"156","0","ADX","16/4/2026 05:19:58"
"com.uniview.unvlink","com.uniview.unvlink","其他",,"7791","0","ADX","16/4/2026 05:19:58"
"com.uniview.unvlink","宇视云 -IOS","其他",,"271","0","ADX","16/4/2026 05:19:58"
"com.uroad.piaogen","com.uroad.piaogen",,,"3767","0","ADX","16/4/2026 05:19:58"
"com.uroad.piaogen","票根",,,"76613","0","ADX","16/4/2026 05:19:58"
"com.ushaqi.zhuishushenqi.jinxiu","com.ushaqi.zhuishushenqi.jinxiu","图书阅读",,"3","0","ADX","16/4/2026 05:19:58"
"com.ushaqi.zhuishushenqi.jinxiu","甜瓜小说","图书阅读",,"1810","0","ADX","16/4/2026 05:19:58"
"com.usxls.nlsds","com.usxls.nlsds",,,"2262","0","ADX","16/4/2026 05:19:58"
"com.usxls.nlsds","拧螺丝消除",,,"1450","0","ADX","16/4/2026 05:19:58"
"com.usxls.nlsds","疯狂拧螺丝",,,"1332","0","ADX","16/4/2026 05:19:58"
"com.uuie.adwf","com.uuie.adwf",,,"246","0","ADX","16/4/2026 05:19:58"
"com.uuie.adwf","小金牛短剧-25.1.24",,,"345","0","ADX","16/4/2026 05:19:58"
"com.uutakul.bidgir","com.uutakul.bidgir",,,"85","0","ADX","16/4/2026 05:19:58"
"com.uutakul.bidgir","米多剧场",,,"2211","0","ADX","16/4/2026 05:19:58"
"com.vavapps.gif","com.vavapps.gif",,,"77","0","ADX","16/4/2026 05:19:58"
"com.vcolco.hxc","com.vcolco.hxc",,,"77","0","ADX","16/4/2026 05:19:58"
"com.vcolco.hxc","好学车",,,"12126","0","ADX","16/4/2026 05:19:58"
"com.vcolco.hxc","好学车-官方正版",,,"90","0","ADX","16/4/2026 05:19:58"
"com.vectorlightyear.dolphin","com.vectorlightyear.dolphin",,,"387","0","ADX","16/4/2026 05:19:58"
"com.videogo","com.videogo",,,"261690","0","ADX","16/4/2026 05:19:58"
"com.videogo","萤石云视频",,,"1102435","0","ADX","16/4/2026 05:19:58"
"com.videogo","萤石云视频_Android",,,"516","0","ADX","16/4/2026 05:19:58"
"com.visiondigit.smartvision.pro","A-CAM Pro","实用工具",,"86","0","ADX","16/4/2026 05:19:58"
"com.visiondigit.smartvision.pro","com.visiondigit.smartvision.pro","实用工具",,"1289","0","ADX","16/4/2026 05:19:58"
"com.visiondigit.smartvision.pro","爱看云pro","实用工具",,"68873","0","ADX","16/4/2026 05:19:58"
"com.visiondigit.smartvision.pro","爱看云pro-iOS","实用工具",,"18","0","ADX","16/4/2026 05:19:58"
"com.visualworld.cloudsmart","Botslab","居家生活",,"3229","0","ADX","16/4/2026 05:19:58"
"com.visualworld.cloudsmart","com.visualworld.cloudsmart","居家生活",,"12648","0","ADX","16/4/2026 05:19:58"
"com.visualworld.cloudsmart","云智连","居家生活",,"4846","0","ADX","16/4/2026 05:19:58"
"com.visualworld.cloudsmart","云智连-iOS","居家生活",,"25","0","ADX","16/4/2026 05:19:58"
"com.vqxua.wfpvd","com.vqxua.wfpvd",,,"4","0","ADX","16/4/2026 05:19:58"
"com.vqxua.wfpvd","梦幻乐园",,,"288","0","ADX","16/4/2026 05:19:58"
"com.vqxua.wfpvd.koda","com.vqxua.wfpvd.koda",,,"18","0","ADX","16/4/2026 05:19:58"
"com.vqxua.wfpvd.koda","梦幻乐园",,,"1911","0","ADX","16/4/2026 05:19:58"
"com.vqxua.wfpvd.maya","com.vqxua.wfpvd.maya",,,"16","0","ADX","16/4/2026 05:19:58"
"com.vqxua.wfpvd.maya","梦幻乐园",,,"194","0","ADX","16/4/2026 05:19:58"
"com.vsbk.rtdr","com.vsbk.rtdr",,,"47","0","ADX","16/4/2026 05:19:58"
"com.vsbk.rtdr","云游",,,"4329","0","ADX","16/4/2026 05:19:58"
"com.vvvdj.player","com.vvvdj.player",,,"5","0","ADX","16/4/2026 05:19:58"
"com.wahyao.box.klxqbox","com.wahyao.box.klxqbox",,,"33","0","ADX","16/4/2026 05:19:58"
"com.wakeup.wearfitprocn","Wearfit Pro",,,"58514","0","ADX","16/4/2026 05:19:58"
"com.wakeup.wearfitprocn","Wearfit pro",,,"19332","0","ADX","16/4/2026 05:19:58"
"com.wakeup.wearfitprocn","com.wakeup.wearfitProCN",,,"27482","0","ADX","16/4/2026 05:19:58"
"com.wanbu.dascom","com.wanbu.dascom",,,"15","0","ADX","16/4/2026 05:19:58"
"com.wanbu.dascom","万步健康",,,"2757","0","ADX","16/4/2026 05:19:58"
"com.wangsh.tq","com.wangsh.tq",,,"9","0","ADX","16/4/2026 05:19:58"
"com.wangsh.tq","望舒天气",,,"23447","0","ADX","16/4/2026 05:19:58"
"com.wanhang.school","com.wanhang.school",,,"553364","0","ADX","16/4/2026 05:19:58"
"com.wanhang.school","sdk iOS",,,"12","0","ADX","16/4/2026 05:19:58"
"com.wanhang.school","运动世界",,,"705262","0","ADX","16/4/2026 05:19:58"
"com.wanhang.school","运动世界校园",,,"46","0","ADX","16/4/2026 05:19:58"
"com.wanyigui.liub","com.wanyigui.liub",,,"11","0","ADX","16/4/2026 05:19:58"
"com.wanyigui.liub","杤蚁归",,,"1119","0","ADX","16/4/2026 05:19:58"
"com.wawj.scsy","com.wawj.scsy",,,"2","0","ADX","16/4/2026 05:19:58"
"com.wealoha.aloha","com.wealoha.aloha",,,"875","0","ADX","16/4/2026 05:19:58"
"com.wealoha.aloha","翻咔",,,"583","0","ADX","16/4/2026 05:19:58"
"com.weatherbigword","com.weatherbigword","居家生活",,"731","0","ADX","16/4/2026 05:19:58"
"com.weatherbigword","天气预报大字版","居家生活",,"261996","0","ADX","16/4/2026 05:19:58"
"com.weatherforecastnet","com.weatherforecastnet","天气",,"1026","0","ADX","16/4/2026 05:19:58"
"com.weatherforecastnet","天气预报网","天气",,"369108","0","ADX","16/4/2026 05:19:58"
"com.weatherforecastnetba","AI天气预报","居家生活",,"239466","0","ADX","16/4/2026 05:19:58"
"com.weatherforecastnetba","com.weatherforecastnetba","居家生活",,"858","0","ADX","16/4/2026 05:19:58"
"com.weatherforecastnetba","天气预报","居家生活",,"1879","0","ADX","16/4/2026 05:19:58"
"com.wedobest.hexremove4","PuzCub",,,"509","0","ADX","16/4/2026 05:19:58"
"com.wedobest.hexremove4","com.wedobest.hexremove4",,,"128","0","ADX","16/4/2026 05:19:58"
"com.wedobest.hexremove4","六边形消除",,,"141","0","ADX","16/4/2026 05:19:58"
"com.wedobest.llkan","com.wedobest.llkan",,,"127","0","ADX","16/4/2026 05:19:58"
"com.wedobest.llkan","天天连连看",,,"509","0","ADX","16/4/2026 05:19:58"
"com.wedobest.spiderette.vivo","纸牌游戏",,,"6728","0","ADX","16/4/2026 05:19:58"
"com.wei.dai.jianshenshipu","com.wei.dai.jianshenshipu",,,"2473","0","ADX","16/4/2026 05:19:58"
"com.weishu.weijliyd","com.weishu.weijliyd",,,"27","0","ADX","16/4/2026 05:19:58"
"com.weishu.weijliyd","唯健力运动",,,"29645","0","ADX","16/4/2026 05:19:58"
"com.whdmj.chenxing","梵潞书汇",,,"76","0","ADX","16/4/2026 05:19:58"
"com.whh.androidacts.superwidget","com.whh.androidacts.superwidget",,,"4753","0","ADX","16/4/2026 05:19:58"
"com.whips.titch","com.whips.titch",,,"356","0","ADX","16/4/2026 05:19:58"
"com.whips.titch","轻萌11",,,"142","0","ADX","16/4/2026 05:19:58"
"com.whpe.qrcode.hunan_xiangtan","com.whpe.qrcode.hunan_xiangtan","公交地铁",,"4","0","ADX","16/4/2026 05:19:58"
"com.whpe.qrcode.hunan_xiangtan","湘潭出行","公交地铁",,"2174","0","ADX","16/4/2026 05:19:58"
"com.whs.ylsh","HryFine","智能穿戴设备",,"1314","0","ADX","16/4/2026 05:19:58"
"com.whs.ylsh","com.whs.ylsh","智能穿戴设备",,"492","0","ADX","16/4/2026 05:19:58"
"com.whyqj.xzhd","com.whyqj.xzhd",,,"4","0","ADX","16/4/2026 05:19:58"
"com.widhw.hhzd","com.widhw.hhzd",,,"13","0","ADX","16/4/2026 05:19:58"
"com.widhw.hhzd","好好赚极速版",,,"2190","0","ADX","16/4/2026 05:19:58"
"com.wifiguanjia.feng","com.wifiguanjia.feng",,,"7494","0","ADX","16/4/2026 05:19:58"
"com.wifiguanjia.feng","摄像头探测器",,,"19279","0","ADX","16/4/2026 05:19:58"
"com.wihaohao.account","好好记账",,,"1373","0","ADX","16/4/2026 05:19:58"
"com.wintao.watermarkcamera","com.wintao.watermarkcamera",,,"16197","0","ADX","16/4/2026 05:19:58"
"com.wintao.watermarkcamera","元道经纬相机",,,"65023","0","ADX","16/4/2026 05:19:58"
"com.wintao.watermarkcamera","元道经纬相机iOS",,,"3036","0","ADX","16/4/2026 05:19:58"
"com.wis.weatherchina","China Weather",,,"383","0","ADX","16/4/2026 05:19:58"
"com.wis.weatherchina","com.wis.weatherchina",,,"2115","0","ADX","16/4/2026 05:19:58"
"com.wis.weatherchina","中国天气",,,"41216","0","ADX","16/4/2026 05:19:58"
"com.wkfu.ewfk","玩赚小故事-25.9.16",,,"3","0","ADX","16/4/2026 05:19:58"
"com.wlqq","货车帮司机",,,"11914","0","ADX","16/4/2026 05:19:58"
"com.wls.www","智慧用电系统",,,"21","0","ADX","16/4/2026 05:19:58"
"com.wonderplay.mhwa","com.wonderplay.mhwa",,,"4136","0","ADX","16/4/2026 05:19:58"
"com.worth.housekeeper","com.worth.housekeeper",,,"64","0","ADX","16/4/2026 05:19:58"
"com.worth.housekeeper","旺铺管家",,,"16","0","ADX","16/4/2026 05:19:58"
"com.wsecar.wsjcsj","com.wsecar.wsjcsj",,,"82","0","ADX","16/4/2026 05:19:58"
"com.wsecar.wsjcsj","万顺车主",,,"1757","0","ADX","16/4/2026 05:19:58"
"com.wssf.sqmh","com.wssf.sqmh",,,"23","0","ADX","16/4/2026 05:19:58"
"com.wssf.sqmh","新森林视频",,,"322","0","ADX","16/4/2026 05:19:58"
"com.wtkj.app.clicker","com.wtkj.app.clicker",,,"50","0","ADX","16/4/2026 05:19:58"
"com.wukongtv.wkremote.client","悟空遥控器",,,"23","0","ADX","16/4/2026 05:19:58"
"com.wusjkcb.dnnsc","com.wusjkcb.dnnsc",,,"100","0","ADX","16/4/2026 05:19:58"
"com.wusjkcb.dnnsc","全民夺宝",,,"2845","0","ADX","16/4/2026 05:19:58"
"com.wwwscn.yuexingbao","com.wwwscn.yuexingbao","实用工具",,"695","0","ADX","16/4/2026 05:19:58"
"com.wwwscn.yuexingbao","悦通行","实用工具",,"86774","0","ADX","16/4/2026 05:19:58"
"com.wxlh.dmlt.ios","无限轮回",,,"894","0","ADX","16/4/2026 05:19:58"
"com.wyfc.pzvoice","com.wyfc.pzvoice",,,"43","0","ADX","16/4/2026 05:19:58"
"com.wyfc.pzvoice","拍照识字朗读",,,"542","0","ADX","16/4/2026 05:19:58"
"com.wyfc.writecreate","com.wyfc.writecreate","效率办公",,"93","0","ADX","16/4/2026 05:19:58"
"com.wyfc.writecreate","写小说书城","效率办公",,"346","0","ADX","16/4/2026 05:19:58"
"com.wyz.joygo","com.wyz.joygo",,,"6789","0","ADX","16/4/2026 05:19:58"
"com.wzh.momotixing","com.wzh.momotixing",,,"4284","0","ADX","16/4/2026 05:19:58"
"com.wzq.huangli","com.wzq.huangli",,,"717","0","ADX","16/4/2026 05:19:58"
"com.wzq.iclouddemo","com.wzq.icloudDemo",,,"218","0","ADX","16/4/2026 05:19:58"
"com.xbxxdy.jd","com.xbxxdy.jd",,,"24","0","ADX","16/4/2026 05:19:58"
"com.xbxxdy.jd","京小印",,,"697","0","ADX","16/4/2026 05:19:58"
"com.xhey.xcamera","com.xhey.XCamera",,,"166307","0","ADX","16/4/2026 05:19:58"
"com.xhey.xcamera","com.xhey.xcamera",,,"385","0","ADX","16/4/2026 05:19:58"
"com.xhey.xcamera","今日水印",,,"27603","0","ADX","16/4/2026 05:19:58"
"com.xhey.xcamera","今日水印相机",,,"116","0","ADX","16/4/2026 05:19:58"
"com.xhey.xcamera","今日水印相机-时间地点经纬度打卡拍照",,,"270","0","ADX","16/4/2026 05:19:58"
"com.xiachufang.recipe","com.xiachufang.recipe",,,"5024","0","ADX","16/4/2026 05:19:58"
"com.xiachufang.recipe","下厨房",,,"108646","0","ADX","16/4/2026 05:19:58"
"com.xiafresh.hiwidgets","com.xiafresh.HiWidgets",,,"134500","0","ADX","16/4/2026 05:19:58"
"com.xiangjinhuan.mymm","com.xiangjinhuan.mymm",,,"2","0","ADX","16/4/2026 05:19:58"
"com.xiangmu.gongxiang","项目共享",,,"730","0","ADX","16/4/2026 05:19:58"
"com.xiangsh.ji","香膳集",,,"4323","0","ADX","16/4/2026 05:19:58"
"com.xiangtuikj.dreamring","com.xiangtuikj.DreamRing",,,"562","0","ADX","16/4/2026 05:19:58"
"com.xiaobanlong.main","com.xiaobanlong.main","学习教育",,"129","0","ADX","16/4/2026 05:19:58"
"com.xiaobanlong.main","小伴龙","学习教育",,"58959","0","ADX","16/4/2026 05:19:58"
"com.xiaobanlong.main","小伴龙-安卓","学习教育",,"8929","0","ADX","16/4/2026 05:19:58"
"com.xiaobaoche.kuaigui","快龟出行",,,"37","0","ADX","16/4/2026 05:19:58"
"com.xiaochao.hui","小炒汇",,,"2589","0","ADX","16/4/2026 05:19:58"
"com.xiaofeiji.app.disk","com.xiaofeiji.app.disk","下载工具|云服务",,"35","0","ADX","16/4/2026 05:19:58"
"com.xiaofeiji.app.disk","小飞机网盘","下载工具|云服务",,"60511","0","ADX","16/4/2026 05:19:58"
"com.xiaoma.albumslim","com.xiaoma.albumslim",,,"782","0","ADX","16/4/2026 05:19:58"
"com.xiaomi.datecalculator","com.xiaomi.DateCalculator",,,"149531","0","ADX","16/4/2026 05:19:58"
"com.xiaoming.calculator","com.xiaoming.calculator",,,"24333","0","ADX","16/4/2026 05:19:58"
"com.xiaoming.calculator","启明",,,"29","0","ADX","16/4/2026 05:19:58"
"com.xiaoming.calculator","小明计算器",,,"517732","0","ADX","16/4/2026 05:19:58"
"com.xiaoming.calculator","小明计算器新版iOS",,,"480571","0","ADX","16/4/2026 05:19:58"
"com.xiaoqiangiot","390Eyes","实用工具",,"105625","0","ADX","16/4/2026 05:19:58"
"com.xiaoqiangiot","com.xiaoqiangiot","实用工具",,"8954","0","ADX","16/4/2026 05:19:58"
"com.xiaoqiangiot","小強當家","实用工具",,"58","0","ADX","16/4/2026 05:19:58"
"com.xiaoqiangiot","小强当家","实用工具",,"64262","0","ADX","16/4/2026 05:19:58"
"com.xiaoqiangiot","小强當家","实用工具",,"56","0","ADX","16/4/2026 05:19:58"
"com.xiaoxun.xun","com.xiaoxun.xun",,,"2488","0","ADX","16/4/2026 05:19:58"
"com.xiaoxun.xun","小寻",,,"154391","0","ADX","16/4/2026 05:19:58"
"com.xiaoyaoyixia.kaihei","KOOK",,,"907312","0","ADX","16/4/2026 05:19:58"
"com.xiaoyaoyixia.kaihei","com.xiaoyaoyixia.kaihei",,,"62775","0","ADX","16/4/2026 05:19:58"
"com.xiaoyaoyixia.kaihei","kook",,,"87","0","ADX","16/4/2026 05:19:58"
"com.xichaotofour.zhuomianxiu","365纪念日",,,"273","0","ADX","16/4/2026 05:19:58"
"com.xichaotofour.zhuomianxiu","com.xichaotofour.ZhuoMianXiu",,,"11","0","ADX","16/4/2026 05:19:58"
"com.ximalaya.ting.android","com.ximalaya.ting.android",,,"348","0","ADX","16/4/2026 05:19:58"
"com.ximalaya.ting.android","喜马拉雅",,,"214","0","ADX","16/4/2026 05:19:58"
"com.xingji.www","com.xingji.www",,,"14","0","ADX","16/4/2026 05:19:58"
"com.xingji.www","星迹",,,"336","0","ADX","16/4/2026 05:19:58"
"com.xingji.www","极速闪影",,,"419","0","ADX","16/4/2026 05:19:58"
"com.xingji.www","街角咖啡馆",,,"4080","0","ADX","16/4/2026 05:19:58"
"com.xingsu.jibu","星速计步",,,"5165","0","ADX","16/4/2026 05:19:58"
"com.xingxingreaders.com","com.xingxingReaders.com",,,"2375","0","ADX","16/4/2026 05:19:58"
"com.xingyu.jiansd","星语笺",,,"12871","0","ADX","16/4/2026 05:19:58"
"com.xingyuans.app","熊猫团团",,,"42","0","ADX","16/4/2026 05:19:58"
"com.xingyun.ku","星云库",,,"4","0","ADX","16/4/2026 05:19:58"
"com.xinmang.camera.measure.altimeter","测距测量仪",,,"25","0","ADX","16/4/2026 05:19:58"
"com.xinmang.camera.measure.altimeter","测距测量仪Ruler",,,"64","0","ADX","16/4/2026 05:19:58"
"com.xinmang.camera.measure.altimeter","测量测距仪",,,"58","0","ADX","16/4/2026 05:19:58"
"com.xinmang.guitar.tuner","调音器",,,"79","0","ADX","16/4/2026 05:19:58"
"com.xinmang.guitar.tuner","调音器Cat",,,"97","0","ADX","16/4/2026 05:19:58"
"com.xinmang.videoconvert","视频格式转换新",,,"3","0","ADX","16/4/2026 05:19:58"
"com.xinshida.smaint","Smaint",,,"647","0","ADX","16/4/2026 05:19:58"
"com.xinshida.smaint","com.xinshida.smaint",,,"34","0","ADX","16/4/2026 05:19:58"
"com.xinshucredit.riskbird","com.xinshucredit.riskbird",,,"1366","0","ADX","16/4/2026 05:19:58"
"com.xiongbao.heizai","嘿在",,,"31151","0","ADX","16/4/2026 05:19:58"
"com.xiongmai.xmcsee","com.xiongmai.XMCSee",,,"80","0","ADX","16/4/2026 05:19:58"
"com.xiongmai.xmcsee","雄迈看看",,,"3133","0","ADX","16/4/2026 05:19:58"
"com.xiongmai.xmeye","XMEye",,,"8188","0","ADX","16/4/2026 05:19:58"
"com.xiongmai.xmeye","com.xiongmai.XMeye",,,"1321","0","ADX","16/4/2026 05:19:58"
"com.xjskp.gztv1.hnsc","向僵尸开炮-安卓",,,"13","0","ADX","16/4/2026 05:19:58"
"com.xjx.home","星计行-OPPO",,,"20","0","ADX","16/4/2026 05:19:58"
"com.xmsq.wltj","com.xmsq.wltj",,,"926","0","ADX","16/4/2026 05:19:58"
"com.xmsq.wltj","微岚图集",,,"18817","0","ADX","16/4/2026 05:19:58"
"com.xmsq.yxj","月相记",,,"80460","0","ADX","16/4/2026 05:19:58"
"com.xnuser","萌牛物联",,,"37","0","ADX","16/4/2026 05:19:58"
"com.xpx365.projphoto","com.xpx365.projphoto","摄影摄像",,"4934","0","ADX","16/4/2026 05:19:58"
"com.xpx365.projphoto","工程相机","摄影摄像",,"98915","0","ADX","16/4/2026 05:19:58"
"com.xrkj.skies.music","com.xrkj.skies.music",,,"211","0","ADX","16/4/2026 05:19:58"
"com.xrkj.skies.music","红包短剧-com.xrkj.skies.music",,,"110","0","ADX","16/4/2026 05:19:58"
"com.xs.memo.op","备忘录Cat",,,"220","0","ADX","16/4/2026 05:19:58"
"com.xt.retouch","com.xt.retouch",,,"76001","0","ADX","16/4/2026 05:19:58"
"com.xt.retouch","醒图",,,"7644","0","ADX","16/4/2026 05:19:58"
"com.xt.retouch","醒图-Android",,,"15265","0","ADX","16/4/2026 05:19:58"
"com.xuancode.meishe","云美摄Pro",,,"17","0","ADX","16/4/2026 05:19:58"
"com.xueche.supercoach","超级教练",,,"11","0","ADX","16/4/2026 05:19:58"
"com.xuniu.qmz","全民赚兼职",,,"4","0","ADX","16/4/2026 05:19:58"
"com.xunmengtu.turbobunny","Turbo Bunny Booster",,,"529","0","ADX","16/4/2026 05:19:58"
"com.xunmengtu.turbobunny","com.xunmengtu.turboBunny",,,"705","0","ADX","16/4/2026 05:19:58"
"com.xunmengtu.turbobunny","迅猛兔加速器",,,"52179","0","ADX","16/4/2026 05:19:58"
"com.xunmengtu.turbobunny","迅猛兔加速器-IOS",,,"62","0","ADX","16/4/2026 05:19:58"
"com.xunmengtu.turbobunny","迅猛兔加速器IOS",,,"1227","0","ADX","16/4/2026 05:19:58"
"com.xunxin.doudizu","com.xunxin.doudizu","棋牌游戏",,"47","0","ADX","16/4/2026 05:19:58"
"com.xunxin.popstarv","com.xunxin.popstarv",,,"16","0","ADX","16/4/2026 05:19:58"
"com.xunxin.terisblocks","com.xunxin.terisblocks",,,"3","0","ADX","16/4/2026 05:19:58"
"com.xxmaoxian.www","com.xxmaoxian.www",,,"37","0","ADX","16/4/2026 05:19:58"
"com.xxmaoxian.www","半勺甜",,,"1736","0","ADX","16/4/2026 05:19:58"
"com.xxmaoxian.www","小熊冒险",,,"4189","0","ADX","16/4/2026 05:19:58"
"com.xxmaoxian.www","泡芙星",,,"1452","0","ADX","16/4/2026 05:19:58"
"com.xxmaoxian.www","蜡笔小七",,,"1219","0","ADX","16/4/2026 05:19:58"
"com.xxmaoxian.www","金穗摇风",,,"1952","0","ADX","16/4/2026 05:19:58"
"com.xxwolo.cc5","com.xxwolo.cc5",,,"804","0","ADX","16/4/2026 05:19:58"
"com.xxwolo.cc5","测测",,,"307638","0","ADX","16/4/2026 05:19:58"
"com.xxwolo.cc5","测测-安卓",,,"58","0","ADX","16/4/2026 05:19:58"
"com.xxzc.cswmq","com.xxzc.cswmq",,,"890","0","ADX","16/4/2026 05:19:58"
"com.xygc.kdsp","百赚联盟极速版",,,"19","0","ADX","16/4/2026 05:19:58"
"com.xyn.wskai","com.xyn.wskai",,,"143","0","ADX","16/4/2026 05:19:58"
"com.xyn.wskai","微分身多开",,,"2646","0","ADX","16/4/2026 05:19:58"
"com.xyn.wskai","微分身版",,,"14959","0","ADX","16/4/2026 05:19:58"
"com.xyq.djkj","哣唃看剧",,,"53120","0","ADX","16/4/2026 05:19:58"
"com.xysfegc.kds","淘热点",,,"69","0","ADX","16/4/2026 05:19:58"
"com.xyuex.cyyx.dxwd","com.xyuex.cyyx.dxwd",,,"7","0","ADX","16/4/2026 05:19:58"
"com.yaoxiang.travel","爻象漫旅",,,"25111","0","ADX","16/4/2026 05:19:58"
"com.yc.klder","com.yc.klder","武汉创透一城科技有限公司",,"3","0","ADX","16/4/2026 05:19:58"
"com.ycc365plus.ali","YCC365 Plus","影音视听",,"27","0","ADX","16/4/2026 05:19:58"
"com.ycc365plus.ali","YCC365Plus","影音视听",,"39064","0","ADX","16/4/2026 05:19:58"
"com.ycc365plus.ali","com.ycc365plus.ali","影音视听",,"714","0","ADX","16/4/2026 05:19:58"
"com.yd.circle","com.yd.circle",,,"165","0","ADX","16/4/2026 05:19:58"
"com.yd.circle","去上网(去哒)",,,"22162","0","ADX","16/4/2026 05:19:58"
"com.yd.fkgymnsj.mi","方块工艺迷你世界",,,"641","0","ADX","16/4/2026 05:19:58"
"com.yeahforce.soundofdelights","美食美声",,,"162","0","ADX","16/4/2026 05:19:58"
"com.yedone.internetassistantv1","com.yedone.InternetAssistantV1",,,"19707","0","ADX","16/4/2026 05:19:58"
"com.yedone.internetassistantv1","去上网(去哒)",,,"28874","0","ADX","16/4/2026 05:19:58"
"com.yflgame.flsy","游福利手游","游戏交易",,"44634","0","ADX","16/4/2026 05:19:58"
"com.ygkj.chelaile.standard.bigfont","com.ygkj.chelaile.standard.bigfont",,,"329","0","ADX","16/4/2026 05:19:58"
"com.ygxc.student","com.ygxc.student",,,"1188","0","ADX","16/4/2026 05:19:58"
"com.yhj.home","com.yhj.home",,,"2","0","ADX","16/4/2026 05:19:58"
"com.yhj.home","映画集-小米",,,"2012","0","ADX","16/4/2026 05:19:58"
"com.yhxx.keepftcat","肥猫运动",,,"15453","0","ADX","16/4/2026 05:19:58"
"com.yichu.wsb","com.yichu.wsb",,,"10845","0","ADX","16/4/2026 05:19:58"
"com.yigusjgh.daoshuri","一古倒计时",,,"36596","0","ADX","16/4/2026 05:19:58"
"com.yiluo.oiki","oiki社交软件",,,"6","0","ADX","16/4/2026 05:19:58"
"com.yinchu.swmdc","土豆奇遇记",,,"332","0","ADX","16/4/2026 05:19:58"
"com.yinchu.swmdc","帽子先森奇遇记",,,"342","0","ADX","16/4/2026 05:19:58"
"com.yinchu.swmdc","我在老城区跑酷",,,"334","0","ADX","16/4/2026 05:19:58"
"com.yinchu.swmdc","熊猫探险计划",,,"343","0","ADX","16/4/2026 05:19:58"
"com.yinchu.swmdc","狂飙大卡车",,,"347","0","ADX","16/4/2026 05:19:58"
"com.yinchu.swmdc","看我奇思妙想",,,"320","0","ADX","16/4/2026 05:19:58"
"com.yinchu.sxtw","土豆奇遇记",,,"480","0","ADX","16/4/2026 05:19:58"
"com.yinchu.sxtw","帽子先森奇遇记",,,"448","0","ADX","16/4/2026 05:19:58"
"com.yinchu.sxtw","我在老城区跑酷",,,"433","0","ADX","16/4/2026 05:19:58"
"com.yinchu.sxtw","熊猫探险计划",,,"442","0","ADX","16/4/2026 05:19:58"
"com.yinchu.sxtw","狂飙大卡车",,,"492","0","ADX","16/4/2026 05:19:58"
"com.yinchu.sxtw","看我奇思妙想",,,"424","0","ADX","16/4/2026 05:19:58"
"com.yinchu.tksmjd","土豆奇遇记",,,"402","0","ADX","16/4/2026 05:19:58"
"com.yinchu.tksmjd","帽子先森奇遇记",,,"390","0","ADX","16/4/2026 05:19:58"
"com.yinchu.tksmjd","我在老城区跑酷",,,"419","0","ADX","16/4/2026 05:19:58"
"com.yinchu.tksmjd","熊猫探险计划",,,"422","0","ADX","16/4/2026 05:19:58"
"com.yinchu.tksmjd","狂飙大卡车",,,"396","0","ADX","16/4/2026 05:19:58"
"com.yinchu.tksmjd","看我奇思妙想",,,"402","0","ADX","16/4/2026 05:19:58"
"com.yingqiu001.store","懂球圈",,,"50","0","ADX","16/4/2026 05:19:58"
"com.yinhua.yu","com.yinhua.yu",,,"15","0","ADX","16/4/2026 05:19:58"
"com.yinhua.yu","樱花语",,,"79","0","ADX","16/4/2026 05:19:58"
"com.yiqi.calendar","com.yiqi.calendar",,,"61","0","ADX","16/4/2026 05:19:58"
"com.yiqiyishipro.app","com.yiqiyishipro.app","生活服务",,"19","0","ADX","16/4/2026 05:19:58"
"com.yiqiyishipro.app","一起益事","生活服务",,"5811","0","ADX","16/4/2026 05:19:58"
"com.yiruike.sodacn.android","甜盐相机",,,"75","0","ADX","16/4/2026 05:19:58"
"com.yiwan.ceping","com.yiwan.ceping","实用工具",,"33","0","ADX","16/4/2026 05:19:58"
"com.yiwan.ceping","喵享","实用工具",,"13927","0","ADX","16/4/2026 05:19:58"
"com.yiwan.ceping","喵享-安卓","实用工具",,"254","0","ADX","16/4/2026 05:19:58"
"com.yiwan.dundun","com.yiwan.dundun","居家生活",,"259","0","ADX","16/4/2026 05:19:58"
"com.yiwan.dundun","顿顿霸王餐","居家生活",,"18496","0","ADX","16/4/2026 05:19:58"
"com.yiwan.jxm","com.yiwan.jxm",,,"159","0","ADX","16/4/2026 05:19:58"
"com.yiwan.jxm","金小马",,,"12796","0","ADX","16/4/2026 05:19:58"
"com.yiye.paikebao","排课宝",,,"510","0","ADX","16/4/2026 05:19:58"
"com.yiyou.tuantuan","com.yiyou.tuantuan","居家生活",,"319","0","ADX","16/4/2026 05:19:58"
"com.yiyou.tuantuan","团团霸王餐","居家生活",,"20322","0","ADX","16/4/2026 05:19:58"
"com.yizhiprotect.passw.lvck","绿创客",,,"27","0","ADX","16/4/2026 05:19:58"
"com.yjs.aimxw","com.yjs.aimxw",,,"852","0","ADX","16/4/2026 05:19:58"
"com.yl.relaxbox","解压神器",,,"20","0","ADX","16/4/2026 05:19:58"
"com.yl.wxfs","com.yl.wxfs",,,"43","0","ADX","16/4/2026 05:19:58"
"com.yl.wxfs","微分身术",,,"659","0","ADX","16/4/2026 05:19:58"
"com.ylly.jsscxqc.mi","com.ylly.jsscxqc.mi",,,"5","0","ADX","16/4/2026 05:19:58"
"com.ylly.jsscxqc.vivo","com.ylly.jsscxqc.vivo",,,"3","0","ADX","16/4/2026 05:19:58"
"com.ylt.kssh","啃书兽",,,"139379","0","ADX","16/4/2026 05:19:58"
"com.youche.xinyu","com.youche.xinyu","移动办公",,"4","0","ADX","16/4/2026 05:19:58"
"com.youche.xinyu","鑫娱","移动办公",,"852","0","ADX","16/4/2026 05:19:58"
"com.youjing.beisudianxue","倍速点学",,,"19","0","ADX","16/4/2026 05:19:58"
"com.youju.xin","新幽剧",,,"43170","0","ADX","16/4/2026 05:19:58"
"com.youloft.calendar","com.youloft.calendar","居家生活",,"4","0","ADX","16/4/2026 05:19:58"
"com.youm.smgqyybfq","免费短剧红马精选",,,"1337","0","ADX","16/4/2026 05:19:58"
"com.youshang.kuaidi100","com.youshang.kuaidi100",,,"60906","0","ADX","16/4/2026 05:19:58"
"com.youshang.kuaidi100","快递100",,,"83905","0","ADX","16/4/2026 05:19:58"
"com.youshiguang.home","游拾光-OPPO",,,"143609","0","ADX","16/4/2026 05:19:58"
"com.youxi.spider6","com.youxi.spider6",,,"1746","0","ADX","16/4/2026 05:19:58"
"com.youxi.spider6","蜘蛛纸牌",,,"17287","0","ADX","16/4/2026 05:19:58"
"com.yqwx.yhm","com.yqwx.yhm","北京宇琪万象科技有限公司",,"575","0","ADX","16/4/2026 05:19:58"
"com.ysdq.xqys","com.ysdq.xqys","影音视听",,"3","0","ADX","16/4/2026 05:19:58"
"com.ysdq.xqys","大白影视","影音视听",,"69","0","ADX","16/4/2026 05:19:58"
"com.ysdq.xqys","小圈影视大全","影音视听",,"1928","0","ADX","16/4/2026 05:19:58"
"com.ysdqtv.iphone.client","com.ysdqTV.iphone.client",,,"76","0","ADX","16/4/2026 05:19:58"
"com.ysdqtv.iphone.client","影视大全",,,"3074","0","ADX","16/4/2026 05:19:58"
"com.ytds.llk","com.ytds.llk",,,"188","0","ADX","16/4/2026 05:19:58"
"com.ythl.rxjjqs","帽子先森奇遇记",,,"123","0","ADX","16/4/2026 05:19:58"
"com.ythl.rxjjqs","我在老城区跑酷",,,"102","0","ADX","16/4/2026 05:19:58"
"com.ythl.rxjjqs","熊猫探险计划",,,"121","0","ADX","16/4/2026 05:19:58"
"com.ythl.rxjjqs","狂飙大卡车",,,"107","0","ADX","16/4/2026 05:19:58"
"com.ythl.rxjjqs","看我奇思妙想",,,"107","0","ADX","16/4/2026 05:19:58"
"com.yuanjie.cpqy","元界测评",,,"5046","0","ADX","16/4/2026 05:19:58"
"com.yuanmengzhiyuan.ei8z.yuanmeng_app","圆梦志愿",,,"5567","0","ADX","16/4/2026 05:19:58"
"com.yuanzhi.jie","元知界",,,"2218","0","ADX","16/4/2026 05:19:58"
"com.yueman.zhan","阅漫站",,,"9848","0","ADX","16/4/2026 05:19:58"
"com.yuemu.huaquan","com.yuemu.huaquan",,,"59","0","ADX","16/4/2026 05:19:58"
"com.yuemu.huaquan","悦目画卷",,,"240","0","ADX","16/4/2026 05:19:58"
"com.yuewen.cooperate.readerfree","com.yuewen.cooperate.readerFree",,,"48777","0","ADX","16/4/2026 05:19:58"
"com.yuexiangs.app","熊猫香香",,,"43","0","ADX","16/4/2026 05:19:58"
"com.yueyou.fast","com.yueyou.fast",,,"343","0","ADX","16/4/2026 05:19:58"
"com.yueyou.fast","月鼠小说",,,"20437","0","ADX","16/4/2026 05:19:58"
"com.yufengyun.video.android","com.yufengyun.video.android","影音视听",,"6","0","ADX","16/4/2026 05:19:58"
"com.yufengyun.video.android","御风云视频","影音视听",,"1101","0","ADX","16/4/2026 05:19:58"
"com.yunixiangyu.ynxyap","与你相遇",,,"10820","0","ADX","16/4/2026 05:19:58"
"com.yunjv.jhbz","简绘桌面壁纸","未知",,"66","0","ADX","16/4/2026 05:19:58"
"com.yunjv.lxllq","com.yunjv.lxllq",,,"10","0","ADX","16/4/2026 05:19:58"
"com.yunjv.lxllq","灵犀安全浏览器",,,"1140","0","ADX","16/4/2026 05:19:58"
"com.yunjv.xxtq","星象天气预警",,,"815","0","ADX","16/4/2026 05:19:58"
"com.yunmai.scale","com.yunmai.scale",,,"52500","0","ADX","16/4/2026 05:19:58"
"com.yunmai.scale","好轻",,,"982","0","ADX","16/4/2026 05:19:58"
"com.yunshang.haile_life","com.yunshang.haile_life",,,"27","0","ADX","16/4/2026 05:19:58"
"com.yunshang.haile_life","海乐生活",,,"365","0","ADX","16/4/2026 05:19:58"
"com.yuntu.miy","com.yuntu.miy",,,"5","0","ADX","16/4/2026 05:19:58"
"com.yuntu.miy","云图秘雨",,,"110574","0","ADX","16/4/2026 05:19:58"
"com.yuntu.yijing","云图艺境",,,"5673","0","ADX","16/4/2026 05:19:58"
"com.yunxiao.hfs4p","com.yunxiao.hfs4p",,,"677","0","ADX","16/4/2026 05:19:58"
"com.yunxiao.hfs4p","好分数家长",,,"9682","0","ADX","16/4/2026 05:19:58"
"com.yunxiao.hfs4p","好分数家长版",,,"16684","0","ADX","16/4/2026 05:19:58"
"com.yunxiao.hfsparent","com.yunxiao.HFSParent",,,"61100","0","ADX","16/4/2026 05:19:58"
"com.yunxiao.hfsparent","好分数家长",,,"9274","0","ADX","16/4/2026 05:19:58"
"com.yunxiao.hfsparent","好分数家长版",,,"30836","0","ADX","16/4/2026 05:19:58"
"com.yunxiaobao.tms.driver","com.yunxiaobao.tms.driver",,,"50","0","ADX","16/4/2026 05:19:58"
"com.yunxiaobao.tms.driver","运销宝司机",,,"8969","0","ADX","16/4/2026 05:19:58"
"com.yunyi.smartcamera","YI IoT","视频监控",,"10","0","ADX","16/4/2026 05:19:58"
"com.yunyi.smartcamera","Yi iot","视频监控",,"565","0","ADX","16/4/2026 05:19:58"
"com.yunyi.smartcamera","com.yunyi.smartcamera","视频监控",,"4371","0","ADX","16/4/2026 05:19:58"
"com.yunyi.smartcamera","云蚁物联","视频监控",,"635520","0","ADX","16/4/2026 05:19:58"
"com.yunyi.smartcamera","云蚁物联-ios泛新","视频监控",,"9400","0","ADX","16/4/2026 05:19:58"
"com.yunyi.smartcamera","雲蟻物聯","视频监控",,"1787","0","ADX","16/4/2026 05:19:58"
"com.yunyong.ju","云慵短剧",,,"1757","0","ADX","16/4/2026 05:19:58"
"com.yushi.yunbang","com.yushi.yunbang",,,"4","0","ADX","16/4/2026 05:19:58"
"com.yusong.hdg-user-zheli","com.yusong.hdg-user-zheli",,,"703","0","ADX","16/4/2026 05:19:58"
"com.yvteam.screenmaker","com.yvteam.screenMaker",,,"10786","0","ADX","16/4/2026 05:19:58"
"com.yvteam.screenmaker","完美壁紙",,,"269","0","ADX","16/4/2026 05:19:58"
"com.yxrjshu.yingshidai","com.yxrjshu.yingshidai",,,"374","0","ADX","16/4/2026 05:19:58"
"com.yxrjshu.yingshidai","数影时代",,,"72582","0","ADX","16/4/2026 05:19:58"
"com.yxwl.hmsy","寰梦书苑",,,"20018","0","ADX","16/4/2026 05:19:58"
"com.yxwl.shcd","书海畅读",,,"199521","0","ADX","16/4/2026 05:19:58"
"com.yyc.mobile","com.yyc.mobile",,,"1627","0","ADX","16/4/2026 05:19:58"
"com.yyc.mobile","视优云",,,"1904","0","ADX","16/4/2026 05:19:58"
"com.yykuaile.sh","com.yykuaile.sh","图书阅读",,"80","0","ADX","16/4/2026 05:19:58"
"com.yykuaile.sh","追读小说","图书阅读",,"40947","0","ADX","16/4/2026 05:19:58"
"com.yymx.fengya","风雅",,,"10","0","ADX","16/4/2026 05:19:58"
"com.yyuyii.quickapp","宇翊",,,"78","0","ADX","16/4/2026 05:19:58"
"com.zbx.ct.tvzhibohd","com.zbx.ct.tvzhibohd",,,"13","0","ADX","16/4/2026 05:19:58"
"com.zdgd.yufglk","com.zdgd.yufglk",,,"709","0","ADX","16/4/2026 05:19:58"
"com.zdtc.eu.school","U易",,,"7398","0","ADX","16/4/2026 05:19:58"
"com.zdtc.eu.school","com.zdtc.eu.school",,,"613","0","ADX","16/4/2026 05:19:58"
"com.zdtc.ue.school","U易",,,"15195","0","ADX","16/4/2026 05:19:58"
"com.zdtc.ue.school","com.zdtc.ue.school",,,"17","0","ADX","16/4/2026 05:19:58"
"com.zebra.ichess","com.zebra.ichess",,,"7","0","ADX","16/4/2026 05:19:58"
"com.zebra.ichess","国象联盟",,,"2507","0","ADX","16/4/2026 05:19:58"
"com.zerokey","com.ZeroKey",,,"7462","0","ADX","16/4/2026 05:19:58"
"com.zerokey","com.zerokey",,,"51","0","ADX","16/4/2026 05:19:58"
"com.zerokey","乐开",,,"585","0","ADX","16/4/2026 05:19:58"
"com.zerokey","乐开元社区",,,"6665","0","ADX","16/4/2026 05:19:58"
"com.zgyingyong.xmstar7","com.zgyingyong.xmstar7",,,"1370","0","ADX","16/4/2026 05:19:58"
"com.zgyingyong.xmstar7","天天星消灭",,,"1858","0","ADX","16/4/2026 05:19:58"
"com.zgyingyong.xmstar7","星星消消消—单机版消除星星",,,"1680","0","ADX","16/4/2026 05:19:58"
"com.zhangben.xxstar","星账本",,,"20007","0","ADX","16/4/2026 05:19:58"
"com.zhangdan.ap","51信用卡管家",,,"72","0","ADX","16/4/2026 05:19:58"
"com.zhangyue.app.shortplay","薏米短剧",,,"3779","0","ADX","16/4/2026 05:19:58"
"com.zhangyue.app.shortvideo","com.zhangyue.app.shortvideo","影音视听",,"220","0","ADX","16/4/2026 05:19:58"
"com.zhangyue.app.shortvideo","袋鼠点点短视频","影音视听",,"69357","0","ADX","16/4/2026 05:19:58"
"com.zhangyue.zyireader.ireaderdejian","com.zhangyue.zyiReader.iReaderDejian","阅读工具",,"5265","0","ADX","16/4/2026 05:19:58"
"com.zhangyue.zyireader.ireaderdejian","得间免费小说_IOS","阅读工具",,"10981","0","ADX","16/4/2026 05:19:58"
"com.zhangyue.zyireader.ireaderdejian","得间小说","阅读工具",,"32136","0","ADX","16/4/2026 05:19:58"
"com.zhaoge","潮跑圈",,,"272","0","ADX","16/4/2026 05:19:58"
"com.zhaoxilu.home","朝夕录-OPPO",,,"1710","0","ADX","16/4/2026 05:19:58"
"com.zhcw.zcw","com.zhcw.zcw",,,"115802","0","ADX","16/4/2026 05:19:58"
"com.zhcw.zcw","中彩网",,,"8731","0","ADX","16/4/2026 05:19:58"
"com.zhengfeng.driverschool","com.zhengfeng.driverschool","学习教育",,"1253","0","ADX","16/4/2026 05:19:58"
"com.zhengfeng.driverschool","小乔初驾","学习教育",,"8386","0","ADX","16/4/2026 05:19:58"
"com.zhengnengliang.precepts","com.zhengnengliang.precepts",,,"59449","0","ADX","16/4/2026 05:19:58"
"com.zhengnengliang.precepts","正气",,,"319910","0","ADX","16/4/2026 05:19:58"
"com.zhihai.zhou","知海舟",,,"22034","0","ADX","16/4/2026 05:19:58"
"com.zhihuianxin.xiaozhang.campuslife","com.zhihuianxin.xiaozhang.campuslife",,,"3","0","ADX","16/4/2026 05:19:58"
"com.zhihuianxin.xiaozhang.campuslife","校园安心付",,,"209","0","ADX","16/4/2026 05:19:58"
"com.zhijianrili.wannianl","指尖日历",,,"6","0","ADX","16/4/2026 05:19:58"
"com.zhishan.washer","悠洗",,,"1493","0","ADX","16/4/2026 05:19:58"
"com.zhishu.yangyang","com.zhishu.yangyang",,,"3","0","ADX","16/4/2026 05:19:58"
"com.zhkj.yncd","云能充电",,,"108","0","ADX","16/4/2026 05:19:58"
"com.zhongkexinsheng.xiyouyingyu","xiyou英语",,,"450","0","ADX","16/4/2026 05:19:58"
"com.zhuachong.ji","爪宠记",,,"3780","0","ADX","16/4/2026 05:19:58"
"com.zhufeng.xx","遂风星象",,,"2531","0","ADX","16/4/2026 05:19:58"
"com.zitian.chat","领微",,,"1255","0","ADX","16/4/2026 05:19:58"
"com.zjrx.gamestore","com.zjrx.gamestore",,,"35","0","ADX","16/4/2026 05:19:58"
"com.zjrx.gamestore","鲸云漫游",,,"2497","0","ADX","16/4/2026 05:19:58"
"com.zjyh.home","甄聚优惠-OPPO",,,"2906","0","ADX","16/4/2026 05:19:58"
"com.zk.ykt","com.ZK.YKT",,,"9973","0","ADX","16/4/2026 05:19:58"
"com.zk.ykt","乐校通",,,"126073","0","ADX","16/4/2026 05:19:58"
"com.zmzx.college.search","com.zmzx.college.search",,,"11559","0","ADX","16/4/2026 05:19:58"
"com.zmzx.college.search","大学搜题酱",,,"270","0","ADX","16/4/2026 05:19:58"
"com.znxh.medolife","com.znxh.medolife","定位追踪",,"3124","0","ADX","16/4/2026 05:19:58"
"com.znxh.medolife","密度空间","定位追踪",,"32969","0","ADX","16/4/2026 05:19:58"
"com.znxh.medolife","密度空间iOS","定位追踪",,"2","0","ADX","16/4/2026 05:19:58"
"com.zongyi.ndoudizhu","com.zongyi.ndoudizhu",,,"356","0","ADX","16/4/2026 05:19:58"
"com.zpshuzieco.ypt","com.zpshuzieco.ypt",,,"11","0","ADX","16/4/2026 05:19:58"
"com.zpshuzieco.ypt","中品数字生态",,,"254","0","ADX","16/4/2026 05:19:58"
"com.zqccloud.diandian","点点",,,"155","0","ADX","16/4/2026 05:19:58"
"com.zqqc.yygm","百赚联盟Mini版",,,"145","0","ADX","16/4/2026 05:19:58"
"com.zs.clean","2345清理王",,,"12414","0","ADX","16/4/2026 05:19:58"
"com.zs.clean","com.zs.clean",,,"54","0","ADX","16/4/2026 05:19:58"
"com.zswx.app.ft06ab","42-掌上多多ft06ab",,,"3","0","ADX","16/4/2026 05:19:58"
"com.zswx.app.ft06ab","com.zswx.app.ft06ab",,,"380","0","ADX","16/4/2026 05:19:58"
"com.zswx.app.ft12yw","com.zswx.app.ft12yw",,,"2781","0","ADX","16/4/2026 05:19:58"
"com.zswx.app.ftsub5","42-掌上多多-ftsub5",,,"81","0","ADX","16/4/2026 05:19:58"
"com.zswx.app.ftsub5","com.zswx.app.ftsub5",,,"365","0","ADX","16/4/2026 05:19:58"
"com.zswx.app.zsdd","42-掌上多多zsdd",,,"1103","0","ADX","16/4/2026 05:19:58"
"com.zswx.app.zsdd","com.zswx.app.zsdd",,,"37","0","ADX","16/4/2026 05:19:58"
"com.zsyj.overtime","com.zsyj.overtime","效率办公",,"14","0","ADX","16/4/2026 05:19:58"
"com.zsyj.overtime","记加班","效率办公",,"7850","0","ADX","16/4/2026 05:19:58"
"com.zucaijia","足彩加","体育彩票/彩票预测",,"5115","0","ADX","16/4/2026 05:19:58"
"com.zucaijia.mainapp","com.zucaijia.mainapp",,,"359","0","ADX","16/4/2026 05:19:58"
"com.zuoyou.gudongmao","com.zuoyou.gudongmao","实用工具",,"46","0","ADX","16/4/2026 05:19:58"
"com.zuoyou.gudongmao","古董猫","实用工具",,"11866","0","ADX","16/4/2026 05:19:58"
"com.zxcv.app","云财宝极速版",,,"147","0","ADX","16/4/2026 05:19:58"
"com.zxhc.fengxun","丰郇",,,"7","0","ADX","16/4/2026 05:19:58"
"com.zxw.two.knight.photocompressmaster","com.zxw.two.knight.photocompressmaster",,,"232","0","ADX","16/4/2026 05:19:58"
"com.zy.game.painter.vivo","com.zy.game.painter.vivo",,,"2","0","ADX","16/4/2026 05:19:58"
"com.zykj.zhenghuaben","峥话本",,,"5527","0","ADX","16/4/2026 05:19:58"
"com.zysl.bzxmtsdmx","土豆奇遇记",,,"737","0","ADX","16/4/2026 05:19:58"
"com.zysl.bzxmtsdmx","帽子先森奇遇记",,,"694","0","ADX","16/4/2026 05:19:58"
"com.zysl.bzxmtsdmx","我在老城区跑酷",,,"669","0","ADX","16/4/2026 05:19:58"
"com.zysl.bzxmtsdmx","熊猫探险计划",,,"749","0","ADX","16/4/2026 05:19:58"
"com.zysl.bzxmtsdmx","狂飙大卡车",,,"659","0","ADX","16/4/2026 05:19:58"
"com.zysl.bzxmtsdmx","看我奇思妙想",,,"659","0","ADX","16/4/2026 05:19:58"
"com.zyxx.dzxl","com.zyxx.dzxl",,,"8243","0","ADX","16/4/2026 05:19:58"
"dopool.player","手机电视",,,"17","0","ADX","16/4/2026 05:19:58"
"dt.todaybrief.news","dt.todaybrief.news",,,"3","0","ADX","16/4/2026 05:19:58"
"dt.todaybrief.news","今日简讯极速版",,,"85","0","ADX","16/4/2026 05:19:58"
"emmo.smallcharge","EMMO小账本-ios",,,"87","0","ADX","16/4/2026 05:19:58"
"emmo.smallcharge","emmo.SmallCharge",,,"133","0","ADX","16/4/2026 05:19:58"
"esun500.com","500体育",,,"231","0","ADX","16/4/2026 05:19:58"
"fresh-ideas.dirtybeijing","fresh-ideas.DirtyBeijing",,,"13","0","ADX","16/4/2026 05:19:58"
"hzsx.friendcircle","HZSX.FriendCircle",,,"483","0","ADX","16/4/2026 05:19:58"
"hzsx.friendcircle","名人朋友圈",,,"52582","0","ADX","16/4/2026 05:19:58"
"ifengnews","ifengNews",,,"46460","0","ADX","16/4/2026 05:19:58"
"ifengnews","sdk iOS",,,"13","0","ADX","16/4/2026 05:19:58"
"im.btok.telegram","Btok",,,"4967","0","ADX","16/4/2026 05:19:58"
"im.btok.telegram","btok",,,"2590","0","ADX","16/4/2026 05:19:58"
"im.btok.telegram","im.btok.telegram",,,"8","0","ADX","16/4/2026 05:19:58"
"im.weshine.keyboard","KK键盘",,,"40040","0","ADX","16/4/2026 05:19:58"
"im.weshine.keyboard","im.weshine.keyboard",,,"373","0","ADX","16/4/2026 05:19:58"
"io.dcloud.ddz","网赚返利",,,"16","0","ADX","16/4/2026 05:19:58"
"io.dcloud.h5d4ec138","io.dcloud.H5D4EC138","效率办公",,"46","0","ADX","16/4/2026 05:19:58"
"io.dcloud.h5d4ec138","工时记录","效率办公",,"5724","0","ADX","16/4/2026 05:19:58"
"io.mingcescan.assist","io.mingcescan.assist",,,"18","0","ADX","16/4/2026 05:19:58"
"io.tides.app","",,,"82","0","ADX","16/4/2026 05:19:58"
"io.tides.app","io.tides.app",,,"89","0","ADX","16/4/2026 05:19:58"
"io.tides.app","潮汐表精灵",,,"4627","0","ADX","16/4/2026 05:19:58"
"io.uni.intelligent.monitoring","ZN智能监控",,,"17497","0","ADX","16/4/2026 05:19:58"
"io.uni.intelligent.monitoring","io.uni.Intelligent.monitoring",,,"12761","0","ADX","16/4/2026 05:19:58"
"jjjd.zhishu","集集鸡蛋",,,"60","0","ADX","16/4/2026 05:19:58"
"li.etc.crucio","li.etc.Crucio",,,"231","0","ADX","16/4/2026 05:19:58"
"lolaage.2bulu.zhushou","lolaage.2bulu.zhushou",,,"120629","0","ADX","16/4/2026 05:19:58"
"lolaage.2bulu.zhushou","两步路户外助手",,,"25769","0","ADX","16/4/2026 05:19:58"
"main.smart.hy","公交e出行",,,"6047","0","ADX","16/4/2026 05:19:58"
"main.yinhua.tv","音画大师-安卓",,,"39","0","ADX","16/4/2026 05:19:58"
"moc.nauxuoyoaixoaix.www","moc.nauxuoyoaixoaix.www","居家生活",,"32559","0","ADX","16/4/2026 05:19:58"
"moc.nauxuoyoaixoaix.www","晓晓优选","居家生活",,"308921","0","ADX","16/4/2026 05:19:58"
"moc.nauxuoyoaixoaix.www","晓晓优选-IOS","居家生活",,"15844","0","ADX","16/4/2026 05:19:58"
"my.beautycamera","my.beautyCamera",,,"39","0","ADX","16/4/2026 05:19:58"
"my.beautycamera","美人相机",,,"3091","0","ADX","16/4/2026 05:19:58"
"net.ajcloud.wansviewcn","net.ajcloud.wansviewcn",,,"1229","0","ADX","16/4/2026 05:19:58"
"net.ajcloud.wansviewcn","网视无忧",,,"9312","0","ADX","16/4/2026 05:19:58"
"net.chinaedu.alioth","net.chinaedu.alioth",,,"138","0","ADX","16/4/2026 05:19:58"
"net.chinaedu.alioth","学起Plus",,,"11727","0","ADX","16/4/2026 05:19:58"
"net.cnlot.lebi","net.cnlot.lebi","未知",,"3958","0","ADX","16/4/2026 05:19:58"
"net.cnlot.lebi","乐彩网","未知",,"18611","0","ADX","16/4/2026 05:19:58"
"net.ffrj.pinkwallet","可萌记账",,,"495","0","ADX","16/4/2026 05:19:58"
"net.gtc.longxianglvzhi","万千书屋",,,"998","0","ADX","16/4/2026 05:19:58"
"net.gtc.longxianglvzhi","云风阅读",,,"78","0","ADX","16/4/2026 05:19:58"
"net.huanci.hsj","net.huanci.hsj","聊天社交",,"75","0","ADX","16/4/2026 05:19:58"
"net.huanci.hsj","画世界","聊天社交",,"48963","0","ADX","16/4/2026 05:19:58"
"net.qihoo.360childsafe","360儿童卫士","安全/亲子",,"35444","0","ADX","16/4/2026 05:19:58"
"net.qihoo.360childsafe","360儿童卫士-iOS","安全/亲子",,"7","0","ADX","16/4/2026 05:19:58"
"net.qihoo.360childsafe","360儿童卫士_ios","安全/亲子",,"153","0","ADX","16/4/2026 05:19:58"
"net.qihoo.360childsafe","net.qihoo.360childsafe","安全/亲子",,"1364","0","ADX","16/4/2026 05:19:58"
"net.qihoo.360smartcamera","360Camera","监控/智能硬件",,"567616","0","ADX","16/4/2026 05:19:58"
"net.qihoo.360smartcamera","360摄像机","监控/智能硬件",,"900519","0","ADX","16/4/2026 05:19:58"
"net.qihoo.360smartcamera","360摄像机-iOS","监控/智能硬件",,"147","0","ADX","16/4/2026 05:19:58"
"net.qihoo.360smartcamera","360摄像机_iOS","监控/智能硬件",,"18756","0","ADX","16/4/2026 05:19:58"
"net.qihoo.360smartcamera","360智能摄像机","监控/智能硬件",,"32824","0","ADX","16/4/2026 05:19:58"
"net.qihoo.360smartcamera","360智能摄像机软件-iOS","监控/智能硬件",,"1980","0","ADX","16/4/2026 05:19:58"
"net.qihoo.360smartcamera","net.qihoo.360smartcamera","监控/智能硬件",,"455201","0","ADX","16/4/2026 05:19:58"
"oms.mmc.app.almanac_inland","oms.mmc.app.almanac_inland",,,"37","0","ADX","16/4/2026 05:19:58"
"oms.mmc.app.almanac_inland","老黄历万年历顺历",,,"10683","0","ADX","16/4/2026 05:19:58"
"oms.mmc.app.almanac_inland","顺历老黄历",,,"11965","0","ADX","16/4/2026 05:19:58"
"org.flashscan.docassist","org.flashscan.docassist",,,"3","0","ADX","16/4/2026 05:19:58"
"org.lightsmooth.filegem","org.lightsmooth.filegem",,,"3","0","ADX","16/4/2026 05:19:58"
"plus.h51965fsfesf30f3","悟空阅赚",,,"2965","0","ADX","16/4/2026 05:19:58"
"plus.h563ef94c","赶芒-安卓",,,"20","0","ADX","16/4/2026 05:19:58"
"puwell.ipc360","IPC360",,,"214","0","ADX","16/4/2026 05:19:58"
"puwell.ipc360","puwell.IPC360",,,"373","0","ADX","16/4/2026 05:19:58"
"qingwen.dtkj.app","qingwen.dtkj.app",,,"43","0","ADX","16/4/2026 05:19:58"
"qingwen.dtkj.app","轻闻极速版",,,"1126","0","ADX","16/4/2026 05:19:58"
"qq.com.nje3md.617050451","qq.com.NjE3MD.617050451",,,"3525","0","ADX","16/4/2026 05:19:58"
"qq.com.nje3md.617050451","唐算智校",,,"24754","0","ADX","16/4/2026 05:19:58"
"shangze.youxileyuan.qwe","7726游戏乐园",,,"257","0","ADX","16/4/2026 05:19:58"
"shix.sh365pro.camera","SH365 Pro",,,"13","0","ADX","16/4/2026 05:19:58"
"space.xinzhi.globe","三维山水全景地图","旅行交通",,"423","0","ADX","16/4/2026 05:19:58"
"space.xinzhi.map","新知卫星地图","旅行交通",,"366","0","ADX","16/4/2026 05:19:58"
"syruppppp.annualplanios","syruppppp.AnnualPlanIOS",,,"888","0","ADX","16/4/2026 05:19:58"
"tape.love","友达提问箱 - 原Tape",,,"2287","0","ADX","16/4/2026 05:19:58"
"tb.water.syds","tb.water.syds",,,"935","0","ADX","16/4/2026 05:19:58"
"tftapp.com","tftApp.com",,,"5669","0","ADX","16/4/2026 05:19:58"
"tftapp.com","天府通",,,"3816","0","ADX","16/4/2026 05:19:58"
"top.szmg.gmzs","top.szmg.gmzs",,,"34","0","ADX","16/4/2026 05:19:58"
"top.yunxiaolinghang.cjf","top.yunxiaolinghang.cjf",,,"181","0","ADX","16/4/2026 05:19:58"
"top.yunxiaolinghang.qdd","top.yunxiaolinghang.qdd",,,"43","0","ADX","16/4/2026 05:19:58"
"top.yunxiaolinghang.sgbh","top.yunxiaolinghang.sgbh",,,"63","0","ADX","16/4/2026 05:19:58"
"top.zwx.zwhd","top.zwx.zwhd",,,"60","0","ADX","16/4/2026 05:19:58"
"top.zwx.zwhd","智玩夏",,,"211","0","ADX","16/4/2026 05:19:58"
"uni.app.jiadadang","uni.app.jiadadang",,,"6","0","ADX","16/4/2026 05:19:58"
"uni.app.jiadadang","驾搭档",,,"2681","0","ADX","16/4/2026 05:19:58"
"uni.app.uni8afb7ca","链岛",,,"92","0","ADX","16/4/2026 05:19:58"
"uni.app.uni934f709","小界众帮平台",,,"22","0","ADX","16/4/2026 05:19:58"
"uni.app.uni95790ba","淘乐豆",,,"63","0","ADX","16/4/2026 05:19:58"
"uni.uni0f5fd7e","开步教育",,,"28","0","ADX","16/4/2026 05:19:58"
"uni.uni1727c8f","168网校",,,"1316","0","ADX","16/4/2026 05:19:58"
"uni.uni1ecab89","看准码",,,"562","0","ADX","16/4/2026 05:19:58"
"uni.uni1f09da6","静曦视界",,,"250","0","ADX","16/4/2026 05:19:58"
"uni.uni705ddb9","牛毛圈",,,"395","0","ADX","16/4/2026 05:19:58"
"uni.uni7862a04","青禾去水印",,,"694","0","ADX","16/4/2026 05:19:58"
"uni.uni7f03c28","龙间集市",,,"972","0","ADX","16/4/2026 05:19:58"
"uni.uni917e947","uni.UNI917E947",,,"11","0","ADX","16/4/2026 05:19:58"
"uni.uni917e947","亿享丝路",,,"590","0","ADX","16/4/2026 05:19:58"
"uni.unib42719d","传承宝",,,"3","0","ADX","16/4/2026 05:19:58"
"uni.unizlsjzs","uni.UNIZLSJZS",,,"6","0","ADX","16/4/2026 05:19:58"
"xuribiao.cn.app","圩日表",,,"131","0","ADX","16/4/2026 05:19:58"
"xyz.xtt.tongtong","xyz.xtt.tongtong",,,"75","0","ADX","16/4/2026 05:19:58"
"yebei.wukong.rty","悟空剧场",,,"2223","0","ADX","16/4/2026 05:19:58"
"yyvoice","YY","社交/语音",,"385117","0","ADX","16/4/2026 05:19:58"
"yyvoice","YY iOS","社交/语音",,"132","0","ADX","16/4/2026 05:19:58"
"yyvoice","YY直播","社交/语音",,"88925","0","ADX","16/4/2026 05:19:58"
"yyvoice","YY直播-IOS正式","社交/语音",,"105","0","ADX","16/4/2026 05:19:58"
"yyvoice","yyvoice","社交/语音",,"23931","0","ADX","16/4/2026 05:19:58"
"z846jv8g4x.com.hichip.camhi","CamHi",,,"5780","0","ADX","16/4/2026 05:19:58"
"z846jv8g4x.com.hichip.camhi","Z846JV8G4X.com.hichip.CamHi",,,"176","0","ADX","16/4/2026 05:19:58"
,,,,"1","0","ADX","16/4/2026 05:20:02"
"cc.rideal.messageboard","领导留言板","政务资讯",,"2","0","ADX","16/4/2026 05:20:02"
"cn.jagat.main","Jagat果汁iOS","聊天社交",,"1","0","ADX","16/4/2026 05:20:02"
"cn.zaker.iphone","sdk iOS",,,"1","0","ADX","16/4/2026 05:20:02"
"com.a9second.weilaixi.wlx","com.a9second.weilaixi.wlx",,,"3","0","ADX","16/4/2026 05:20:02"
"com.adriver.ozhcmnq.htd","com.adriver.ozhcmnq.htd",,,"1","0","ADX","16/4/2026 05:20:02"
"com.akspeed.jiasuqi.gameboost","com.akspeed.jiasuqi.gameboost","实用工具",,"1","0","ADX","16/4/2026 05:20:02"
"com.allhistory.dls.marble.t","com.allhistory.dls.marble.t",,,"1","0","ADX","16/4/2026 05:20:02"
"com.android.tiku.union","com.android.tiku.union",,,"1","0","ADX","16/4/2026 05:20:02"
"com.app.moontv","com.app.moontv",,,"2","0","ADX","16/4/2026 05:20:02"
"com.baidu.netdisk","专辑：考研资料","效率办公",,"1","0","ADX","16/4/2026 05:20:02"
"com.baidu.netdisk","百度网盘 222","效率办公",,"1","0","ADX","16/4/2026 05:20:02"
"com.baidu.netdisk","百度网盘-DEV","效率办公",,"1","0","ADX","16/4/2026 05:20:02"
"com.baidu.netdisk.2","百度网盘2",,,"1","0","ADX","16/4/2026 05:20:02"
"com.barmak.client.fast","com.barmak.client.fast",,,"1","0","ADX","16/4/2026 05:20:02"
"com.bbl.xiangdong","com.bbl.xiangdong",,,"1","0","ADX","16/4/2026 05:20:02"
"com.benqumark.kuaimeikuaizhuanglite","无他测试",,,"3","0","ADX","16/4/2026 05:20:02"
"com.biantian.htzx","com.biantian.htzx",,,"1","0","ADX","16/4/2026 05:20:02"
"com.biantian.htzx","土豆奇遇记",,,"9","0","ADX","16/4/2026 05:20:02"
"com.biantian.htzx","帽子先森奇遇记",,,"5","0","ADX","16/4/2026 05:20:02"
"com.biantian.htzx","我在老城区跑酷",,,"36","0","ADX","16/4/2026 05:20:02"
"com.biantian.htzx","狂飙大卡车",,,"5","0","ADX","16/4/2026 05:20:02"
"com.bijian.reader_xxxxx","com.bijian.reader_xxxxx","阅读工具",,"1","0","ADX","16/4/2026 05:20:02"
"com.chipsea.btweigh","OK刘佳",,,"1","0","ADX","16/4/2026 05:20:02"
"com.chongchong.utils","com.chongchong.utils",,,"10","0","ADX","16/4/2026 05:20:02"
"com.chun.shuoz","com.chun.shuoz",,,"1","0","ADX","16/4/2026 05:20:02"
"com.chuyouji.home","com.chuyouji.home",,,"1","0","ADX","16/4/2026 05:20:02"
"com.cyw.cysq","创悠社区",,,"1","0","ADX","16/4/2026 05:20:02"
"com.dacty.liogl","萌萌短剧-251105",,,"1","0","ADX","16/4/2026 05:20:02"
"com.daishu.jibu","com.daishu.jibu",,,"1","0","ADX","16/4/2026 05:20:02"
"com.dd.llattic","com.dd.llattic",,,"1","0","ADX","16/4/2026 05:20:02"
"com.demi.android.phone","com.demi.android.phone",,,"1","0","ADX","16/4/2026 05:20:02"
"com.diff.rent","com.diff.rent",,,"1","0","ADX","16/4/2026 05:20:02"
"com.dongqingjcsp.jcdqxr","冬青影评",,,"1","0","ADX","16/4/2026 05:20:02"
"com.dt.ttzs","com.dt.ttzs",,,"1","0","ADX","16/4/2026 05:20:02"
"com.ecook.bible","com.ecook.bible",,,"5","0","ADX","16/4/2026 05:20:02"
"com.esread.sunflowerstudent","com.esread.sunflowerstudent",,,"1","0","ADX","16/4/2026 05:20:02"
"com.fcbox.hiveconsumer","丰巢 2","时尚购物",,"1","0","ADX","16/4/2026 05:20:02"
"com.fec.zdlhq","com.fec.zdlhq",,,"1","0","ADX","16/4/2026 05:20:02"
"com.fyg.home","风语阁-OPPO",,,"1","0","ADX","16/4/2026 05:20:02"
"com.gna.weif","1852微分身多开",,,"1","0","ADX","16/4/2026 05:20:02"
"com.gp.tank.ios","com.gp.tank.ios",,,"3","0","ADX","16/4/2026 05:20:02"
"com.gstonegames.gstone","sdk iOS",,,"1","0","ADX","16/4/2026 05:20:02"
"com.gtwl.sgbh","com.gtwl.sgbh",,,"2","0","ADX","16/4/2026 05:20:02"
"com.guroads.app.zhituxing","智图星",,,"1","0","ADX","16/4/2026 05:20:02"
"com.hagen.imageps","com.hagen.imageps",,,"1","0","ADX","16/4/2026 05:20:02"
"com.hailong","com.hailong",,,"1","0","ADX","16/4/2026 05:20:02"
"com.hf","com.hf",,,"22","0","ADX","16/4/2026 05:20:02"
"com.htzzj.mmzls.tg","com.htzzj.mmzls.tg",,,"4","0","ADX","16/4/2026 05:20:02"
"com.huanlingnj.tuqusz","com.huanlingnj.tuqusz",,,"1","0","ADX","16/4/2026 05:20:02"
"com.huomaonox.app","com.huomaonox.app",,,"1","0","ADX","16/4/2026 05:20:02"
"com.ihaozhuo.youjiankang","com.ihaozhuo.youjiankang",,,"6","0","ADX","16/4/2026 05:20:02"
"com.inapp.cross.stitch.cn","com.inapp.cross.stitch.cn",,,"1","0","ADX","16/4/2026 05:20:02"
"com.itingshu.hearbook","com.itingshu.hearbook",,,"1","0","ADX","16/4/2026 05:20:02"
"com.jiewang.ztbz.a575a2791dcd241938e25a847277b9c60","com.jiewang.ztbz.a575a2791dcd241938e25a847277b9c60",,,"1","0","ADX","16/4/2026 05:20:02"
"com.jiewang.ztbz.b076083ff7102443b94c4a234ce7ea443","com.jiewang.ztbz.b076083ff7102443b94c4a234ce7ea443",,,"1","0","ADX","16/4/2026 05:20:02"
"com.jiewang.ztbz.b2354b5f494654078a9716715995e3fed","com.jiewang.ztbz.b2354b5f494654078a9716715995e3fed",,,"1","0","ADX","16/4/2026 05:20:02"
"com.jiewang.ztbz.c6ef7ffa75690468cb6c53aa6d2b83de7","com.jiewang.ztbz.c6ef7ffa75690468cb6c53aa6d2b83de7",,,"1","0","ADX","16/4/2026 05:20:02"
"com.jiewang.ztbz.cee65835df2644a71808b9c8f3d99955a","com.jiewang.ztbz.cee65835df2644a71808b9c8f3d99955a",,,"2","0","ADX","16/4/2026 05:20:02"
"com.jiewang.ztbz.d4d060ba751b7457b9b02119473b706bb","com.jiewang.ztbz.d4d060ba751b7457b9b02119473b706bb",,,"1","0","ADX","16/4/2026 05:20:02"
"com.jiewang.ztbz.dfda02265309d46ceb1004523d48b7d5b","com.jiewang.ztbz.dfda02265309d46ceb1004523d48b7d5b",,,"3","0","ADX","16/4/2026 05:20:02"
"com.jiewang.ztbz.h20af5a64812b45dcadc37ad9dca9a78a","com.jiewang.ztbz.h20af5a64812b45dcadc37ad9dca9a78a",,,"2","0","ADX","16/4/2026 05:20:02"
"com.jiewang.ztbz.h8e8739f1e4be49a7b1b3a4231f90cec0","com.jiewang.ztbz.h8e8739f1e4be49a7b1b3a4231f90cec0",,,"1","0","ADX","16/4/2026 05:20:02"
"com.jiewang.ztbz.jdcb33f8055d24740845a70638c1d7bd9","com.jiewang.ztbz.jdcb33f8055d24740845a70638c1d7bd9",,,"1","0","ADX","16/4/2026 05:20:02"
"com.jiewang.ztbz.k7851da5f081b44aebd40db3efc2029ac","com.jiewang.ztbz.k7851da5f081b44aebd40db3efc2029ac",,,"2","0","ADX","16/4/2026 05:20:02"
"com.jiewang.ztbz.k8f69da25d86a48db9998ce7e67608a44","com.jiewang.ztbz.k8f69da25d86a48db9998ce7e67608a44",,,"1","0","ADX","16/4/2026 05:20:02"
"com.jiewang.ztbz.ke4734033fabd48bfae55e802724127a4","com.jiewang.ztbz.ke4734033fabd48bfae55e802724127a4",,,"1","0","ADX","16/4/2026 05:20:02"
"com.jiewang.ztbz.lde8a711c0a4b44e29f82065b7f050f24","com.jiewang.ztbz.lde8a711c0a4b44e29f82065b7f050f24",,,"1","0","ADX","16/4/2026 05:20:02"
"com.jiewang.ztbz.me6886c24e8544563947eeb348eaa75d4","com.jiewang.ztbz.me6886c24e8544563947eeb348eaa75d4",,,"1","0","ADX","16/4/2026 05:20:02"
"com.jiewang.ztbz.ne957e6cc2d6f45b598300a3c205dec9b","com.jiewang.ztbz.ne957e6cc2d6f45b598300a3c205dec9b",,,"1","0","ADX","16/4/2026 05:20:02"
"com.jiewang.ztbz.nfb3ea2112cce4aa5a61bd3d6b6992dac","com.jiewang.ztbz.nfb3ea2112cce4aa5a61bd3d6b6992dac",,,"1","0","ADX","16/4/2026 05:20:02"
"com.jiewang.ztbz.r4b35f1efaeac4ab8a132f966a2e73220","com.jiewang.ztbz.r4b35f1efaeac4ab8a132f966a2e73220",,,"1","0","ADX","16/4/2026 05:20:02"
"com.jiewang.ztbz.ub8efa9a9402640659c4d1de720eb22af","com.jiewang.ztbz.ub8efa9a9402640659c4d1de720eb22af",,,"4","0","ADX","16/4/2026 05:20:02"
"com.jiewang.ztbz.ubdc261ef0b0148159a2d8f8785eef5b2","com.jiewang.ztbz.ubdc261ef0b0148159a2d8f8785eef5b2",,,"1","0","ADX","16/4/2026 05:20:02"
"com.jiewang.ztbz.x04fc289a8d454bbea875ae8da81bb4a5","com.jiewang.ztbz.x04fc289a8d454bbea875ae8da81bb4a5",,,"1","0","ADX","16/4/2026 05:20:02"
"com.jiewang.ztbz.x8920255302f346e1aecbccb04ae76ecd","com.jiewang.ztbz.x8920255302f346e1aecbccb04ae76ecd",,,"1","0","ADX","16/4/2026 05:20:02"
"com.jiewang.ztbz.y15c13e5b8adf4b4e9ee569d38c222702","com.jiewang.ztbz.y15c13e5b8adf4b4e9ee569d38c222702",,,"1","0","ADX","16/4/2026 05:20:02"
"com.jiewang.ztbz.z2a087f513deb440ea2ff07887315c367","com.jiewang.ztbz.z2a087f513deb440ea2ff07887315c367",,,"2","0","ADX","16/4/2026 05:20:02"
"com.jiewang.ztbz.zae6c959b4c394796a324c53b4b840d23","com.jiewang.ztbz.zae6c959b4c394796a324c53b4b840d23",,,"1","0","ADX","16/4/2026 05:20:02"
"com.jingzhixing.fj.la893f12be05447f19ed16d4dcc8b0b5c","com.jingzhixing.fj.la893f12be05447f19ed16d4dcc8b0b5c",,,"2","0","ADX","16/4/2026 05:20:02"
"com.jingzhixing.fj.r0e14df85e226443f8eced62379876043","com.jingzhixing.fj.r0e14df85e226443f8eced62379876043",,,"1","0","ADX","16/4/2026 05:20:02"
"com.jingzhixing.xallq.n069e1d9af07f474aa6927012b46f3035","com.jingzhixing.xallq.n069e1d9af07f474aa6927012b46f3035",,,"1","0","ADX","16/4/2026 05:20:02"
"com.jingzhixing.yzl.f114090e9e3e2481391dc4ace9e884f31","com.jingzhixing.yzl.f114090e9e3e2481391dc4ace9e884f31",,,"1","0","ADX","16/4/2026 05:20:02"
"com.jjwxc.reader","com.jjwxc.reader",,,"1","0","ADX","16/4/2026 05:20:02"
"com.journeyui.globalsearch","com.journeyui.globalsearch",,,"3","0","ADX","16/4/2026 05:20:02"
"com.jsnkj.qmxy","com.jsnkj.qmxy",,,"1","0","ADX","16/4/2026 05:20:02"
"com.kedang.xingfenstore","com.kedang.xingfenStore",,,"2","0","ADX","16/4/2026 05:20:02"
"com.kgjoys.lcxx","com.kgjoys.lcxx",,,"3","0","ADX","16/4/2026 05:20:02"
"com.koala.xiaoyexb","com.koala.xiaoyexb",,,"2","0","ADX","16/4/2026 05:20:02"
"com.kt.hksm","com.kt.hksm",,,"2","0","ADX","16/4/2026 05:20:02"
"com.kunshan.main","com.kunshan.main","其他|综合社区/论坛",,"1","0","ADX","16/4/2026 05:20:02"
"com.ldz.watermark","com.ldz.watermark",,,"1","0","ADX","16/4/2026 05:20:02"
"com.lehuoapp.mm","com.lehuoapp.mm",,,"2","0","ADX","16/4/2026 05:20:02"
"com.leiman.baoliangmao","com.leiman.baoliangmao",,,"2","0","ADX","16/4/2026 05:20:02"
"com.lenchi.yyhzjzpd","土豆奇遇记",,,"7","0","ADX","16/4/2026 05:20:02"
"com.lenchi.yyhzjzpd","帽子先森奇遇记",,,"5","0","ADX","16/4/2026 05:20:02"
"com.lenchi.yyhzjzpd","我在老城区跑酷",,,"4","0","ADX","16/4/2026 05:20:02"
"com.lenchi.yyhzjzpd","熊猫探险计划",,,"4","0","ADX","16/4/2026 05:20:02"
"com.lenchi.yyhzjzpd","狂飙大卡车",,,"7","0","ADX","16/4/2026 05:20:02"
"com.lenchi.yyhzjzpd","看我奇思妙想",,,"7","0","ADX","16/4/2026 05:20:02"
"com.lenchi.yykcdtz","土豆奇遇记",,,"147","0","ADX","16/4/2026 05:20:02"
"com.lenchi.yykcdtz","帽子先森奇遇记",,,"135","0","ADX","16/4/2026 05:20:02"
"com.lenchi.yykcdtz","我在老城区跑酷",,,"142","0","ADX","16/4/2026 05:20:02"
"com.lenchi.yykcdtz","熊猫探险计划",,,"113","0","ADX","16/4/2026 05:20:02"
"com.lenchi.yykcdtz","狂飙大卡车",,,"161","0","ADX","16/4/2026 05:20:02"
"com.lenchi.yykcdtz","看我奇思妙想",,,"127","0","ADX","16/4/2026 05:20:02"
"com.lepao.lptiyu.46","步道乐跑",,,"1","0","ADX","16/4/2026 05:20:02"
"com.lg.lhb","com.lg.lhb","休闲益智游戏",,"1","0","ADX","16/4/2026 05:20:02"
"com.lg.youbao.one","com.lg.youbao.one","游戏工具",,"1","0","ADX","16/4/2026 05:20:02"
"com.lh","com.lh",,,"1","0","ADX","16/4/2026 05:20:02"
"com.lijicheng.jmdd","com.lijicheng.jmdd",,,"3","0","ADX","16/4/2026 05:20:02"
"com.liubowang.fengshuicompass","com.liubowang.fengshuicompass",,,"1","0","ADX","16/4/2026 05:20:02"
"com.lixiangdong.audioextrator","com.lixiangdong.audioextrator","音乐制作|其他",,"1","0","ADX","16/4/2026 05:20:02"
"com.lrwl.xcbh","com.lrwl.xcbh",,,"1","0","ADX","16/4/2026 05:20:02"
"com.maoying.clockdesktop","com.maoying.clockdesktop",,,"1","0","ADX","16/4/2026 05:20:02"
"com.mating.jztq.ea21b333f331b459285e7df6a0ab71c36","com.mating.jztq.ea21b333f331b459285e7df6a0ab71c36",,,"1","0","ADX","16/4/2026 05:20:02"
"com.mating.jztq.fc809a31ff8bb4ace8ed12b7afad0ca79","com.mating.jztq.fc809a31ff8bb4ace8ed12b7afad0ca79",,,"1","0","ADX","16/4/2026 05:20:02"
"com.mating.jztq.je854218f07b645829255e50c8a5dbe4f","com.mating.jztq.je854218f07b645829255e50c8a5dbe4f",,,"1","0","ADX","16/4/2026 05:20:02"
"com.mating.jztq.lcfdeaaf96713412e8f3b94eea55f194b","com.mating.jztq.lcfdeaaf96713412e8f3b94eea55f194b",,,"1","0","ADX","16/4/2026 05:20:02"
"com.mating.jztq.m8e03afed476849359e753fa8ba8912d1","com.mating.jztq.m8e03afed476849359e753fa8ba8912d1",,,"2","0","ADX","16/4/2026 05:20:02"
"com.mating.jztq.n3f4a32812a4146f28f86955be0927eea","com.mating.jztq.n3f4a32812a4146f28f86955be0927eea",,,"1","0","ADX","16/4/2026 05:20:02"
"com.mating.jztq.od491da5473864ab19e70b214ad02fda4","com.mating.jztq.od491da5473864ab19e70b214ad02fda4",,,"1","0","ADX","16/4/2026 05:20:02"
"com.mating.jztq.r0e8e6c8a7a384598b52dc7881bb8cbd6","com.mating.jztq.r0e8e6c8a7a384598b52dc7881bb8cbd6",,,"1","0","ADX","16/4/2026 05:20:02"
"com.mating.jztq.tfdeae8d9367f4425892fa7bc487b2773","com.mating.jztq.tfdeae8d9367f4425892fa7bc487b2773",,,"1","0","ADX","16/4/2026 05:20:02"
"com.mating.jztq.ub4f1a44a52f24a5eaf9d14ed2175df03","com.mating.jztq.ub4f1a44a52f24a5eaf9d14ed2175df03",,,"1","0","ADX","16/4/2026 05:20:02"
"com.mating.jztq.v421e54048f274673b2b1337f130d83ce","com.mating.jztq.v421e54048f274673b2b1337f130d83ce",,,"3","0","ADX","16/4/2026 05:20:02"
"com.mating.jztq.xb42462b42b8d43fe81846b200b28febc","com.mating.jztq.xb42462b42b8d43fe81846b200b28febc",,,"1","0","ADX","16/4/2026 05:20:02"
"com.mating.sygj","com.mating.sygj",,,"3","0","ADX","16/4/2026 05:20:02"
"com.mating.sygj.d18f263daa9a54a869725da10d5c31d57","com.mating.sygj.d18f263daa9a54a869725da10d5c31d57",,,"1","0","ADX","16/4/2026 05:20:02"
"com.mating.sygj.e632d6690e8a2460797157022a0490122","com.mating.sygj.e632d6690e8a2460797157022a0490122",,,"1","0","ADX","16/4/2026 05:20:02"
"com.mating.sygj.h7e4ed04c11984b909a6b2bc888f222f7","com.mating.sygj.h7e4ed04c11984b909a6b2bc888f222f7",,,"2","0","ADX","16/4/2026 05:20:02"
"com.mating.sygj.la5fe839b0ddf46b68c96619788a3f0ae","com.mating.sygj.la5fe839b0ddf46b68c96619788a3f0ae",,,"1","0","ADX","16/4/2026 05:20:02"
"com.mating.sygj.lecdcf1ebf0374153a3bb7ebf0616b9c6","com.mating.sygj.lecdcf1ebf0374153a3bb7ebf0616b9c6",,,"1","0","ADX","16/4/2026 05:20:02"
"com.mating.sygj.mf23ded82db214fe286b013c4e658b26b","com.mating.sygj.mf23ded82db214fe286b013c4e658b26b",,,"2","0","ADX","16/4/2026 05:20:02"
"com.mating.sygj.o4486b59ed9aa4c10adcd077230d62e9b","com.mating.sygj.o4486b59ed9aa4c10adcd077230d62e9b",,,"1","0","ADX","16/4/2026 05:20:02"
"com.mating.sygj.o5f9a2ea69b2f407688a9b6e228afe4bb","com.mating.sygj.o5f9a2ea69b2f407688a9b6e228afe4bb",,,"4","0","ADX","16/4/2026 05:20:02"
"com.mating.sygj.q2e1224e3f3e94dce85edf3e653068f34","com.mating.sygj.q2e1224e3f3e94dce85edf3e653068f34",,,"3","0","ADX","16/4/2026 05:20:02"
"com.mating.sygj.tf97bf9eb24ed4e1c988135fbb361210a","com.mating.sygj.tf97bf9eb24ed4e1c988135fbb361210a",,,"1","0","ADX","16/4/2026 05:20:02"
"com.mating.sygj.wb3db033eb6fc4d62b2dc7b2a930308ba","com.mating.sygj.wb3db033eb6fc4d62b2dc7b2a930308ba",,,"1","0","ADX","16/4/2026 05:20:02"
"com.mating.sygj.x588fe03843b14eba9ba3849c595e9cb4","com.mating.sygj.x588fe03843b14eba9ba3849c595e9cb4",,,"1","0","ADX","16/4/2026 05:20:02"
"com.mating.sygj.y4d3f0d68fb3e42ff8bbb1e59d4735854","com.mating.sygj.y4d3f0d68fb3e42ff8bbb1e59d4735854",,,"3","0","ADX","16/4/2026 05:20:02"
"com.meitu.mtxx","mtxx",,,"1","0","ADX","16/4/2026 05:20:02"
"com.meta.backroom.topocean","com.meta.backroom.topocean",,,"1","0","ADX","16/4/2026 05:20:02"
"com.mianfeizs.book","com.mianfeizs.book",,,"2","0","ADX","16/4/2026 05:20:02"
"com.mozhe.pome","sdk iOS","聊天社交",,"1","0","ADX","16/4/2026 05:20:02"
"com.msgsender.io.cxsh","com.MsgSender.io.cxsh",,,"2","0","ADX","16/4/2026 05:20:02"
"com.newcapec.mobile.ncp","完美校园IOS","学习教育",,"3","0","ADX","16/4/2026 05:20:02"
"com.niulanshan","com.niulanshan",,,"1","0","ADX","16/4/2026 05:20:02"
"com.njjh.fmyj","com.njjh.fmyj",,,"1","0","ADX","16/4/2026 05:20:02"
"com.ntyy.wifi.everyday","com.ntyy.wifi.everyday",,,"1","0","ADX","16/4/2026 05:20:02"
"com.okooo.st.ticai","com.okooo.st.ticai",,,"3","0","ADX","16/4/2026 05:20:02"
"com.pinhoop.pinhoop","品呼",,,"8","0","ADX","16/4/2026 05:20:02"
"com.qianguo.qgenjoy","com.qianguo.qgenjoy","教育/考试测评",,"1","0","ADX","16/4/2026 05:20:02"
"com.qihoo.browser","com.qihoo.browser",,,"1","0","ADX","16/4/2026 05:20:02"
"com.qingyue.xsqy","com.qingyue.xsqy",,,"1","0","ADX","16/4/2026 05:20:02"
"com.qwer.util","com.qwer.util",,,"1","0","ADX","16/4/2026 05:20:02"
"com.qxm.quxiaomiao","com.qxm.quxiaomiao",,,"1","0","ADX","16/4/2026 05:20:02"
"com.rd.tengfei.bdnotification","com.rd.tengfei.bdnotification",,,"1","0","ADX","16/4/2026 05:20:02"
"com.renta.lovespeech","com.renta.lovespeech",,,"3","0","ADX","16/4/2026 05:20:02"
"com.safeluck.net.classroom","com.safeluck.net.classroom",,,"1","0","ADX","16/4/2026 05:20:02"
"com.sail.pp","com.sail.pp",,,"5","0","ADX","16/4/2026 05:20:02"
"com.shineyie.aijianji","com.shineyie.aijianji",,,"1","0","ADX","16/4/2026 05:20:02"
"com.shiwuji.home","食悟集-OPPO",,,"1","0","ADX","16/4/2026 05:20:02"
"com.shuke.shanxin.shanxin","com.shuke.shanxin.shanxin",,,"1","0","ADX","16/4/2026 05:20:02"
"com.shulu.ntgf.a91dae77ba53c4df987973ab4f5f12b46","com.shulu.ntgf.a91dae77ba53c4df987973ab4f5f12b46",,,"1","0","ADX","16/4/2026 05:20:02"
"com.shulu.ntgf.cceda8c021abd4dfab14bde058caf065b","com.shulu.ntgf.cceda8c021abd4dfab14bde058caf065b",,,"1","0","ADX","16/4/2026 05:20:02"
"com.shulu.ntgf.d9c39e504444f4befbc9cd8cf4a0f0d2a","com.shulu.ntgf.d9c39e504444f4befbc9cd8cf4a0f0d2a",,,"1","0","ADX","16/4/2026 05:20:02"
"com.shulu.ntgf.e20a944237cbf45f89bc02749a1b81dca","com.shulu.ntgf.e20a944237cbf45f89bc02749a1b81dca",,,"1","0","ADX","16/4/2026 05:20:02"
"com.shulu.ntgf.ea5f4f3a935de43f3a4e9b9e90e6b6ed4","com.shulu.ntgf.ea5f4f3a935de43f3a4e9b9e90e6b6ed4",,,"5","0","ADX","16/4/2026 05:20:02"
"com.shulu.ntgf.eb3300f1858a940ab8031a695a751db9a","com.shulu.ntgf.eb3300f1858a940ab8031a695a751db9a",,,"1","0","ADX","16/4/2026 05:20:02"
"com.shulu.ntgf.fb2e9b97e3b804e44b3031a8e247fb4f8","com.shulu.ntgf.fb2e9b97e3b804e44b3031a8e247fb4f8",,,"1","0","ADX","16/4/2026 05:20:02"
"com.shulu.ntgf.h39e426d1c048453fb9488f5d336c1984","com.shulu.ntgf.h39e426d1c048453fb9488f5d336c1984",,,"1","0","ADX","16/4/2026 05:20:02"
"com.shulu.ntgf.h82391f4c23c24c1fa771f1e33b06565c","com.shulu.ntgf.h82391f4c23c24c1fa771f1e33b06565c",,,"1","0","ADX","16/4/2026 05:20:02"
"com.shulu.ntgf.m2a6cc8078b574ceaa66095feea46877f","com.shulu.ntgf.m2a6cc8078b574ceaa66095feea46877f",,,"1","0","ADX","16/4/2026 05:20:02"
"com.shulu.ntgf.vc19d558a3e2744f391d748dfd28f9aeb","com.shulu.ntgf.vc19d558a3e2744f391d748dfd28f9aeb",,,"2","0","ADX","16/4/2026 05:20:02"
"com.sina.mail.free","com.sina.mail.free","邮箱",,"3","0","ADX","16/4/2026 05:20:02"
"com.smartisan.notes","锤子便签-安卓",,,"3","0","ADX","16/4/2026 05:20:02"
"com.srnr.nmtt","com.srnr.nmtt",,,"1","0","ADX","16/4/2026 05:20:02"
"com.ssydance.xiang","com.ssydance.xiang",,,"1","0","ADX","16/4/2026 05:20:02"
"com.sunland.yccloudpark","com.sunland.yccloudpark","旅行交通",,"1","0","ADX","16/4/2026 05:20:02"
"com.sxwl.xiazi.chsp","com.sxwl.xiazi.chsp","影音娱乐/视频",,"1","0","ADX","16/4/2026 05:20:02"
"com.tasty.food.restaurant.diary.simulate.cook.games","com.tasty.food.restaurant.diary.simulate.cook.games",,,"2","0","ADX","16/4/2026 05:20:02"
"com.tencent.qqmusic","com.tencent.qqmusic",,,"1","0","ADX","16/4/2026 05:20:02"
"com.ting.jiuli","com.ting.jiuli",,,"1","0","ADX","16/4/2026 05:20:02"
"com.tqqyewm","com.tqqyewm",,,"1","0","ADX","16/4/2026 05:20:02"
"com.usts.englishlearning","com.usts.englishlearning",,,"1","0","ADX","16/4/2026 05:20:02"
"com.wakeup.schedule","com.wakeup.schedule",,,"1","0","ADX","16/4/2026 05:20:02"
"com.wedobest.szhrd","com.wedobest.szhrd","益智休闲/烧脑解谜",,"1","0","ADX","16/4/2026 05:20:02"
"com.xekcwd.pdyogaqcee","com.xekcwd.pdyogaqcee",,,"5","0","ADX","16/4/2026 05:20:02"
"com.xgbz.quickapp","喜果壁纸",,,"1","0","ADX","16/4/2026 05:20:02"
"com.xili.pic","睎理",,,"1","0","ADX","16/4/2026 05:20:02"
"com.xinmang.guitar.tuner","com.xinmang.guitar.tuner",,,"1","0","ADX","16/4/2026 05:20:02"
"com.xplaygame.swtwjszz.vivo","com.xplaygame.swtwjszz.vivo",,,"1","0","ADX","16/4/2026 05:20:02"
"com.xxmaoxian.www","鸿浩之志",,,"2","0","ADX","16/4/2026 05:20:02"
"com.xz.yuzemi","com.xz.yuzemi",,,"1","0","ADX","16/4/2026 05:20:02"
"com.yiruike.sodacn.android","com.yiruike.sodacn.android",,,"1","0","ADX","16/4/2026 05:20:02"
"com.yuanzheng","com.yuanzheng",,,"1","0","ADX","16/4/2026 05:20:02"
"com.yunjv.xxtq.d8ab112fd3dc84d86a834617b96e900e2","com.yunjv.xxtq.d8ab112fd3dc84d86a834617b96e900e2",,,"2","0","ADX","16/4/2026 05:20:02"
"com.yuntu.yijing","com.yuntu.yijing",,,"2","0","ADX","16/4/2026 05:20:02"
"com.yunyong.ju","com.yunyong.ju",,,"1","0","ADX","16/4/2026 05:20:02"
"com.yxwl.shcd","com.yxwl.shcd",,,"1","0","ADX","16/4/2026 05:20:02"
"com.yzl.meta","com.yzl.meta",,,"1","0","ADX","16/4/2026 05:20:02"
"com.zane","com.zane",,,"1","0","ADX","16/4/2026 05:20:02"
"com.zayangshenghuo.zayang","com.zayangshenghuo.zayang",,,"1","0","ADX","16/4/2026 05:20:02"
"com.zn.zhihuidc.znlygame","com.zn.zhihuidc.znlygame",,,"1","0","ADX","16/4/2026 05:20:02"
"com.zqqc.yygm","com.zqqc.yygm",,,"2","0","ADX","16/4/2026 05:20:02"
"com.zswx.app.ft12yw","马上盈福气版",,,"1","0","ADX","16/4/2026 05:20:02"
"com.zucaijia","com.zucaijia","体育彩票/彩票预测",,"3","0","ADX","16/4/2026 05:20:02"
"com.zucaijia.mainapp","足彩加-FBL",,,"1","0","ADX","16/4/2026 05:20:02"
"com.zxcv.app","com.zxcv.app",,,"1","0","ADX","16/4/2026 05:20:02"
"esun500.com","esun500.com",,,"1","0","ADX","16/4/2026 05:20:02"
"io.swiftscan.scanassist","io.swiftscan.scanassist",,,"1","0","ADX","16/4/2026 05:20:02"
"jjjd.zhishu","jjjd.zhishu",,,"1","0","ADX","16/4/2026 05:20:02"
"sms.activate","sms.activate",,,"29","0","ADX","16/4/2026 05:20:02"
"space.xinzhi.globe","space.xinzhi.globe","旅行交通",,"1","0","ADX","16/4/2026 05:20:02"
"space.xinzhi.map","space.xinzhi.map","旅行交通",,"2","0","ADX","16/4/2026 05:20:02"
"sread.jyhc.faster","sread.jyhc.faster",,,"1","0","ADX","16/4/2026 05:20:02"
"superfreeze.tool.android","superfreeze.tool.android",,,"2","0","ADX","16/4/2026 05:20:02"
"uni.app.uni18028dd","买不丸",,,"1","0","ADX","16/4/2026 05:20:02"
"uni.uni7862a04","uni.UNI7862A04",,,"1","0","ADX","16/4/2026 05:20:02"
"voice.cherries.animal.otter","voice.cherries.animal.otter",,,"1","0","ADX","16/4/2026 05:20:02"
"xyz.longweikj.jjdh","掘金大亨",,,"1","0","ADX","16/4/2026 05:20:02"
